-- 012_seed_stories.up.sql
-- 50 оригинальных фанфиков.

DO $$
DECLARE
    v_author_id BIGINT;
BEGIN
    SELECT id INTO v_author_id FROM users WHERE email = 'author@gmail.com';
    IF v_author_id IS NULL THEN
        RAISE EXCEPTION 'Автор % не найден — создайте пользователя перед миграцией', 'author@gmail.com';
    END IF;

    -- [1] Восьмой курс (harry-potter)
    INSERT INTO stories (id, slug, title, status, author_id, ai_summary, created_at, updated_at) VALUES (
        'a447bc05-65a3-5e7b-8fee-a9dea0e3608e', 'hp-vosmoy-kurs', 'Восьмой курс', 'published', v_author_id, 'После войны Гермиона возвращается в Хогвартс, чтобы доучиться. Замок цел, но тишина в нём звучит совсем иначе, чем прежде.',
        '2026-04-19T12:00:00+00:00', '2026-05-19T12:00:00+00:00');
    INSERT INTO story_tags (story_id, tag_id) VALUES ('a447bc05-65a3-5e7b-8fee-a9dea0e3608e', '10000001-0001-4001-8001-000000000001');
    INSERT INTO story_tags (story_id, tag_id) VALUES ('a447bc05-65a3-5e7b-8fee-a9dea0e3608e', '10000004-0004-4004-8004-000000000002');
    INSERT INTO story_tags (story_id, tag_id) VALUES ('a447bc05-65a3-5e7b-8fee-a9dea0e3608e', '10000005-0005-4005-8005-000000000003');
    INSERT INTO story_tags (story_id, tag_id) VALUES ('a447bc05-65a3-5e7b-8fee-a9dea0e3608e', '10000006-0006-4006-8006-000000000001');
    INSERT INTO story_tags (story_id, tag_id) VALUES ('a447bc05-65a3-5e7b-8fee-a9dea0e3608e', '10000002-0002-4002-8002-000000000001');
    INSERT INTO story_tags (story_id, tag_id) VALUES ('a447bc05-65a3-5e7b-8fee-a9dea0e3608e', '10000002-0002-4002-8002-000000000004');
    INSERT INTO chapters (id, story_id, title, content, draft_title, draft_content, status, created_at, updated_at) VALUES (
        'b1836253-8ab6-51da-8216-7614e5660c7c', 'a447bc05-65a3-5e7b-8fee-a9dea0e3608e', 'Поезд, который вернулся', 'Хогвартс-экспресс отходил от платформы девять и три четверти ровно в одиннадцать, как и всегда, и всё же Гермиона не могла отделаться от ощущения, что едет в другой поезд. Тот, прежний, возил её к приключениям. Этот вёз к чему-то более трудному — к обыкновенной жизни, которую предстояло заново научиться жить.

Она нашла свободное купе ближе к хвосту состава и села у окна. За стеклом проплывали лондонские крыши, потом потянулись поля, мокрые от утреннего дождя. Гермиона достала книгу по нумерологии, открыла её и через минуту поняла, что читает один и тот же абзац в третий раз. Слова не складывались в смысл. Слишком много мыслей толпилось в голове, и все они были о замке, в который она возвращалась.

Дверь купе скользнула в сторону. На пороге стояла Джинни, раскрасневшаяся от беготни по вагонам.

— Так и знала, что найду тебя с книжкой, — сказала она, падая на сиденье напротив. — Гарри и Рон остались в Министерстве, ты же помнишь. А я подумала: кто-то ведь должен присмотреть, чтобы ты не превратилась в библиотечный свиток за первую же неделю.

— Очень любезно с твоей стороны, — улыбнулась Гермиона и впервые за утро почувствовала, что улыбка получается настоящей.

Они говорили о пустяках — о новой метле, которую Джинни приметила в витрине, о том, какие предметы выбрать, о том, что профессор МакГонагалл теперь директор и наверняка будет ещё строже. Но за лёгкими словами обе слышали то, о чём не говорили вслух. Слишком многих не было в этом поезде. Слишком многие места за столами факультетов останутся пустыми в этом году.

— Странно возвращаться, правда? — тихо спросила Джинни, глядя в окно. — Будто приходишь в дом, где раньше было полно людей, а теперь половина комнат заперта.

Гермиона кивнула. Она думала ровно о том же, только не находила слов.

— Думаю, поэтому МакГонагалл и позвала нас обратно, — сказала она наконец. — Не только ради экзаменов. Чтобы замок снова наполнился голосами. Чтобы в нём опять было кому смеяться в коридорах.

Джинни не ответила сразу — только сжала её ладонь, коротко и крепко, как умела она одна. За окном тем временем поплыли первые приметы севера: каменные изгороди, разбегающиеся по склонам, мокрые овцы под низким небом, тонкие струйки дыма над далёкими фермами. Гермиона смотрела на них и думала о том, сколько раз уже ехала этой самой дорогой. Сначала — перепуганной одиннадцатилетней девочкой, которая выучила наизусть все учебники ещё до распределения. Потом — старостой с тяжёлой сумкой и списком обязанностей. Потом — той, на чьих плечах держалась половина войны. А теперь она ехала просто студенткой, которой нужно доучиться и сдать экзамены. И это, как ни странно, ощущалось почти роскошью — иметь право снова быть обыкновенной.

Поезд нырнул в длинный туннель, и купе на мгновение залила темнота. Когда свет вернулся, вдалеке, среди холмов, уже виднелись знакомые башни — серые, упрямые, целые. Хогвартс выстоял. И значит, у тех, кто к нему ехал, тоже был шанс выстоять.',
        'Поезд, который вернулся', 'Хогвартс-экспресс отходил от платформы девять и три четверти ровно в одиннадцать, как и всегда, и всё же Гермиона не могла отделаться от ощущения, что едет в другой поезд. Тот, прежний, возил её к приключениям. Этот вёз к чему-то более трудному — к обыкновенной жизни, которую предстояло заново научиться жить.

Она нашла свободное купе ближе к хвосту состава и села у окна. За стеклом проплывали лондонские крыши, потом потянулись поля, мокрые от утреннего дождя. Гермиона достала книгу по нумерологии, открыла её и через минуту поняла, что читает один и тот же абзац в третий раз. Слова не складывались в смысл. Слишком много мыслей толпилось в голове, и все они были о замке, в который она возвращалась.

Дверь купе скользнула в сторону. На пороге стояла Джинни, раскрасневшаяся от беготни по вагонам.

— Так и знала, что найду тебя с книжкой, — сказала она, падая на сиденье напротив. — Гарри и Рон остались в Министерстве, ты же помнишь. А я подумала: кто-то ведь должен присмотреть, чтобы ты не превратилась в библиотечный свиток за первую же неделю.

— Очень любезно с твоей стороны, — улыбнулась Гермиона и впервые за утро почувствовала, что улыбка получается настоящей.

Они говорили о пустяках — о новой метле, которую Джинни приметила в витрине, о том, какие предметы выбрать, о том, что профессор МакГонагалл теперь директор и наверняка будет ещё строже. Но за лёгкими словами обе слышали то, о чём не говорили вслух. Слишком многих не было в этом поезде. Слишком многие места за столами факультетов останутся пустыми в этом году.

— Странно возвращаться, правда? — тихо спросила Джинни, глядя в окно. — Будто приходишь в дом, где раньше было полно людей, а теперь половина комнат заперта.

Гермиона кивнула. Она думала ровно о том же, только не находила слов.

— Думаю, поэтому МакГонагалл и позвала нас обратно, — сказала она наконец. — Не только ради экзаменов. Чтобы замок снова наполнился голосами. Чтобы в нём опять было кому смеяться в коридорах.

Джинни не ответила сразу — только сжала её ладонь, коротко и крепко, как умела она одна. За окном тем временем поплыли первые приметы севера: каменные изгороди, разбегающиеся по склонам, мокрые овцы под низким небом, тонкие струйки дыма над далёкими фермами. Гермиона смотрела на них и думала о том, сколько раз уже ехала этой самой дорогой. Сначала — перепуганной одиннадцатилетней девочкой, которая выучила наизусть все учебники ещё до распределения. Потом — старостой с тяжёлой сумкой и списком обязанностей. Потом — той, на чьих плечах держалась половина войны. А теперь она ехала просто студенткой, которой нужно доучиться и сдать экзамены. И это, как ни странно, ощущалось почти роскошью — иметь право снова быть обыкновенной.

Поезд нырнул в длинный туннель, и купе на мгновение залила темнота. Когда свет вернулся, вдалеке, среди холмов, уже виднелись знакомые башни — серые, упрямые, целые. Хогвартс выстоял. И значит, у тех, кто к нему ехал, тоже был шанс выстоять.', 'published', '2026-04-19T12:00:00+00:00', '2026-04-19T13:00:00+00:00');
    INSERT INTO chapters (id, story_id, title, content, draft_title, draft_content, status, created_at, updated_at) VALUES (
        '2fa96c6b-f9a1-5e37-8531-c731c22ae1c1', 'a447bc05-65a3-5e7b-8fee-a9dea0e3608e', 'Пустые места', 'Большой зал встретил их прежним звёздным потолком и прежним запахом свечного воска, но за гриффиндорским столом было непривычно просторно. Гермиона села между Джинни и незнакомой второкурсницей и старалась не считать промежутки между однокурсниками. Получалось плохо.

Профессор МакГонагалл поднялась со своего нового места в центре преподавательского стола. Зал стих сам собой, без единого окрика.

— Добро пожаловать домой, — сказала она. Голос её, обычно сухой, сегодня звучал иначе. — Я не стану делать вид, что прошедший год не оставил следов. Они есть у каждого из нас, и у этих стен тоже. Но Хогвартс всегда был не камнем, а людьми, которые в нём учатся. Пока вы здесь, школа жива.

После ужина старостам поручили проводить младших до гостиных. Гермиона повела свою стайку первокурсников по движущимся лестницам, и те ахали на каждом повороте — точно так же, как ахала когда-то она сама. На площадке третьего этажа один мальчик остановился перед щербиной в стене, явно оставленной заклятием.

— А это что? — спросил он, тыча пальцем.

Гермиона помедлила. Можно было соврать про неудачный ремонт. Но врать детям, которые будут жить в этих стенах, казалось неправильным.

— Это след от битвы, — сказала она просто. — Здесь весной защищали школу. Камень решили не заделывать до конца — чтобы помнили.

Мальчик долго разглядывал щербину, осторожно тронул её пальцем, будто проверяя, настоящая ли. Гермиона не торопила. Она помнила, как сама в его возрасте впитывала каждую мелочь старого замка, как верила, что эти стены вечны и неизменны. Теперь она знала, что это не так — что камень тоже можно ранить, что даже Хогвартс не был неуязвим. Но в этом знании, как ни странно, была не только горечь. Замок выстоял именно потому, что за него было кому стоять. И эти дети, которые сейчас ахали на лестницах и пугались движущихся ступеней, однажды тоже станут теми, кто будет беречь эти стены. Цепочка не прервалась. Война пыталась её разорвать — и не смогла. Об этом, поняла Гермиона, и говорила щербина, которую не стали заделывать.

Мальчик долго смотрел на щербину, потом серьёзно кивнул, словно принял что-то важное, и пошёл дальше. Гермиона осталась стоять ещё мгновение. Она вдруг поняла, зачем согласилась вернуться старостой, хотя могла бы сразу готовиться к экзаменам дома. Кто-то должен был провести этих детей мимо щербин в стенах и объяснить, что они значат. Не страшилками — правдой.

В гостиной Гриффиндора горел камин, и кресло у огня было свободно — то самое, в котором вечно сидел Рон, закинув ноги на пуфик. Гермиона села в соседнее. Огонь трещал, отбрасывая на стены живые тени, и впервые за долгое время ей было не страшно оставаться в тишине.

Она достала перо и начала письмо домой. «Я вернулась, — писала она. — Здесь трудно и хорошо одновременно. Кажется, именно так и должно быть».',
        'Пустые места', 'Большой зал встретил их прежним звёздным потолком и прежним запахом свечного воска, но за гриффиндорским столом было непривычно просторно. Гермиона села между Джинни и незнакомой второкурсницей и старалась не считать промежутки между однокурсниками. Получалось плохо.

Профессор МакГонагалл поднялась со своего нового места в центре преподавательского стола. Зал стих сам собой, без единого окрика.

— Добро пожаловать домой, — сказала она. Голос её, обычно сухой, сегодня звучал иначе. — Я не стану делать вид, что прошедший год не оставил следов. Они есть у каждого из нас, и у этих стен тоже. Но Хогвартс всегда был не камнем, а людьми, которые в нём учатся. Пока вы здесь, школа жива.

После ужина старостам поручили проводить младших до гостиных. Гермиона повела свою стайку первокурсников по движущимся лестницам, и те ахали на каждом повороте — точно так же, как ахала когда-то она сама. На площадке третьего этажа один мальчик остановился перед щербиной в стене, явно оставленной заклятием.

— А это что? — спросил он, тыча пальцем.

Гермиона помедлила. Можно было соврать про неудачный ремонт. Но врать детям, которые будут жить в этих стенах, казалось неправильным.

— Это след от битвы, — сказала она просто. — Здесь весной защищали школу. Камень решили не заделывать до конца — чтобы помнили.

Мальчик долго разглядывал щербину, осторожно тронул её пальцем, будто проверяя, настоящая ли. Гермиона не торопила. Она помнила, как сама в его возрасте впитывала каждую мелочь старого замка, как верила, что эти стены вечны и неизменны. Теперь она знала, что это не так — что камень тоже можно ранить, что даже Хогвартс не был неуязвим. Но в этом знании, как ни странно, была не только горечь. Замок выстоял именно потому, что за него было кому стоять. И эти дети, которые сейчас ахали на лестницах и пугались движущихся ступеней, однажды тоже станут теми, кто будет беречь эти стены. Цепочка не прервалась. Война пыталась её разорвать — и не смогла. Об этом, поняла Гермиона, и говорила щербина, которую не стали заделывать.

Мальчик долго смотрел на щербину, потом серьёзно кивнул, словно принял что-то важное, и пошёл дальше. Гермиона осталась стоять ещё мгновение. Она вдруг поняла, зачем согласилась вернуться старостой, хотя могла бы сразу готовиться к экзаменам дома. Кто-то должен был провести этих детей мимо щербин в стенах и объяснить, что они значат. Не страшилками — правдой.

В гостиной Гриффиндора горел камин, и кресло у огня было свободно — то самое, в котором вечно сидел Рон, закинув ноги на пуфик. Гермиона села в соседнее. Огонь трещал, отбрасывая на стены живые тени, и впервые за долгое время ей было не страшно оставаться в тишине.

Она достала перо и начала письмо домой. «Я вернулась, — писала она. — Здесь трудно и хорошо одновременно. Кажется, именно так и должно быть».', 'published', '2026-04-20T12:00:00+00:00', '2026-04-20T13:00:00+00:00');
    INSERT INTO chapters (id, story_id, title, content, draft_title, draft_content, status, created_at, updated_at) VALUES (
        '3794148e-e1d7-5125-93b9-28b30760a1aa', 'a447bc05-65a3-5e7b-8fee-a9dea0e3608e', 'Урок профессора Слизнорта', 'Зельеварение стало первым предметом, на котором восьмикурсники собрались все вместе, и в подземелье установилась странная атмосфера — будто встретились старые знакомые, которые слишком много пережили, чтобы притворяться, будто ничего не было.

Профессор Слизнорт расставил на столах котлы и оглядел немногочисленный класс с непривычной для него мягкостью.

— Сегодня мы варим Напиток живой смерти, — объявил он. — Не пугайтесь названия. Это сложнейшее зелье прошлого курса, и я хочу убедиться, что годы испытаний не выбили у вас из головы основы. К тому же, — он подмигнул, — победителю достанется флакончик Феликс Фелицис. Жидкая удача никому не помешает, верно?

Гермиона разложила ингредиенты в строгом порядке. Резать корень валерианы, давить боб сопофоруса плашмя, а не ножом, мешать против часовой стрелки — она помнила всё. Руки делали привычную работу, и за этой работой тревога отступала. В лаборатории всё было понятно: причина, следствие, верный ответ. Не то что в жизни.

Она поймала себя на том, что улыбается над котлом, и это была почти забытая, спокойная улыбка. В лаборатории мир снова становился управляемым. Здесь не было предательств, не было невосполнимых потерь, не было выбора между двумя одинаково страшными решениями. Здесь был только точный рецепт и аккуратные руки — и если делать всё правильно, получался верный результат. Гермиона понимала, конечно, что прячется в этой простоте, как в укрытии. Но она позволяла себе это укрытие, потому что заслужила его. После года, в котором всё было неправильно, было невероятным облегчением вернуться туда, где хотя бы что-то можно сделать правильно. И, помешивая зелье против часовой стрелки, она чувствовала, как внутри понемногу отпускает туго затянутый узел.

За соседним столом возился слизеринец, которого она помнила по совместным урокам. Его зелье упрямо отдавало в лиловый, хотя должно было светлеть. Гермиона колебалась недолго.

— Боб надо раздавить, а не нарезать, — тихо сказала она, не поднимая глаз. — Так выходит больше сока.

Парень удивлённо посмотрел на неё, будто ждал подвоха. Подвоха не было. Он молча придавил боб плоскостью ножа, и зелье послушно посветлело.

— Спасибо, — буркнул он.

— На здоровье, — ответила Гермиона и сама удивилась, до чего просто это вышло.

В конце урока её котёл, разумеется, оказался лучшим — прозрачным, как чистая вода. Слизнорт торжественно вручил ей крохотный флакончик удачи. Гермиона повертела его в пальцах и неожиданно для самой себя протянула слизеринцу.

— Возьми. У меня и так всё в порядке. А тебе, может, пригодится больше.

Класс затих. Слизнорт смотрел на неё поверх очков с выражением, которое она не сразу распознала, — это была гордость. Парень принял флакон осторожно, словно тот мог обжечь.

— Война кончилась, — пожала плечами Гермиона, собирая сумку. — Глупо продолжать её за столами.

Она вышла из подземелья первой, и шаги её эхом разносились по коридору — лёгкие, уверенные. Кажется, она начинала понимать, какой именно урок ей нужно было выучить в этом году. И его не было ни в одном учебнике.',
        'Урок профессора Слизнорта', 'Зельеварение стало первым предметом, на котором восьмикурсники собрались все вместе, и в подземелье установилась странная атмосфера — будто встретились старые знакомые, которые слишком много пережили, чтобы притворяться, будто ничего не было.

Профессор Слизнорт расставил на столах котлы и оглядел немногочисленный класс с непривычной для него мягкостью.

— Сегодня мы варим Напиток живой смерти, — объявил он. — Не пугайтесь названия. Это сложнейшее зелье прошлого курса, и я хочу убедиться, что годы испытаний не выбили у вас из головы основы. К тому же, — он подмигнул, — победителю достанется флакончик Феликс Фелицис. Жидкая удача никому не помешает, верно?

Гермиона разложила ингредиенты в строгом порядке. Резать корень валерианы, давить боб сопофоруса плашмя, а не ножом, мешать против часовой стрелки — она помнила всё. Руки делали привычную работу, и за этой работой тревога отступала. В лаборатории всё было понятно: причина, следствие, верный ответ. Не то что в жизни.

Она поймала себя на том, что улыбается над котлом, и это была почти забытая, спокойная улыбка. В лаборатории мир снова становился управляемым. Здесь не было предательств, не было невосполнимых потерь, не было выбора между двумя одинаково страшными решениями. Здесь был только точный рецепт и аккуратные руки — и если делать всё правильно, получался верный результат. Гермиона понимала, конечно, что прячется в этой простоте, как в укрытии. Но она позволяла себе это укрытие, потому что заслужила его. После года, в котором всё было неправильно, было невероятным облегчением вернуться туда, где хотя бы что-то можно сделать правильно. И, помешивая зелье против часовой стрелки, она чувствовала, как внутри понемногу отпускает туго затянутый узел.

За соседним столом возился слизеринец, которого она помнила по совместным урокам. Его зелье упрямо отдавало в лиловый, хотя должно было светлеть. Гермиона колебалась недолго.

— Боб надо раздавить, а не нарезать, — тихо сказала она, не поднимая глаз. — Так выходит больше сока.

Парень удивлённо посмотрел на неё, будто ждал подвоха. Подвоха не было. Он молча придавил боб плоскостью ножа, и зелье послушно посветлело.

— Спасибо, — буркнул он.

— На здоровье, — ответила Гермиона и сама удивилась, до чего просто это вышло.

В конце урока её котёл, разумеется, оказался лучшим — прозрачным, как чистая вода. Слизнорт торжественно вручил ей крохотный флакончик удачи. Гермиона повертела его в пальцах и неожиданно для самой себя протянула слизеринцу.

— Возьми. У меня и так всё в порядке. А тебе, может, пригодится больше.

Класс затих. Слизнорт смотрел на неё поверх очков с выражением, которое она не сразу распознала, — это была гордость. Парень принял флакон осторожно, словно тот мог обжечь.

— Война кончилась, — пожала плечами Гермиона, собирая сумку. — Глупо продолжать её за столами.

Она вышла из подземелья первой, и шаги её эхом разносились по коридору — лёгкие, уверенные. Кажется, она начинала понимать, какой именно урок ей нужно было выучить в этом году. И его не было ни в одном учебнике.', 'published', '2026-04-21T12:00:00+00:00', '2026-04-21T13:00:00+00:00');
    INSERT INTO chapters (id, story_id, title, content, draft_title, draft_content, status, created_at, updated_at) VALUES (
        '8a496c5e-49bb-5a57-badd-3f490c8e4ba4', 'a447bc05-65a3-5e7b-8fee-a9dea0e3608e', 'Письмо без ответа', 'Письма от Рона приходили через день — длинные, сбивчивые, с кляксами и зачёркнутыми словами. Он писал про стажировку в Министерстве, про то, как Гарри уже гоняет тёмных магов, а его самого пока сажают разбирать архивы, и как это, оказывается, не так скучно, как он думал.

Гермиона отвечала аккуратными ровными строчками и каждый раз ловила себя на том, что перечитывает его каракули по нескольку раз. В Хогвартсе ей не хватало этого — вечного спора, дружеского ворчания, ощущения, что рядом есть кто-то свой.

Странно было осознавать, до чего сильно она привязалась к этим перепалкам за годы. Раньше Гермионе казалось, что она ценит в дружбе с Роном совсем другое — общие приключения, верность, чувство плеча в бою. А теперь, в тишине замка, ей не хватало именно мелочей: того, как он спорит из-за пустяков, как ворчит над домашними заданиями, как нелепо радуется удачному ходу в волшебные шахматы. Война научила её ценить грандиозное. Мир учил заново ценить обыкновенное. И вот, оказывается, обыкновенное и было самым дорогим — те простые, негромкие нити, что связывают людей в будни, а не только в сражениях. Гермиона перечитывала его каракули и впервые понимала, насколько эти нити ей нужны.

Но однажды письма прекратились. Прошёл день, другой, третий. Сова возвращалась к Гермионе с её собственным посланием, нетронутым, и виновато прятала голову под крыло. Воображение, наученное войной, рисовало худшее. Засада. Ловушка. Несчастный случай на задании.

Она почти не спала. На четвёртую ночь Джинни нашла её в гостиной — Гермиона сидела, обхватив колени, и смотрела в погасший камин.

— Ты опять не ложилась, — сказала Джинни, садясь рядом. — Я отправила сову Гарри. Он ответил сразу.

Гермиона вскинула голову.

— И что?

— Рон цел. Совершенно. — Джинни не сдержала улыбки. — Просто наша доблестная сова решила, что ей нужен отпуск, и улетела гнездоваться в Уэльс. Письма копились в совятне Министерства. Целая стопка. Он с ума сходил, что ты не отвечаешь, и думал, это ты на него обиделась.

Несколько секунд Гермиона молчала. А потом рассмеялась — впервые так, до слёз, до колик, выпуская весь страх, что копился четыре дня.

— Мы выжили на войне, — выговорила она сквозь смех, — а нас чуть не доконала безответственная сова.

— Добро пожаловать в мирную жизнь, — фыркнула Джинни. — Здесь катастрофы помельче, зато их больше.

На рассвете Гермиона написала Рону самое длинное письмо за всё время — без единой кляксы, но и без обычной своей чопорности. Она писала о замке, о пустых местах за столами, о слизеринце и флаконе удачи, о том, как сильно испугалась за эти дни и как стыдно ей теперь за свой страх.

«Оказывается, — выводила она в конце, — самое трудное после войны — снова позволить себе бояться за кого-то. Потому что бояться — значит любить. А я думала, разучилась». Она запечатала письмо и вручила его рассерженной, но вернувшейся из Уэльса сове.',
        'Письмо без ответа', 'Письма от Рона приходили через день — длинные, сбивчивые, с кляксами и зачёркнутыми словами. Он писал про стажировку в Министерстве, про то, как Гарри уже гоняет тёмных магов, а его самого пока сажают разбирать архивы, и как это, оказывается, не так скучно, как он думал.

Гермиона отвечала аккуратными ровными строчками и каждый раз ловила себя на том, что перечитывает его каракули по нескольку раз. В Хогвартсе ей не хватало этого — вечного спора, дружеского ворчания, ощущения, что рядом есть кто-то свой.

Странно было осознавать, до чего сильно она привязалась к этим перепалкам за годы. Раньше Гермионе казалось, что она ценит в дружбе с Роном совсем другое — общие приключения, верность, чувство плеча в бою. А теперь, в тишине замка, ей не хватало именно мелочей: того, как он спорит из-за пустяков, как ворчит над домашними заданиями, как нелепо радуется удачному ходу в волшебные шахматы. Война научила её ценить грандиозное. Мир учил заново ценить обыкновенное. И вот, оказывается, обыкновенное и было самым дорогим — те простые, негромкие нити, что связывают людей в будни, а не только в сражениях. Гермиона перечитывала его каракули и впервые понимала, насколько эти нити ей нужны.

Но однажды письма прекратились. Прошёл день, другой, третий. Сова возвращалась к Гермионе с её собственным посланием, нетронутым, и виновато прятала голову под крыло. Воображение, наученное войной, рисовало худшее. Засада. Ловушка. Несчастный случай на задании.

Она почти не спала. На четвёртую ночь Джинни нашла её в гостиной — Гермиона сидела, обхватив колени, и смотрела в погасший камин.

— Ты опять не ложилась, — сказала Джинни, садясь рядом. — Я отправила сову Гарри. Он ответил сразу.

Гермиона вскинула голову.

— И что?

— Рон цел. Совершенно. — Джинни не сдержала улыбки. — Просто наша доблестная сова решила, что ей нужен отпуск, и улетела гнездоваться в Уэльс. Письма копились в совятне Министерства. Целая стопка. Он с ума сходил, что ты не отвечаешь, и думал, это ты на него обиделась.

Несколько секунд Гермиона молчала. А потом рассмеялась — впервые так, до слёз, до колик, выпуская весь страх, что копился четыре дня.

— Мы выжили на войне, — выговорила она сквозь смех, — а нас чуть не доконала безответственная сова.

— Добро пожаловать в мирную жизнь, — фыркнула Джинни. — Здесь катастрофы помельче, зато их больше.

На рассвете Гермиона написала Рону самое длинное письмо за всё время — без единой кляксы, но и без обычной своей чопорности. Она писала о замке, о пустых местах за столами, о слизеринце и флаконе удачи, о том, как сильно испугалась за эти дни и как стыдно ей теперь за свой страх.

«Оказывается, — выводила она в конце, — самое трудное после войны — снова позволить себе бояться за кого-то. Потому что бояться — значит любить. А я думала, разучилась». Она запечатала письмо и вручила его рассерженной, но вернувшейся из Уэльса сове.', 'published', '2026-04-22T12:00:00+00:00', '2026-04-22T13:00:00+00:00');
    INSERT INTO chapters (id, story_id, title, content, draft_title, draft_content, status, created_at, updated_at) VALUES (
        'e78c3ade-e201-50a9-84c2-fffdd61e1a45', 'a447bc05-65a3-5e7b-8fee-a9dea0e3608e', 'Экзамен', 'Июнь пришёл внезапно, как приходит всё, чего долго ждёшь и боишься. Большой зал превратили в экзаменационный — ряды одиночных парт, парящие в воздухе песочные часы, запах нагретого солнцем пергамента. Восьмикурсники сдавали ЖАБА, и Гермиона, как ни странно, волновалась меньше, чем когда-либо.

Она исписала свитки по трансфигурации, заклинаниям, древним рунам. Перо летало по пергаменту, мысли выстраивались стройными рядами. Но когда дошло до практической защиты от тёмных искусств, экзаменатор попросил вызвать Патронуса.

Гермиона подняла палочку. «Экспекто Патронум». Серебряная выдра выскользнула из кончика, обежала зал, рассыпая искры, — и вдруг к горлу подкатил ком. Этому заклинанию её научили, когда вокруг была война. И вот теперь выдра кружила под мирным потолком, и кружила свободно, не от страха, а просто потому, что Гермиона была счастлива. Это и было самое главное доказательство, что всё кончилось.

— Превосходно, мисс Грейнджер, — сказал экзаменатор, делая пометку. — Высший балл.

После экзамена восьмикурсники высыпали на берег озера. Кто-то растянулся на траве, кто-то швырял в воду плоские камешки. Джинни плюхнулась рядом с Гермионой и протянула ей шоколадную лягушку.

— Ну вот и всё, — сказала она. — Мы это сделали. Доучились.

Гермиона смотрела на гладь озера, в которой отражались башни замка. Где-то там, под водой, дремало вечное; над водой носились стрижи. Семь лет вместили в себя всё — дружбу, страх, потери, победу. И вот теперь страница перевернулась.

Она смотрела на воду и думала о том, как причудливо устроена память. Самые страшные дни почему-то вспоминались отрывками, размыто, будто сквозь толщу воды. А вот мелочи держались цепко: вкус тыквенного сока в Большом зале, скрип определённой ступеньки на лестнице в библиотеку, запах пергамента перед экзаменом. Может быть, в этом и был тайный замысел — что после всего пережитого душа сама выбирает помнить хорошее, а не дурное. Гермиона надеялась, что так и будет. Что через годы, вспоминая Хогвартс, она увидит не битву и не пустые места за столами, а вот это: солнечный берег, друзей на траве, шоколадную лягушку в руке и ощущение, что самое трудное наконец позади.

— Знаешь, — сказала она, — я ведь сомневалась, стоит ли возвращаться. Думала, после всего, что было, школа покажется детской игрой.

— И как? — спросила Джинни.

— А оказалось, это и было самое взрослое решение, — улыбнулась Гермиона. — Не убежать. Доделать то, что начала. Попрощаться как следует.

Вдалеке прозвенел колокол — последний в этом году. Хогвартс провожал их так же, как встретил когда-то одиннадцатилетних: спокойно, надёжно, навсегда. Гермиона поднялась, отряхнула мантию и в последний раз окинула взглядом замок, который выстоял и помог выстоять ей.

— Пойдём, — сказала она. — Поезд не ждёт. Нас ждёт всё остальное.',
        'Экзамен', 'Июнь пришёл внезапно, как приходит всё, чего долго ждёшь и боишься. Большой зал превратили в экзаменационный — ряды одиночных парт, парящие в воздухе песочные часы, запах нагретого солнцем пергамента. Восьмикурсники сдавали ЖАБА, и Гермиона, как ни странно, волновалась меньше, чем когда-либо.

Она исписала свитки по трансфигурации, заклинаниям, древним рунам. Перо летало по пергаменту, мысли выстраивались стройными рядами. Но когда дошло до практической защиты от тёмных искусств, экзаменатор попросил вызвать Патронуса.

Гермиона подняла палочку. «Экспекто Патронум». Серебряная выдра выскользнула из кончика, обежала зал, рассыпая искры, — и вдруг к горлу подкатил ком. Этому заклинанию её научили, когда вокруг была война. И вот теперь выдра кружила под мирным потолком, и кружила свободно, не от страха, а просто потому, что Гермиона была счастлива. Это и было самое главное доказательство, что всё кончилось.

— Превосходно, мисс Грейнджер, — сказал экзаменатор, делая пометку. — Высший балл.

После экзамена восьмикурсники высыпали на берег озера. Кто-то растянулся на траве, кто-то швырял в воду плоские камешки. Джинни плюхнулась рядом с Гермионой и протянула ей шоколадную лягушку.

— Ну вот и всё, — сказала она. — Мы это сделали. Доучились.

Гермиона смотрела на гладь озера, в которой отражались башни замка. Где-то там, под водой, дремало вечное; над водой носились стрижи. Семь лет вместили в себя всё — дружбу, страх, потери, победу. И вот теперь страница перевернулась.

Она смотрела на воду и думала о том, как причудливо устроена память. Самые страшные дни почему-то вспоминались отрывками, размыто, будто сквозь толщу воды. А вот мелочи держались цепко: вкус тыквенного сока в Большом зале, скрип определённой ступеньки на лестнице в библиотеку, запах пергамента перед экзаменом. Может быть, в этом и был тайный замысел — что после всего пережитого душа сама выбирает помнить хорошее, а не дурное. Гермиона надеялась, что так и будет. Что через годы, вспоминая Хогвартс, она увидит не битву и не пустые места за столами, а вот это: солнечный берег, друзей на траве, шоколадную лягушку в руке и ощущение, что самое трудное наконец позади.

— Знаешь, — сказала она, — я ведь сомневалась, стоит ли возвращаться. Думала, после всего, что было, школа покажется детской игрой.

— И как? — спросила Джинни.

— А оказалось, это и было самое взрослое решение, — улыбнулась Гермиона. — Не убежать. Доделать то, что начала. Попрощаться как следует.

Вдалеке прозвенел колокол — последний в этом году. Хогвартс провожал их так же, как встретил когда-то одиннадцатилетних: спокойно, надёжно, навсегда. Гермиона поднялась, отряхнула мантию и в последний раз окинула взглядом замок, который выстоял и помог выстоять ей.

— Пойдём, — сказала она. — Поезд не ждёт. Нас ждёт всё остальное.', 'published', '2026-04-23T12:00:00+00:00', '2026-04-23T13:00:00+00:00');

    -- [2] Хранитель запретной секции (harry-potter)
    INSERT INTO stories (id, slug, title, status, author_id, ai_summary, created_at, updated_at) VALUES (
        '67884b02-cda9-5985-9f06-615784cf0a28', 'hp-hranitel-zapretnoy-sekcii', 'Хранитель запретной секции', 'published', v_author_id, 'Невилл остаётся в Хогвартсе преподавать травологию и обнаруживает, что по ночам книги в библиотеке кто-то переставляет. Тайна оказывается добрее, чем он думал.',
        '2026-04-17T12:00:00+00:00', '2026-05-18T11:00:00+00:00');
    INSERT INTO story_tags (story_id, tag_id) VALUES ('67884b02-cda9-5985-9f06-615784cf0a28', '10000001-0001-4001-8001-000000000001');
    INSERT INTO story_tags (story_id, tag_id) VALUES ('67884b02-cda9-5985-9f06-615784cf0a28', '10000004-0004-4004-8004-000000000001');
    INSERT INTO story_tags (story_id, tag_id) VALUES ('67884b02-cda9-5985-9f06-615784cf0a28', '10000005-0005-4005-8005-000000000002');
    INSERT INTO story_tags (story_id, tag_id) VALUES ('67884b02-cda9-5985-9f06-615784cf0a28', '10000006-0006-4006-8006-000000000001');
    INSERT INTO story_tags (story_id, tag_id) VALUES ('67884b02-cda9-5985-9f06-615784cf0a28', '10000002-0002-4002-8002-000000000003');
    INSERT INTO story_tags (story_id, tag_id) VALUES ('67884b02-cda9-5985-9f06-615784cf0a28', '10000002-0002-4002-8002-000000000005');
    INSERT INTO chapters (id, story_id, title, content, draft_title, draft_content, status, created_at, updated_at) VALUES (
        '10161548-fe1d-54c2-8ddd-271edbae7c90', '67884b02-cda9-5985-9f06-615784cf0a28', 'Шорох между полок', 'Профессор Долгопупс — Невилл всё ещё вздрагивал, когда слышал это обращение к себе, — задержался в библиотеке позже обычного. Он искал старый трактат о мандрагорах для завтрашнего урока и не заметил, как стемнело и как мадам Пинс, погасив лампы, ушла, решив, что в зале никого нет.

Когда Невилл наконец нашёл нужный том, замок уже спал. Он собирался уходить, как вдруг из глубины запретной секции донёсся отчётливый шорох. Не скрип половиц, не возня мыши — именно шорох страниц, которые кто-то осторожно переворачивает.

Невилл застыл. Рука сама потянулась к палочке. Он пережил войну, сразил василиска мечом Гриффиндора и давно перестал считать себя трусом, но тёмная библиотека ночью пробуждала самые детские страхи.

— Кто здесь? — спросил он, и голос предательски дрогнул.

Шорох смолк. На миг повисла полная тишина, а потом откуда-то из-за стеллажей послышался тихий хлопок, будто закрыли тяжёлую книгу. Невилл шагнул вперёд, поднял светящуюся палочку — и увидел только аккуратно сложенные на столе тома. Никого. Совершенно никого.

Самое странное было в другом. Книги лежали не как попало. Они были разложены по темам, корешок к корешку, словно невидимый библиотекарь наводил порядок. На верхнем томе кто-то оставил закладку — сухой лист какого-то растения, которого Невилл, знаток травологии, не сразу узнал.

Он осторожно взял лист. Тот был свежим, будто сорванным час назад, хотя на дворе стояла глубокая зима и ни одно растение в окрестностях замка не давало таких листьев. Невилл повертел находку, понюхал — пахло мятой и чем-то ещё, едва уловимым.

Он постоял ещё немного, прислушиваясь к тишине заброшенной секции. Где-то наверху, в башнях, гулял ветер, и старые стропила библиотеки тихо поскрипывали, как корабельные снасти. Невилл, который всю жизнь робел перед многим, давно заметил за собой одну особенность: рядом с растениями он переставал бояться. Будь то ядовитые щупальца дьявольских силков или загадочный ночной шорох — стоило делу коснуться зелени, и руки сами становились уверенными, а голос твёрдым. Вот и сейчас, держа в ладони свежий лист неизвестного растения, он чувствовал не страх, а живое, азартное любопытство. Что-то росло здесь, в темноте, среди книг. Что-то живое и, кажется, разумное. И профессор травологии Невилл Долгопупс твёрдо решил это что-то отыскать.

— Ну и дела, — пробормотал он.

Уходя, он оглянулся на запретную секцию. Темнота за стеллажами была плотной и выжидающей. Невиллу вдруг показалось, что оттуда за ним наблюдают — без злобы, скорее с любопытством. Он не стал делать вид, будто ничего не заметил.

— Спокойной ночи, — сказал он темноте. И, чувствуя себя глуповато, добавил: — Спасибо, что прибрались.

В ответ ему почудился совсем тихий вздох — довольный, как у того, чью работу наконец оценили.',
        'Шорох между полок', 'Профессор Долгопупс — Невилл всё ещё вздрагивал, когда слышал это обращение к себе, — задержался в библиотеке позже обычного. Он искал старый трактат о мандрагорах для завтрашнего урока и не заметил, как стемнело и как мадам Пинс, погасив лампы, ушла, решив, что в зале никого нет.

Когда Невилл наконец нашёл нужный том, замок уже спал. Он собирался уходить, как вдруг из глубины запретной секции донёсся отчётливый шорох. Не скрип половиц, не возня мыши — именно шорох страниц, которые кто-то осторожно переворачивает.

Невилл застыл. Рука сама потянулась к палочке. Он пережил войну, сразил василиска мечом Гриффиндора и давно перестал считать себя трусом, но тёмная библиотека ночью пробуждала самые детские страхи.

— Кто здесь? — спросил он, и голос предательски дрогнул.

Шорох смолк. На миг повисла полная тишина, а потом откуда-то из-за стеллажей послышался тихий хлопок, будто закрыли тяжёлую книгу. Невилл шагнул вперёд, поднял светящуюся палочку — и увидел только аккуратно сложенные на столе тома. Никого. Совершенно никого.

Самое странное было в другом. Книги лежали не как попало. Они были разложены по темам, корешок к корешку, словно невидимый библиотекарь наводил порядок. На верхнем томе кто-то оставил закладку — сухой лист какого-то растения, которого Невилл, знаток травологии, не сразу узнал.

Он осторожно взял лист. Тот был свежим, будто сорванным час назад, хотя на дворе стояла глубокая зима и ни одно растение в окрестностях замка не давало таких листьев. Невилл повертел находку, понюхал — пахло мятой и чем-то ещё, едва уловимым.

Он постоял ещё немного, прислушиваясь к тишине заброшенной секции. Где-то наверху, в башнях, гулял ветер, и старые стропила библиотеки тихо поскрипывали, как корабельные снасти. Невилл, который всю жизнь робел перед многим, давно заметил за собой одну особенность: рядом с растениями он переставал бояться. Будь то ядовитые щупальца дьявольских силков или загадочный ночной шорох — стоило делу коснуться зелени, и руки сами становились уверенными, а голос твёрдым. Вот и сейчас, держа в ладони свежий лист неизвестного растения, он чувствовал не страх, а живое, азартное любопытство. Что-то росло здесь, в темноте, среди книг. Что-то живое и, кажется, разумное. И профессор травологии Невилл Долгопупс твёрдо решил это что-то отыскать.

— Ну и дела, — пробормотал он.

Уходя, он оглянулся на запретную секцию. Темнота за стеллажами была плотной и выжидающей. Невиллу вдруг показалось, что оттуда за ним наблюдают — без злобы, скорее с любопытством. Он не стал делать вид, будто ничего не заметил.

— Спокойной ночи, — сказал он темноте. И, чувствуя себя глуповато, добавил: — Спасибо, что прибрались.

В ответ ему почудился совсем тихий вздох — довольный, как у того, чью работу наконец оценили.', 'published', '2026-04-17T12:00:00+00:00', '2026-04-17T13:00:00+00:00');
    INSERT INTO chapters (id, story_id, title, content, draft_title, draft_content, status, created_at, updated_at) VALUES (
        '22702a3b-529a-5044-84bc-b623bb260662', '67884b02-cda9-5985-9f06-615784cf0a28', 'Закладка из живого листа', 'Утром Невилл первым делом отнёс таинственный лист в свою теплицу и положил под увеличительное стекло. Сомнений не осталось: лист принадлежал растению, которое в учебниках называли «памятным плющом» и считали давно вымершим. Последнее упоминание о нём встречалось в книгах столетней давности.

Памятный плющ, если верить старым записям, рос только там, где кто-то очень долго и очень бережно хранил знания. Он питался не водой и солнцем, а вниманием — тянулся к тем, кто любит читать. Невилл всегда считал это красивой легендой. Теперь свежий лист лежал перед ним и опровергал все учебники сразу.

Весь день он провёл как на иголках, а вечером снова пришёл в библиотеку — на этот раз нарочно, прихватив с собой лейку и горшочек с землёй. Он дождался, пока мадам Пинс запрёт двери, спрятался за дальним стеллажом и стал ждать.

Время тянулось. Свечи давно погасли, и только лунный свет лежал на полу длинными голубыми полосами. И вот, ближе к полуночи, в запретной секции снова зашуршало. Невилл затаил дыхание и осторожно выглянул.

По воздуху, сами собой, плыли книги. Они выстраивались в стопки, листались, возвращались на полки. А вдоль самого дальнего стеллажа, обвивая его сверху донизу, вился плющ — живой, тёмно-зелёный, мерцающий слабым серебристым светом. Его усики ласково перебирали корешки книг, как пальцы перебирают струны.

Невилл стоял, забыв дышать. Он читал об этом растении в старых трактатах, но одно дело — выцветшая гравюра на пожелтевшей странице, и совсем другое — живой плющ, мерцающий в лунном свете, обвивающий стеллаж так бережно, словно боялся повредить хоть одну книгу. Памятный плющ не просто рос среди знаний. Он словно ухаживал за ними — поправлял покосившиеся тома, сдувал пыль, переворачивал страницы, будто перечитывая. За сто с лишним лет, что его считали вымершим, он, выходит, всё это время жил здесь, в запретной секции Хогвартса, тихо и незаметно, оберегая то единственное, чем питался, — внимание к написанному слову. У Невилла защипало в глазах. Это было самое трогательное чудо, какое он встречал за всю свою жизнь, полную чудес.

Невилл вышел из укрытия медленно, чтобы не спугнуть чудо.

— Так это ты, — сказал он тихо. — Ты всё это время был здесь.

Плющ замер, потом потянулся к нему одним длинным побегом — осторожно, словно принюхиваясь. Невилл протянул раскрытую ладонь, на которой лежал вчерашний лист. Усик коснулся листа, обвил его — и вдруг весь стеллаж засветился теплее, ярче, приветливее.

— Ты прятался, потому что тебя считали вымершим, да? — догадался Невилл. — Боялся, что прогонят. Или того хуже — выкопают для зелий.

Плющ качнулся — Невилл готов был поклясться, что это был кивок. Он опустился на пол рядом со стеллажом и поставил перед собой горшочек с землёй.

— Никто тебя не тронет, — пообещал он. — Слово профессора травологии.',
        'Закладка из живого листа', 'Утром Невилл первым делом отнёс таинственный лист в свою теплицу и положил под увеличительное стекло. Сомнений не осталось: лист принадлежал растению, которое в учебниках называли «памятным плющом» и считали давно вымершим. Последнее упоминание о нём встречалось в книгах столетней давности.

Памятный плющ, если верить старым записям, рос только там, где кто-то очень долго и очень бережно хранил знания. Он питался не водой и солнцем, а вниманием — тянулся к тем, кто любит читать. Невилл всегда считал это красивой легендой. Теперь свежий лист лежал перед ним и опровергал все учебники сразу.

Весь день он провёл как на иголках, а вечером снова пришёл в библиотеку — на этот раз нарочно, прихватив с собой лейку и горшочек с землёй. Он дождался, пока мадам Пинс запрёт двери, спрятался за дальним стеллажом и стал ждать.

Время тянулось. Свечи давно погасли, и только лунный свет лежал на полу длинными голубыми полосами. И вот, ближе к полуночи, в запретной секции снова зашуршало. Невилл затаил дыхание и осторожно выглянул.

По воздуху, сами собой, плыли книги. Они выстраивались в стопки, листались, возвращались на полки. А вдоль самого дальнего стеллажа, обвивая его сверху донизу, вился плющ — живой, тёмно-зелёный, мерцающий слабым серебристым светом. Его усики ласково перебирали корешки книг, как пальцы перебирают струны.

Невилл стоял, забыв дышать. Он читал об этом растении в старых трактатах, но одно дело — выцветшая гравюра на пожелтевшей странице, и совсем другое — живой плющ, мерцающий в лунном свете, обвивающий стеллаж так бережно, словно боялся повредить хоть одну книгу. Памятный плющ не просто рос среди знаний. Он словно ухаживал за ними — поправлял покосившиеся тома, сдувал пыль, переворачивал страницы, будто перечитывая. За сто с лишним лет, что его считали вымершим, он, выходит, всё это время жил здесь, в запретной секции Хогвартса, тихо и незаметно, оберегая то единственное, чем питался, — внимание к написанному слову. У Невилла защипало в глазах. Это было самое трогательное чудо, какое он встречал за всю свою жизнь, полную чудес.

Невилл вышел из укрытия медленно, чтобы не спугнуть чудо.

— Так это ты, — сказал он тихо. — Ты всё это время был здесь.

Плющ замер, потом потянулся к нему одним длинным побегом — осторожно, словно принюхиваясь. Невилл протянул раскрытую ладонь, на которой лежал вчерашний лист. Усик коснулся листа, обвил его — и вдруг весь стеллаж засветился теплее, ярче, приветливее.

— Ты прятался, потому что тебя считали вымершим, да? — догадался Невилл. — Боялся, что прогонят. Или того хуже — выкопают для зелий.

Плющ качнулся — Невилл готов был поклясться, что это был кивок. Он опустился на пол рядом со стеллажом и поставил перед собой горшочек с землёй.

— Никто тебя не тронет, — пообещал он. — Слово профессора травологии.', 'published', '2026-04-18T12:00:00+00:00', '2026-04-18T13:00:00+00:00');
    INSERT INTO chapters (id, story_id, title, content, draft_title, draft_content, status, created_at, updated_at) VALUES (
        'e24d5d98-6626-5a60-93ab-ed14c7ae290f', '67884b02-cda9-5985-9f06-615784cf0a28', 'Тайна, которую стоит хранить', 'Невилл провозился с плющом до рассвета. Растение, оказалось, не нуждалось в обычном уходе — ему нужны были книги и кто-то, кто читает их рядом. Невилл устроился прямо на полу запретной секции, раскрыл древний трактат и начал читать вслух — про мандрагоры, про дьявольские силки, про лунные цветы. Плющ слушал, и с каждой страницей его листья становились гуще и ярче.

К утру перед Невиллом встал непростой вопрос. Рассказать ли о находке? Памятный плющ — величайшее открытие десятилетия. Учёные со всего света мечтали бы взглянуть на живой экземпляр. О Невилле написали бы во всех журналах по травологии.

Но он смотрел на растение, которое сто лет пряталось во тьме, чтобы выжить, и понимал, чем кончится слава. Плющ выкопают, увезут, разделят на образцы. Его будут изучать в стеклянных колбах, вдали от книг, которые он так любит. И он зачахнет — медленно, как чахнет всё живое, лишённое того, ради чего живёт.

Невилл слишком хорошо знал, как это бывает. В теплицах он не раз видел, как редчайшие растения, привезённые издалека и помещённые в самые лучшие условия, всё равно гибли — потому что им не хватало чего-то неуловимого, того, что нельзя измерить и записать в учебник. Любви, если называть вещи своими именами. Внимания того, кто рядом. Памятный плющ был именно таким. В стеклянной колбе, под взглядами учёных, ведущих записи, он, может, и протянул бы какое-то время. Но это была бы не жизнь, а медленное угасание — и плющ, столетие хранивший чужие книги, заслуживал лучшей участи. Невилл смотрел на мерцающую зелень, обвившую стеллаж, и понимал, что не сможет обречь его на такое. Просто не сможет — и всё.

Невилл закрыл трактат.

— Знаешь, — сказал он плющу, — я, пожалуй, оставлю тебя в секрете. Пусть лучше у Хогвартса будет своя живая тайна, чем у меня — статья в журнале.

Он договорился с мадам Пинс — рассказал ровно столько, сколько было нужно. Строгая библиотекарша, к его удивлению, совсем не удивилась.

— Я всегда знала, что в запретной секции кто-то живёт, — сказала она, поджав губы, но глаза её смеялись. — Книги по утрам стояли слишком ровно для простого совпадения. Хорошо, что хранитель наконец нашёлся настоящий.

С тех пор Невилл приходил в библиотеку каждую ночь с пятницы на субботу и читал плющу вслух. Иногда к нему присоединялись студенты, которым он по секрету доверил тайну, — те, кого выбирал сам, тихие и верные. Запретная секция перестала пугать. Она стала местом, где живое и написанное берегут друг друга.

А памятный плющ рос. И каждую весну дарил Невиллу один свежий лист — закладку для самой важной книги года. Невилл хранил их все, засушенные между страниц, и не променял бы эту коллекцию ни на какую славу.

Потому что есть тайны, которые нужно раскрывать. А есть такие, которые нужно просто хранить — бережно, до конца, как хороший библиотекарь хранит любимую книгу.',
        'Тайна, которую стоит хранить', 'Невилл провозился с плющом до рассвета. Растение, оказалось, не нуждалось в обычном уходе — ему нужны были книги и кто-то, кто читает их рядом. Невилл устроился прямо на полу запретной секции, раскрыл древний трактат и начал читать вслух — про мандрагоры, про дьявольские силки, про лунные цветы. Плющ слушал, и с каждой страницей его листья становились гуще и ярче.

К утру перед Невиллом встал непростой вопрос. Рассказать ли о находке? Памятный плющ — величайшее открытие десятилетия. Учёные со всего света мечтали бы взглянуть на живой экземпляр. О Невилле написали бы во всех журналах по травологии.

Но он смотрел на растение, которое сто лет пряталось во тьме, чтобы выжить, и понимал, чем кончится слава. Плющ выкопают, увезут, разделят на образцы. Его будут изучать в стеклянных колбах, вдали от книг, которые он так любит. И он зачахнет — медленно, как чахнет всё живое, лишённое того, ради чего живёт.

Невилл слишком хорошо знал, как это бывает. В теплицах он не раз видел, как редчайшие растения, привезённые издалека и помещённые в самые лучшие условия, всё равно гибли — потому что им не хватало чего-то неуловимого, того, что нельзя измерить и записать в учебник. Любви, если называть вещи своими именами. Внимания того, кто рядом. Памятный плющ был именно таким. В стеклянной колбе, под взглядами учёных, ведущих записи, он, может, и протянул бы какое-то время. Но это была бы не жизнь, а медленное угасание — и плющ, столетие хранивший чужие книги, заслуживал лучшей участи. Невилл смотрел на мерцающую зелень, обвившую стеллаж, и понимал, что не сможет обречь его на такое. Просто не сможет — и всё.

Невилл закрыл трактат.

— Знаешь, — сказал он плющу, — я, пожалуй, оставлю тебя в секрете. Пусть лучше у Хогвартса будет своя живая тайна, чем у меня — статья в журнале.

Он договорился с мадам Пинс — рассказал ровно столько, сколько было нужно. Строгая библиотекарша, к его удивлению, совсем не удивилась.

— Я всегда знала, что в запретной секции кто-то живёт, — сказала она, поджав губы, но глаза её смеялись. — Книги по утрам стояли слишком ровно для простого совпадения. Хорошо, что хранитель наконец нашёлся настоящий.

С тех пор Невилл приходил в библиотеку каждую ночь с пятницы на субботу и читал плющу вслух. Иногда к нему присоединялись студенты, которым он по секрету доверил тайну, — те, кого выбирал сам, тихие и верные. Запретная секция перестала пугать. Она стала местом, где живое и написанное берегут друг друга.

А памятный плющ рос. И каждую весну дарил Невиллу один свежий лист — закладку для самой важной книги года. Невилл хранил их все, засушенные между страниц, и не променял бы эту коллекцию ни на какую славу.

Потому что есть тайны, которые нужно раскрывать. А есть такие, которые нужно просто хранить — бережно, до конца, как хороший библиотекарь хранит любимую книгу.', 'published', '2026-04-19T12:00:00+00:00', '2026-04-19T13:00:00+00:00');

    -- [3] Зелье забытого лета (harry-potter)
    INSERT INTO stories (id, slug, title, status, author_id, ai_summary, created_at, updated_at) VALUES (
        '3ee228ac-7838-5cf1-9e43-b04dd666bb71', 'hp-zelye-zabytogo-leta', 'Зелье забытого лета', 'published', v_author_id, 'Полумна Лавгуд варит зелье, которое возвращает утраченные воспоминания. Но не все воспоминания стоит возвращать — некоторые лучше прожить заново.',
        '2026-04-15T12:00:00+00:00', '2026-05-17T10:00:00+00:00');
    INSERT INTO story_tags (story_id, tag_id) VALUES ('3ee228ac-7838-5cf1-9e43-b04dd666bb71', '10000001-0001-4001-8001-000000000001');
    INSERT INTO story_tags (story_id, tag_id) VALUES ('3ee228ac-7838-5cf1-9e43-b04dd666bb71', '10000004-0004-4004-8004-000000000002');
    INSERT INTO story_tags (story_id, tag_id) VALUES ('3ee228ac-7838-5cf1-9e43-b04dd666bb71', '10000005-0005-4005-8005-000000000002');
    INSERT INTO story_tags (story_id, tag_id) VALUES ('3ee228ac-7838-5cf1-9e43-b04dd666bb71', '10000006-0006-4006-8006-000000000001');
    INSERT INTO story_tags (story_id, tag_id) VALUES ('3ee228ac-7838-5cf1-9e43-b04dd666bb71', '10000002-0002-4002-8002-000000000001');
    INSERT INTO story_tags (story_id, tag_id) VALUES ('3ee228ac-7838-5cf1-9e43-b04dd666bb71', '10000002-0002-4002-8002-000000000003');
    INSERT INTO chapters (id, story_id, title, content, draft_title, draft_content, status, created_at, updated_at) VALUES (
        'f95fc2d9-8998-512c-b61b-61bbbb9e3c09', '3ee228ac-7838-5cf1-9e43-b04dd666bb71', 'Рецепт на полях', 'Полумна Лавгуд унаследовала от матери не только мечтательный взгляд и привычку видеть то, чего не видят другие, но и старую тетрадь в выцветшем кожаном переплёте. Тетрадь была полна рецептов — не кулинарных, а зельеварческих, записанных торопливым наклонным почерком, с пометками на полях и кляксами от пролитых отваров.

Полумна перечитывала тетрадь много раз, но один рецепт всегда пропускала — он был выведен мелко, в самом углу последней страницы, словно мать стеснялась его или боялась. «Зелье забытого лета», — гласило название. И ниже, ещё мельче: «Возвращает то, что время унесло. Но осторожно: память — не вещь, которую можно просто положить обратно на полку».

Полумне было девять, когда мать погибла во время неудачного опыта. Девочка помнила тот день обрывками — вспышку, крик, запах гари, — но самого главного вспомнить не могла. Последних слов. Последней улыбки. Лета, которое было перед этим. Память милосердно стёрла слишком тяжёлое, и за годы Полумна почти смирилась с этой пустотой.

Почти. Но теперь, разбирая вещи в опустевшем доме отца, она снова держала тетрадь в руках, и рецепт смотрел на неё со страницы, как приглашение.

«Возвращает то, что время унесло». Полумна провела пальцем по строчке. Что, если сварить это зелье? Что, если вернуть себе то лето — целиком, с маминым голосом, с её руками, заплетающими косу, с её смехом? Разве не этого она хотела все эти годы?

И всё же что-то удерживало её руку. Полумна с детства умела чувствовать то, чего не объяснить словами, — лёгкую тень за радостной мыслью, тревожную ноту в самой светлой мелодии. Сейчас эта нота звучала отчётливо. Мать недаром записала рецепт мельче всех остальных, в самом углу, словно прятала. Недаром приписала предостережение. Она была сильной волшебницей и знала о зельях больше, чем кто-либо, — и если она боялась этого зелья, значит, для страха была причина. Полумна провела пальцем по выцветшим строчкам и попыталась представить, что чувствовала мать, выводя их. Не любопытство. Не азарт первооткрывателя. Скорее печаль — печаль того, кто уже заглянул в эту дверь и понял, что лучше бы её не открывать. Но Полумна была дочерью своей матери. И любопытство в ней всё же оказалось сильнее.

Она переписала список ингредиентов. Большинство из них росло в лесах вокруг — лунная росянка, корень забвенника наоборот, лепестки незабудки, собранные на закате. Не хватало лишь одного: слезы того, кто искренне о чём-то жалеет. «Своей собственной будет довольно», — приписала мать на полях, и Полумне показалось, что в этой пометке звучит грусть.

Полумна закрыла тетрадь и долго сидела в тишине отцовского дома, слушая, как ветер перебирает листву за окном. Где-то там, в забытом лете, осталась её мать — живая, смеющаяся. И зелье обещало распахнуть дверь в это лето.

Оставалось решить, готова ли она войти.',
        'Рецепт на полях', 'Полумна Лавгуд унаследовала от матери не только мечтательный взгляд и привычку видеть то, чего не видят другие, но и старую тетрадь в выцветшем кожаном переплёте. Тетрадь была полна рецептов — не кулинарных, а зельеварческих, записанных торопливым наклонным почерком, с пометками на полях и кляксами от пролитых отваров.

Полумна перечитывала тетрадь много раз, но один рецепт всегда пропускала — он был выведен мелко, в самом углу последней страницы, словно мать стеснялась его или боялась. «Зелье забытого лета», — гласило название. И ниже, ещё мельче: «Возвращает то, что время унесло. Но осторожно: память — не вещь, которую можно просто положить обратно на полку».

Полумне было девять, когда мать погибла во время неудачного опыта. Девочка помнила тот день обрывками — вспышку, крик, запах гари, — но самого главного вспомнить не могла. Последних слов. Последней улыбки. Лета, которое было перед этим. Память милосердно стёрла слишком тяжёлое, и за годы Полумна почти смирилась с этой пустотой.

Почти. Но теперь, разбирая вещи в опустевшем доме отца, она снова держала тетрадь в руках, и рецепт смотрел на неё со страницы, как приглашение.

«Возвращает то, что время унесло». Полумна провела пальцем по строчке. Что, если сварить это зелье? Что, если вернуть себе то лето — целиком, с маминым голосом, с её руками, заплетающими косу, с её смехом? Разве не этого она хотела все эти годы?

И всё же что-то удерживало её руку. Полумна с детства умела чувствовать то, чего не объяснить словами, — лёгкую тень за радостной мыслью, тревожную ноту в самой светлой мелодии. Сейчас эта нота звучала отчётливо. Мать недаром записала рецепт мельче всех остальных, в самом углу, словно прятала. Недаром приписала предостережение. Она была сильной волшебницей и знала о зельях больше, чем кто-либо, — и если она боялась этого зелья, значит, для страха была причина. Полумна провела пальцем по выцветшим строчкам и попыталась представить, что чувствовала мать, выводя их. Не любопытство. Не азарт первооткрывателя. Скорее печаль — печаль того, кто уже заглянул в эту дверь и понял, что лучше бы её не открывать. Но Полумна была дочерью своей матери. И любопытство в ней всё же оказалось сильнее.

Она переписала список ингредиентов. Большинство из них росло в лесах вокруг — лунная росянка, корень забвенника наоборот, лепестки незабудки, собранные на закате. Не хватало лишь одного: слезы того, кто искренне о чём-то жалеет. «Своей собственной будет довольно», — приписала мать на полях, и Полумне показалось, что в этой пометке звучит грусть.

Полумна закрыла тетрадь и долго сидела в тишине отцовского дома, слушая, как ветер перебирает листву за окном. Где-то там, в забытом лете, осталась её мать — живая, смеющаяся. И зелье обещало распахнуть дверь в это лето.

Оставалось решить, готова ли она войти.', 'published', '2026-04-15T12:00:00+00:00', '2026-04-15T13:00:00+00:00');
    INSERT INTO chapters (id, story_id, title, content, draft_title, draft_content, status, created_at, updated_at) VALUES (
        '985a22b4-803e-5742-a8c6-36e3c1fd5a65', '3ee228ac-7838-5cf1-9e43-b04dd666bb71', 'Слеза в котле', 'Полумна варила зелье три ночи подряд. Котёл стоял на кухонном столе, и над ним поднимался пар — то серебристый, то нежно-розовый, то цвета летнего неба перед дождём. Запах менялся вместе с цветом: пахло то скошенной травой, то речной водой, то тёплым хлебом. Полумна узнавала эти запахи, хотя не могла вспомнить, откуда.

На третью ночь зелье было почти готово. Оставался последний шаг — слеза искреннего сожаления. Полумна склонилась над котлом и стала вспоминать. Это оказалось нетрудно. Она жалела о стольком: что была слишком мала, чтобы запомнить; что не успела сказать маме, как сильно её любит; что отец остался один и так и не оправился.

Слеза упала в зелье, и оно вспыхнуло мягким золотым светом. Поверхность стала гладкой, как зеркало, и в этом зеркале Полумна увидела не своё отражение, а летний сад. Тот самый. Залитый солнцем, с качелями под яблоней.

Рука сама потянулась к флакону. Один глоток — и она снова там. Снова с мамой. Полумна зачерпнула зелье ложкой, поднесла к губам — и замерла.

В отражении, в глубине сада, мелькнула мамина фигура. Она поднимала глаза, и в них была не только любовь. Была тревога. Был тот самый последний день, и зелье возвращало его целиком — не только хорошее, но и вспышку, и крик, и запах гари. Память не выбирает. Она возвращает всё или ничего.

Полумна замерла над золотым зеркалом, и в голове у неё с пугающей ясностью выстроилась вся правда. Она так долго мечтала вернуть мамин смех, мамины руки, мамин голос, что ни разу всерьёз не задумалась о цене. А цена была вот какая: чтобы снова услышать смех, придётся снова услышать и крик. Чтобы вернуть тёплое утро в саду, придётся вернуть и страшный полдень. Зелье не умело отделять одно от другого — оно открывало то лето целиком, как открывают запертую комнату, в которой хранится сразу всё. И Полумна, девятилетней девочкой пережившая мамину гибель один раз, теперь должна была решить, готова ли пережить её снова — взрослой, в подробностях, которые милосердное время от неё спрятало. Рука с ложкой дрожала всё сильнее.

Полумна опустила ложку. Она вдруг ясно поняла, что предупреждала мать на полях тетради. Вернуть забытое лето — значило вернуть и его страшный конец. Прожить заново не только мамин смех, но и мамину гибель, во всех подробностях, которые милосердное время спрятало от девятилетней девочки.

Она сидела над золотым зеркалом очень долго. Жёлтый свет дрожал на её лице.

— Я так хотела тебя вспомнить, — прошептала она отражению. — Но ты ведь не этого хотела для меня, правда? Ты спрятала тот день нарочно. Чтобы я помнила тебя живой, а не теряла снова и снова.

Отражение мамы в саду улыбнулось — мягко, как улыбаются, отпуская. И Полумна поняла, что делать.',
        'Слеза в котле', 'Полумна варила зелье три ночи подряд. Котёл стоял на кухонном столе, и над ним поднимался пар — то серебристый, то нежно-розовый, то цвета летнего неба перед дождём. Запах менялся вместе с цветом: пахло то скошенной травой, то речной водой, то тёплым хлебом. Полумна узнавала эти запахи, хотя не могла вспомнить, откуда.

На третью ночь зелье было почти готово. Оставался последний шаг — слеза искреннего сожаления. Полумна склонилась над котлом и стала вспоминать. Это оказалось нетрудно. Она жалела о стольком: что была слишком мала, чтобы запомнить; что не успела сказать маме, как сильно её любит; что отец остался один и так и не оправился.

Слеза упала в зелье, и оно вспыхнуло мягким золотым светом. Поверхность стала гладкой, как зеркало, и в этом зеркале Полумна увидела не своё отражение, а летний сад. Тот самый. Залитый солнцем, с качелями под яблоней.

Рука сама потянулась к флакону. Один глоток — и она снова там. Снова с мамой. Полумна зачерпнула зелье ложкой, поднесла к губам — и замерла.

В отражении, в глубине сада, мелькнула мамина фигура. Она поднимала глаза, и в них была не только любовь. Была тревога. Был тот самый последний день, и зелье возвращало его целиком — не только хорошее, но и вспышку, и крик, и запах гари. Память не выбирает. Она возвращает всё или ничего.

Полумна замерла над золотым зеркалом, и в голове у неё с пугающей ясностью выстроилась вся правда. Она так долго мечтала вернуть мамин смех, мамины руки, мамин голос, что ни разу всерьёз не задумалась о цене. А цена была вот какая: чтобы снова услышать смех, придётся снова услышать и крик. Чтобы вернуть тёплое утро в саду, придётся вернуть и страшный полдень. Зелье не умело отделять одно от другого — оно открывало то лето целиком, как открывают запертую комнату, в которой хранится сразу всё. И Полумна, девятилетней девочкой пережившая мамину гибель один раз, теперь должна была решить, готова ли пережить её снова — взрослой, в подробностях, которые милосердное время от неё спрятало. Рука с ложкой дрожала всё сильнее.

Полумна опустила ложку. Она вдруг ясно поняла, что предупреждала мать на полях тетради. Вернуть забытое лето — значило вернуть и его страшный конец. Прожить заново не только мамин смех, но и мамину гибель, во всех подробностях, которые милосердное время спрятало от девятилетней девочки.

Она сидела над золотым зеркалом очень долго. Жёлтый свет дрожал на её лице.

— Я так хотела тебя вспомнить, — прошептала она отражению. — Но ты ведь не этого хотела для меня, правда? Ты спрятала тот день нарочно. Чтобы я помнила тебя живой, а не теряла снова и снова.

Отражение мамы в саду улыбнулось — мягко, как улыбаются, отпуская. И Полумна поняла, что делать.', 'published', '2026-04-16T12:00:00+00:00', '2026-04-16T13:00:00+00:00');
    INSERT INTO chapters (id, story_id, title, content, draft_title, draft_content, status, created_at, updated_at) VALUES (
        '14a999f5-b4f7-5c7d-b8e2-7a86c392fa4e', '3ee228ac-7838-5cf1-9e43-b04dd666bb71', 'То, что лучше прожить заново', 'Полумна не выпила зелье. Вместо этого она вынесла котёл в сад — в свой собственный сад, не тот, из отражения, — и осторожно вылила золотую жидкость под старую яблоню. Земля впитала её с тихим вздохом, и на мгновение Полумне почудилось, что воздух наполнился маминым смехом — лёгким, не печальным.

— Я не буду возвращать то лето, — сказала она вслух, обращаясь не то к маме, не то к себе. — Я лучше проживу новое.

Она поняла наконец, в чём была мудрость материнской пометки. Память — не вещь, которую можно положить обратно на полку. Прошлое нельзя вернуть, не вернув вместе с ним всю боль. Но можно сделать другое — наполнить пустоту, оставшуюся от забытого, чем-то новым и живым.

Это решение далось ей не сразу. Полумна сидела в опустевшем саду до самого рассвета, и не раз ей хотелось передумать, вернуться на кухню, собрать со стенок котла последние золотые капли. Тоска по матери была так сильна, что временами становилось трудно дышать. Но всякий раз, когда искушение почти побеждало, перед глазами вставало лицо мамы из отражения — не испуганное, не страдающее, а спокойное и любящее, отпускающее. Мать спрятала тот день не по слабости. Она спрятала его как последний подарок дочери — чтобы Полумна росла, помня её живой и смеющейся, а не теряла её снова и снова в кошмарах. Отказаться от зелья значило принять этот подарок. И на рассвете Полумна наконец приняла его — благодарно и окончательно.

Наутро Полумна написала отцу длинное письмо. Она звала его съездить вместе к морю, куда они когда-то ездили втроём. Не чтобы вспомнить — чтобы создать новую память, поверх старой, светлую. Отец ответил согласием в тот же день, и в его коротком письме сквозила робкая радость, которой Полумна не видела в нём годами.

Тетрадь с рецептами она убрала в шкатулку, но рецепт забытого лета осторожно вырезала и сожгла. Не из страха — из любви. Чтобы никто больше не поддался искушению вернуть то, что время унесло из милосердия.

Лето они с отцом провели на побережье. Полумна собирала ракушки, искала в волнах несуществующих морских нарглов, смеялась так, что болели щёки. По вечерам они с отцом сидели на тёплом песке и говорили о маме — не плача, а улыбаясь, вспоминая хорошее. И этого хорошего, оказалось, было гораздо больше, чем Полумна думала.

Однажды на закате, глядя на золотую дорожку, бегущую по воде от солнца к берегу, Полумна вдруг поняла, что больше не чувствует той сосущей пустоты внутри. Забытое лето так и осталось забытым. Но рядом было новое — настоящее, тёплое, своё.

— Спасибо, что предупредила, — прошептала она ветру.

И ветер, тёплый и солёный, ответил ей, шевельнув волосы, — совсем как мамина рука когда-то.',
        'То, что лучше прожить заново', 'Полумна не выпила зелье. Вместо этого она вынесла котёл в сад — в свой собственный сад, не тот, из отражения, — и осторожно вылила золотую жидкость под старую яблоню. Земля впитала её с тихим вздохом, и на мгновение Полумне почудилось, что воздух наполнился маминым смехом — лёгким, не печальным.

— Я не буду возвращать то лето, — сказала она вслух, обращаясь не то к маме, не то к себе. — Я лучше проживу новое.

Она поняла наконец, в чём была мудрость материнской пометки. Память — не вещь, которую можно положить обратно на полку. Прошлое нельзя вернуть, не вернув вместе с ним всю боль. Но можно сделать другое — наполнить пустоту, оставшуюся от забытого, чем-то новым и живым.

Это решение далось ей не сразу. Полумна сидела в опустевшем саду до самого рассвета, и не раз ей хотелось передумать, вернуться на кухню, собрать со стенок котла последние золотые капли. Тоска по матери была так сильна, что временами становилось трудно дышать. Но всякий раз, когда искушение почти побеждало, перед глазами вставало лицо мамы из отражения — не испуганное, не страдающее, а спокойное и любящее, отпускающее. Мать спрятала тот день не по слабости. Она спрятала его как последний подарок дочери — чтобы Полумна росла, помня её живой и смеющейся, а не теряла её снова и снова в кошмарах. Отказаться от зелья значило принять этот подарок. И на рассвете Полумна наконец приняла его — благодарно и окончательно.

Наутро Полумна написала отцу длинное письмо. Она звала его съездить вместе к морю, куда они когда-то ездили втроём. Не чтобы вспомнить — чтобы создать новую память, поверх старой, светлую. Отец ответил согласием в тот же день, и в его коротком письме сквозила робкая радость, которой Полумна не видела в нём годами.

Тетрадь с рецептами она убрала в шкатулку, но рецепт забытого лета осторожно вырезала и сожгла. Не из страха — из любви. Чтобы никто больше не поддался искушению вернуть то, что время унесло из милосердия.

Лето они с отцом провели на побережье. Полумна собирала ракушки, искала в волнах несуществующих морских нарглов, смеялась так, что болели щёки. По вечерам они с отцом сидели на тёплом песке и говорили о маме — не плача, а улыбаясь, вспоминая хорошее. И этого хорошего, оказалось, было гораздо больше, чем Полумна думала.

Однажды на закате, глядя на золотую дорожку, бегущую по воде от солнца к берегу, Полумна вдруг поняла, что больше не чувствует той сосущей пустоты внутри. Забытое лето так и осталось забытым. Но рядом было новое — настоящее, тёплое, своё.

— Спасибо, что предупредила, — прошептала она ветру.

И ветер, тёплый и солёный, ответил ей, шевельнув волосы, — совсем как мамина рука когда-то.', 'published', '2026-04-17T12:00:00+00:00', '2026-04-17T13:00:00+00:00');

    -- [4] Капитан запасного состава (harry-potter)
    INSERT INTO stories (id, slug, title, status, author_id, ai_summary, created_at, updated_at) VALUES (
        'd60bf14a-784f-5235-9986-6a8fa0c9d4ad', 'hp-kapitan-zapasnogo-sostava', 'Капитан запасного состава', 'published', v_author_id, 'Джинни Уизли возвращается тренировать команду Гриффиндора по квиддичу — и обнаруживает, что собрала самый бесталанный, но самый дружный состав за всю историю факультета.',
        '2026-04-13T12:00:00+00:00', '2026-05-16T09:00:00+00:00');
    INSERT INTO story_tags (story_id, tag_id) VALUES ('d60bf14a-784f-5235-9986-6a8fa0c9d4ad', '10000001-0001-4001-8001-000000000001');
    INSERT INTO story_tags (story_id, tag_id) VALUES ('d60bf14a-784f-5235-9986-6a8fa0c9d4ad', '10000004-0004-4004-8004-000000000001');
    INSERT INTO story_tags (story_id, tag_id) VALUES ('d60bf14a-784f-5235-9986-6a8fa0c9d4ad', '10000005-0005-4005-8005-000000000002');
    INSERT INTO story_tags (story_id, tag_id) VALUES ('d60bf14a-784f-5235-9986-6a8fa0c9d4ad', '10000006-0006-4006-8006-000000000001');
    INSERT INTO story_tags (story_id, tag_id) VALUES ('d60bf14a-784f-5235-9986-6a8fa0c9d4ad', '10000002-0002-4002-8002-000000000002');
    INSERT INTO story_tags (story_id, tag_id) VALUES ('d60bf14a-784f-5235-9986-6a8fa0c9d4ad', '10000002-0002-4002-8002-000000000004');
    INSERT INTO chapters (id, story_id, title, content, draft_title, draft_content, status, created_at, updated_at) VALUES (
        'd3f1842b-77d3-5f9d-94ed-cfc9c58fc398', 'd60bf14a-784f-5235-9986-6a8fa0c9d4ad', 'Отбор', 'Джинни Уизли стояла посреди поля для квиддича, уперев руки в бока, и с возрастающим ужасом разглядывала претендентов. На отбор в команду Гриффиндора явилось семеро. Семеро — на семь мест. Выбирать было не из кого.

— Так, — сказала она, стараясь, чтобы голос звучал бодро. — Прекрасно, что вы все пришли. Просто... прекрасно.

Первый кандидат, долговязый третьекурсник по имени Колин, не умел толком держаться на метле — его то и дело заносило вбок, будто метлу тянул невидимый магнит. Вторая, крохотная второкурсница Аиша, летала отлично, но панически боялась мяча и всякий раз зажмуривалась, когда квоффл летел в её сторону. Близнецы Патил с пятого курса путались, кто из них на какой позиции, и постоянно сталкивались в воздухе.

Джинни закрыла лицо ладонью. Год назад она играла в команде, которая брала кубок. Теперь перед ней барахтались в небе семеро, которых даже команда первокурсников Слизерина разнесла бы всухую.

— Может, скажете нам, что мы безнадёжны, и распустите всех по гостиным? — весело предложил Колин, в третий раз сползая с метлы. — Я не обижусь.

Джинни уже почти открыла рот, чтобы согласиться. Но что-то её остановило. Она оглядела эту нелепую семёрку — растрёпанных, запыхавшихся, перепачканных травой — и увидела то, чего не ожидала. Они не выглядели расстроенными. Они смеялись. Над собой, друг над другом, над собственными падениями. Им просто нравилось летать.

Джинни смотрела на эту нелепую семёрку — растрёпанных, перепачканных травой, то и дело сползающих с мётел — и неожиданно для себя почувствовала к ним что-то вроде нежности. Они напоминали ей не великих чемпионов, а саму себя в детстве: маленькую девчонку, которая тайком таскала мётлы старших братьев и кружила над садом Норы, замирая от восторга, пока её не загоняли домой. Тогда она не думала ни о кубках, ни о победах. Был только ветер в лицо, только небо и метла, только чистая, ничем не омрачённая радость полёта. И, глядя на этих семерых, Джинни вдруг ясно вспомнила, ради чего вообще когда-то полюбила квиддич. Не ради трофеев. Ради вот этого ощущения. И будь она проклята, если отнимет его у кого-то только потому, что он пока неуклюж.

И Джинни вдруг вспомнила, какой она сама была когда-то — девчонкой, что тайком таскала метлы старших братьев и кружила над садом, замирая от счастья. До всех кубков и побед было именно это — чистая радость полёта.

— Никого не распускаю, — объявила она, и собственный голос удивил её твёрдостью. — Вы все приняты. Поздравляю, вы — новая команда Гриффиндора.

Семёрка ошарашенно переглянулась.

— Но мы же ужасны, — честно сказала Аиша.

— Пока — да, — согласилась Джинни и впервые за день усмехнулась по-настоящему. — Но у нас впереди целый сезон. И я была в худших переделках, чем эта. Хотя, — добавила она, глядя, как Колин снова медленно заваливается набок, — пожалуй, ненамного.',
        'Отбор', 'Джинни Уизли стояла посреди поля для квиддича, уперев руки в бока, и с возрастающим ужасом разглядывала претендентов. На отбор в команду Гриффиндора явилось семеро. Семеро — на семь мест. Выбирать было не из кого.

— Так, — сказала она, стараясь, чтобы голос звучал бодро. — Прекрасно, что вы все пришли. Просто... прекрасно.

Первый кандидат, долговязый третьекурсник по имени Колин, не умел толком держаться на метле — его то и дело заносило вбок, будто метлу тянул невидимый магнит. Вторая, крохотная второкурсница Аиша, летала отлично, но панически боялась мяча и всякий раз зажмуривалась, когда квоффл летел в её сторону. Близнецы Патил с пятого курса путались, кто из них на какой позиции, и постоянно сталкивались в воздухе.

Джинни закрыла лицо ладонью. Год назад она играла в команде, которая брала кубок. Теперь перед ней барахтались в небе семеро, которых даже команда первокурсников Слизерина разнесла бы всухую.

— Может, скажете нам, что мы безнадёжны, и распустите всех по гостиным? — весело предложил Колин, в третий раз сползая с метлы. — Я не обижусь.

Джинни уже почти открыла рот, чтобы согласиться. Но что-то её остановило. Она оглядела эту нелепую семёрку — растрёпанных, запыхавшихся, перепачканных травой — и увидела то, чего не ожидала. Они не выглядели расстроенными. Они смеялись. Над собой, друг над другом, над собственными падениями. Им просто нравилось летать.

Джинни смотрела на эту нелепую семёрку — растрёпанных, перепачканных травой, то и дело сползающих с мётел — и неожиданно для себя почувствовала к ним что-то вроде нежности. Они напоминали ей не великих чемпионов, а саму себя в детстве: маленькую девчонку, которая тайком таскала мётлы старших братьев и кружила над садом Норы, замирая от восторга, пока её не загоняли домой. Тогда она не думала ни о кубках, ни о победах. Был только ветер в лицо, только небо и метла, только чистая, ничем не омрачённая радость полёта. И, глядя на этих семерых, Джинни вдруг ясно вспомнила, ради чего вообще когда-то полюбила квиддич. Не ради трофеев. Ради вот этого ощущения. И будь она проклята, если отнимет его у кого-то только потому, что он пока неуклюж.

И Джинни вдруг вспомнила, какой она сама была когда-то — девчонкой, что тайком таскала метлы старших братьев и кружила над садом, замирая от счастья. До всех кубков и побед было именно это — чистая радость полёта.

— Никого не распускаю, — объявила она, и собственный голос удивил её твёрдостью. — Вы все приняты. Поздравляю, вы — новая команда Гриффиндора.

Семёрка ошарашенно переглянулась.

— Но мы же ужасны, — честно сказала Аиша.

— Пока — да, — согласилась Джинни и впервые за день усмехнулась по-настоящему. — Но у нас впереди целый сезон. И я была в худших переделках, чем эта. Хотя, — добавила она, глядя, как Колин снова медленно заваливается набок, — пожалуй, ненамного.', 'published', '2026-04-13T12:00:00+00:00', '2026-04-13T13:00:00+00:00');
    INSERT INTO chapters (id, story_id, title, content, draft_title, draft_content, status, created_at, updated_at) VALUES (
        '6820f30e-4f16-5767-af12-419f8e1f3188', 'd60bf14a-784f-5235-9986-6a8fa0c9d4ad', 'Тренировки отчаяния', 'Первая неделя тренировок вошла в неофициальную историю факультета как «неделя великих падений». Джинни сбилась со счёта, сколько раз ей пришлось ловить кого-нибудь заклинанием левитации в полуметре от земли. Колин падал так часто и так зрелищно, что однокурсники начали приходить на трибуны, как на представление.

Но Джинни не сдавалась. Она разбила тренировку на простые упражнения. Аиша, боявшаяся мяча, начала с мягкого тряпичного квоффла, который Джинни заколдовала так, чтобы он летел медленно. Близнецам Патил она надела на мантии повязки разного цвета, чтобы они наконец перестали путать, кто где. Колину достались утяжелённые ботинки — и метлу перестало кренить.

— Видишь? — сказала Джинни, когда Колин впервые пролетел по прямой, не свалившись. — Тебя кренило не из-за неумения. Просто у тебя одна нога легче другой, вот метла и слушалась криво. Это лечится.

Это стало для Джинни главным открытием тех недель: почти за каждой «бездарностью» прячется какая-нибудь простая, вполне поправимая причина, которую никто не дал себе труда заметить. Аиша боялась мяча не потому, что была труслива, — просто однажды квоффл сильно ударил её по лицу, и тело запомнило боль. Близнецы Патил путались в позициях не от глупости, а потому что им никогда толком не объясняли тактику. Колина кренило из-за пустяковой разницы в весе ног. Все эти дети годами слышали, что они неспособны, и почти поверили в это, — а на деле им просто не хватало тренера, готового разобраться. Джинни злилась, вспоминая прежних капитанов, которые отбраковывали таких, как они, не глядя. Сама-то она в детстве намучилась, доказывая шестерым старшим братьям, что девчонка тоже умеет летать, — и потому особенно не выносила, когда кого-то списывали со счетов раньше времени. И эта злость только укрепляла её решимость возиться с каждым из своей семёрки столько, сколько понадобится.

Колин смотрел на неё, будто она открыла ему тайну вселенной.

— Никто раньше не догадался, — сказал он тихо. — Все просто говорили, что я бездарь.

— Бездарей не бывает, — отрезала Джинни. — Бывают тренеры, которым лень разобраться.

К концу второй недели команда уже не падала. К концу третьей — начала попадать квоффлом в кольца. Аиша, та самая, что зажмуривалась, неожиданно оказалась прирождённым вратарём: стоило ей перебороть страх, как выяснилось, что у неё мгновенная реакция. Она брала такие мячи, что Джинни только присвистывала.

Однажды вечером, после особенно удачной тренировки, вся команда завалилась в гостиную, мокрая и счастливая, и Колин притащил откуда-то целый поднос тыквенного печенья.

— За капитана! — провозгласил он, поднимая печенье, как кубок.

— За команду, — поправила Джинни, но улыбнулась.

Она смотрела на них — на свою нелепую, неказистую, но упрямую семёрку — и понимала, что давно не была так довольна. Кубок кубком, а вот это ощущение, когда видишь, как человек перестаёт верить, что он бездарь, — оно стоило всех трофеев на свете.',
        'Тренировки отчаяния', 'Первая неделя тренировок вошла в неофициальную историю факультета как «неделя великих падений». Джинни сбилась со счёта, сколько раз ей пришлось ловить кого-нибудь заклинанием левитации в полуметре от земли. Колин падал так часто и так зрелищно, что однокурсники начали приходить на трибуны, как на представление.

Но Джинни не сдавалась. Она разбила тренировку на простые упражнения. Аиша, боявшаяся мяча, начала с мягкого тряпичного квоффла, который Джинни заколдовала так, чтобы он летел медленно. Близнецам Патил она надела на мантии повязки разного цвета, чтобы они наконец перестали путать, кто где. Колину достались утяжелённые ботинки — и метлу перестало кренить.

— Видишь? — сказала Джинни, когда Колин впервые пролетел по прямой, не свалившись. — Тебя кренило не из-за неумения. Просто у тебя одна нога легче другой, вот метла и слушалась криво. Это лечится.

Это стало для Джинни главным открытием тех недель: почти за каждой «бездарностью» прячется какая-нибудь простая, вполне поправимая причина, которую никто не дал себе труда заметить. Аиша боялась мяча не потому, что была труслива, — просто однажды квоффл сильно ударил её по лицу, и тело запомнило боль. Близнецы Патил путались в позициях не от глупости, а потому что им никогда толком не объясняли тактику. Колина кренило из-за пустяковой разницы в весе ног. Все эти дети годами слышали, что они неспособны, и почти поверили в это, — а на деле им просто не хватало тренера, готового разобраться. Джинни злилась, вспоминая прежних капитанов, которые отбраковывали таких, как они, не глядя. Сама-то она в детстве намучилась, доказывая шестерым старшим братьям, что девчонка тоже умеет летать, — и потому особенно не выносила, когда кого-то списывали со счетов раньше времени. И эта злость только укрепляла её решимость возиться с каждым из своей семёрки столько, сколько понадобится.

Колин смотрел на неё, будто она открыла ему тайну вселенной.

— Никто раньше не догадался, — сказал он тихо. — Все просто говорили, что я бездарь.

— Бездарей не бывает, — отрезала Джинни. — Бывают тренеры, которым лень разобраться.

К концу второй недели команда уже не падала. К концу третьей — начала попадать квоффлом в кольца. Аиша, та самая, что зажмуривалась, неожиданно оказалась прирождённым вратарём: стоило ей перебороть страх, как выяснилось, что у неё мгновенная реакция. Она брала такие мячи, что Джинни только присвистывала.

Однажды вечером, после особенно удачной тренировки, вся команда завалилась в гостиную, мокрая и счастливая, и Колин притащил откуда-то целый поднос тыквенного печенья.

— За капитана! — провозгласил он, поднимая печенье, как кубок.

— За команду, — поправила Джинни, но улыбнулась.

Она смотрела на них — на свою нелепую, неказистую, но упрямую семёрку — и понимала, что давно не была так довольна. Кубок кубком, а вот это ощущение, когда видишь, как человек перестаёт верить, что он бездарь, — оно стоило всех трофеев на свете.', 'published', '2026-04-14T12:00:00+00:00', '2026-04-14T13:00:00+00:00');
    INSERT INTO chapters (id, story_id, title, content, draft_title, draft_content, status, created_at, updated_at) VALUES (
        '2b0ba29b-0ccb-5d2c-8252-ec6cf25c1425', 'd60bf14a-784f-5235-9986-6a8fa0c9d4ad', 'Матч, который проиграли', 'Первый матч сезона Гриффиндор играл против Когтеврана, и трибуны были полны — слухи о «команде чудаков» разлетелись по всей школе. Многие пришли посмеяться. Джинни знала это и нарочно собрала команду в раздевалке за полчаса до игры.

— Слушайте меня внимательно, — сказала она. — Сегодня мы, скорее всего, проиграем. Когтевран сильнее, опытнее, и это нормально. Но я не для победы вас сюда привела.

Семёрка притихла.

— Я привела вас, чтобы вы вышли на это поле и не побоялись. Чтобы пролетели мимо тех, кто пришёл смеяться, и показали им, что умеете. Проигрыш — это не позор. Позор — это не выйти вообще. Понятно?

— Понятно, капитан, — нестройно отозвалась команда.

Матч был тяжёлым. Когтевран вёл с самого начала, и счёт быстро стал неприличным. Но случилось то, чего никто на трибунах не ожидал. Команда чудаков не сдавалась. Аиша брала немыслимые мячи, и трибуны ахали. Колин, тот самый, что падал каждые пять минут, провёл изящнейший манёвр и забил гол — единственный, но настоящий. Близнецы Патил летали так слаженно, что казались одним человеком в двух телах.

Джинни наблюдала за матчем с края поля, и сердце у неё колотилось так, будто играла она сама. Счёт был безнадёжным, и любой посторонний сказал бы, что смотреть тут не на что. Но Джинни видела другое. Видела, как Колин, ещё месяц назад валившийся с метлы каждые пять минут, держится в воздухе уверенно и красиво. Как Аиша, прежде зажмуривавшаяся от страха, бросается на мяч без тени колебания. Как вся её нелепая семёрка, над которой пришли смеяться полные трибуны, играет в полную силу, не опуская рук даже при таком разгромном счёте. Это и была настоящая победа — не в очках, а в том, что они не сломались, не сдались, не убежали с поля. И Джинни, стоя у бровки, чувствовала, как глаза предательски щиплет от гордости за них. Трибуны, пришедшие потешаться, мало-помалу затихали — даже самым язвительным становилось не до смеха при виде такого упрямого, отчаянного мужества.

Гриффиндор проиграл. Разгромно, со счётом, который не хотелось называть вслух. Но когда прозвучал финальный свисток, трибуны вдруг встали — и зааплодировали. Не победителям. Проигравшим. Тем, кто не побоялся.

В раздевалке после матча царило странное настроение — не радостное, но и не подавленное. Команда сидела на скамьях, тяжело дыша, перепачканная и счастливая.

— Мы продули, — сказал Колин. И вдруг широко улыбнулся. — Но это был лучший день в моей жизни.

Джинни оглядела их всех и почувствовала, как к горлу подкатывает что-то тёплое.

— Вот теперь, — сказала она, — вы настоящая команда. Кубки приходят и уходят. А это — остаётся. Тренировка завтра в шесть. Не опаздывать.

И семёрка, проигравшая всухую, заорала «ура» так, что задрожали стёкла.',
        'Матч, который проиграли', 'Первый матч сезона Гриффиндор играл против Когтеврана, и трибуны были полны — слухи о «команде чудаков» разлетелись по всей школе. Многие пришли посмеяться. Джинни знала это и нарочно собрала команду в раздевалке за полчаса до игры.

— Слушайте меня внимательно, — сказала она. — Сегодня мы, скорее всего, проиграем. Когтевран сильнее, опытнее, и это нормально. Но я не для победы вас сюда привела.

Семёрка притихла.

— Я привела вас, чтобы вы вышли на это поле и не побоялись. Чтобы пролетели мимо тех, кто пришёл смеяться, и показали им, что умеете. Проигрыш — это не позор. Позор — это не выйти вообще. Понятно?

— Понятно, капитан, — нестройно отозвалась команда.

Матч был тяжёлым. Когтевран вёл с самого начала, и счёт быстро стал неприличным. Но случилось то, чего никто на трибунах не ожидал. Команда чудаков не сдавалась. Аиша брала немыслимые мячи, и трибуны ахали. Колин, тот самый, что падал каждые пять минут, провёл изящнейший манёвр и забил гол — единственный, но настоящий. Близнецы Патил летали так слаженно, что казались одним человеком в двух телах.

Джинни наблюдала за матчем с края поля, и сердце у неё колотилось так, будто играла она сама. Счёт был безнадёжным, и любой посторонний сказал бы, что смотреть тут не на что. Но Джинни видела другое. Видела, как Колин, ещё месяц назад валившийся с метлы каждые пять минут, держится в воздухе уверенно и красиво. Как Аиша, прежде зажмуривавшаяся от страха, бросается на мяч без тени колебания. Как вся её нелепая семёрка, над которой пришли смеяться полные трибуны, играет в полную силу, не опуская рук даже при таком разгромном счёте. Это и была настоящая победа — не в очках, а в том, что они не сломались, не сдались, не убежали с поля. И Джинни, стоя у бровки, чувствовала, как глаза предательски щиплет от гордости за них. Трибуны, пришедшие потешаться, мало-помалу затихали — даже самым язвительным становилось не до смеха при виде такого упрямого, отчаянного мужества.

Гриффиндор проиграл. Разгромно, со счётом, который не хотелось называть вслух. Но когда прозвучал финальный свисток, трибуны вдруг встали — и зааплодировали. Не победителям. Проигравшим. Тем, кто не побоялся.

В раздевалке после матча царило странное настроение — не радостное, но и не подавленное. Команда сидела на скамьях, тяжело дыша, перепачканная и счастливая.

— Мы продули, — сказал Колин. И вдруг широко улыбнулся. — Но это был лучший день в моей жизни.

Джинни оглядела их всех и почувствовала, как к горлу подкатывает что-то тёплое.

— Вот теперь, — сказала она, — вы настоящая команда. Кубки приходят и уходят. А это — остаётся. Тренировка завтра в шесть. Не опаздывать.

И семёрка, проигравшая всухую, заорала «ура» так, что задрожали стёкла.', 'published', '2026-04-15T12:00:00+00:00', '2026-04-15T13:00:00+00:00');
    INSERT INTO chapters (id, story_id, title, content, draft_title, draft_content, status, created_at, updated_at) VALUES (
        '1393dd6f-60de-59c8-97ed-03d0462a446d', 'd60bf14a-784f-5235-9986-6a8fa0c9d4ad', 'Чему учит квиддич', 'Сезон команда Джинни закончила, не выиграв кубок. Они заняли последнее место в турнирной таблице, и формально это был провал. Но к концу года в гриффиндорскую сборную выстроилась очередь желающих — впервые за всё время отбор пришлось устраивать всерьёз, потому что претендентов оказалось втрое больше, чем мест.

— Не понимаю, — призналась МакГонагалл, встретив Джинни в коридоре. — Команда внизу таблицы, а популярнее всех остальных. Как вам это удалось, мисс Уизли?

Джинни задумалась.

— Наверное, дело в том, профессор, что у нас никого не отчисляли за неумение, — сказала она наконец. — К нам можно было прийти любым — неуклюжим, трусоватым, нескладным — и стать частью чего-то. Люди это чувствуют. Победа притягивает зрителей. А вот ощущение, что тебя примут любым, — притягивает игроков.

МакГонагалл слушала её внимательно, и в строгих глазах директрисы читалось нечто, похожее на одобрение. Джинни и сама, проговаривая это вслух, лучше понимала, что именно сделала за этот год. Она ведь не ставила себе высоких целей — просто не смогла прогнать семерых неумех в первый день и дальше шла за этим решением, шаг за шагом. А вышло, что она построила нечто большее, чем команду. Она построила место, куда не страшно прийти. Где тебя не измеряют по таблице, не отбраковывают за неловкость, не вешают ярлык «бездарь». И теперь к этому месту тянулись все — потому что каждому, в глубине души, хочется именно такого: чтобы приняли любым. Победы притягивают зевак на трибуны. А вот это притягивает людей по-настоящему — и держит крепче любого кубка.

МакГонагалл долго смотрела на неё, потом едва заметно улыбнулась.

— Из вас выйдет прекрасный тренер, мисс Уизли. И, осмелюсь сказать, прекрасный человек.

Перед отъездом домой команда устроила Джинни прощальный сюрприз. Они собрались на поле в последний раз, и Колин — уже не падавший, ловкий, выросший за год на голову — вручил ей самодельный кубок. Корявый, склёпанный из старого котла, с надписью, нацарапанной вкривь и вкось: «Лучшему капитану. От худшей команды».

— Мы тут подумали, — сказал Колин, смущённо переминаясь, — раз настоящий кубок мы тебе не добыли... вот. Сами сделали. Он, конечно, кривой.

— Он идеальный, — сказала Джинни, и голос у неё предательски дрогнул.

Они взлетели все вместе — последний круг над полем, на закате, когда тени тянулись через всю траву, а небо горело золотом. Семеро бывших неумех и их капитан кружили в тёплом вечернем воздухе, смеясь и перекрикиваясь, и со стороны их было не отличить от чемпионов.

Потому что чемпионами их и сделал этот год. Не по очкам — по духу. А этого, как говорила Джинни, не отнимет ни одна турнирная таблица.

Кривой кубок из старого котла Джинни хранила потом всю жизнь — на самом видном месте, впереди всех настоящих трофеев. Он того стоил.',
        'Чему учит квиддич', 'Сезон команда Джинни закончила, не выиграв кубок. Они заняли последнее место в турнирной таблице, и формально это был провал. Но к концу года в гриффиндорскую сборную выстроилась очередь желающих — впервые за всё время отбор пришлось устраивать всерьёз, потому что претендентов оказалось втрое больше, чем мест.

— Не понимаю, — призналась МакГонагалл, встретив Джинни в коридоре. — Команда внизу таблицы, а популярнее всех остальных. Как вам это удалось, мисс Уизли?

Джинни задумалась.

— Наверное, дело в том, профессор, что у нас никого не отчисляли за неумение, — сказала она наконец. — К нам можно было прийти любым — неуклюжим, трусоватым, нескладным — и стать частью чего-то. Люди это чувствуют. Победа притягивает зрителей. А вот ощущение, что тебя примут любым, — притягивает игроков.

МакГонагалл слушала её внимательно, и в строгих глазах директрисы читалось нечто, похожее на одобрение. Джинни и сама, проговаривая это вслух, лучше понимала, что именно сделала за этот год. Она ведь не ставила себе высоких целей — просто не смогла прогнать семерых неумех в первый день и дальше шла за этим решением, шаг за шагом. А вышло, что она построила нечто большее, чем команду. Она построила место, куда не страшно прийти. Где тебя не измеряют по таблице, не отбраковывают за неловкость, не вешают ярлык «бездарь». И теперь к этому месту тянулись все — потому что каждому, в глубине души, хочется именно такого: чтобы приняли любым. Победы притягивают зевак на трибуны. А вот это притягивает людей по-настоящему — и держит крепче любого кубка.

МакГонагалл долго смотрела на неё, потом едва заметно улыбнулась.

— Из вас выйдет прекрасный тренер, мисс Уизли. И, осмелюсь сказать, прекрасный человек.

Перед отъездом домой команда устроила Джинни прощальный сюрприз. Они собрались на поле в последний раз, и Колин — уже не падавший, ловкий, выросший за год на голову — вручил ей самодельный кубок. Корявый, склёпанный из старого котла, с надписью, нацарапанной вкривь и вкось: «Лучшему капитану. От худшей команды».

— Мы тут подумали, — сказал Колин, смущённо переминаясь, — раз настоящий кубок мы тебе не добыли... вот. Сами сделали. Он, конечно, кривой.

— Он идеальный, — сказала Джинни, и голос у неё предательски дрогнул.

Они взлетели все вместе — последний круг над полем, на закате, когда тени тянулись через всю траву, а небо горело золотом. Семеро бывших неумех и их капитан кружили в тёплом вечернем воздухе, смеясь и перекрикиваясь, и со стороны их было не отличить от чемпионов.

Потому что чемпионами их и сделал этот год. Не по очкам — по духу. А этого, как говорила Джинни, не отнимет ни одна турнирная таблица.

Кривой кубок из старого котла Джинни хранила потом всю жизнь — на самом видном месте, впереди всех настоящих трофеев. Он того стоил.', 'published', '2026-04-16T12:00:00+00:00', '2026-04-16T13:00:00+00:00');

    -- [5] Карта, которой не было (harry-potter)
    INSERT INTO stories (id, slug, title, status, author_id, ai_summary, created_at, updated_at) VALUES (
        '83e3e42b-bc9f-5239-bcc8-162809dc1dad', 'hp-karta-kotoroy-ne-bylo', 'Карта, которой не было', 'published', v_author_id, 'Первокурсник Тео находит в старом классе обрывок незнакомой карты Хогвартса — на ней есть коридоры, которых нет в замке. Или они всё-таки есть?',
        '2026-04-11T12:00:00+00:00', '2026-05-15T08:00:00+00:00');
    INSERT INTO story_tags (story_id, tag_id) VALUES ('83e3e42b-bc9f-5239-bcc8-162809dc1dad', '10000001-0001-4001-8001-000000000001');
    INSERT INTO story_tags (story_id, tag_id) VALUES ('83e3e42b-bc9f-5239-bcc8-162809dc1dad', '10000004-0004-4004-8004-000000000001');
    INSERT INTO story_tags (story_id, tag_id) VALUES ('83e3e42b-bc9f-5239-bcc8-162809dc1dad', '10000005-0005-4005-8005-000000000003');
    INSERT INTO story_tags (story_id, tag_id) VALUES ('83e3e42b-bc9f-5239-bcc8-162809dc1dad', '10000006-0006-4006-8006-000000000002');
    INSERT INTO story_tags (story_id, tag_id) VALUES ('83e3e42b-bc9f-5239-bcc8-162809dc1dad', '10000002-0002-4002-8002-000000000006');
    INSERT INTO story_tags (story_id, tag_id) VALUES ('83e3e42b-bc9f-5239-bcc8-162809dc1dad', '10000002-0002-4002-8002-000000000003');
    INSERT INTO chapters (id, story_id, title, content, draft_title, draft_content, status, created_at, updated_at) VALUES (
        '266a8137-8f7b-5d55-b66b-031f78207174', '83e3e42b-bc9f-5239-bcc8-162809dc1dad', 'Обрывок пергамента', 'Тео Финч-Флетчли заблудился на третий день учёбы. Это, в общем, было неудивительно: лестницы в Хогвартсе двигались, портреты давали неверные советы нарочно, а коридоры имели наглость менять направление, стоило отвернуться. Тео свернул не там, потом ещё раз не там — и оказался в классе, где, судя по слою пыли, не бывали лет десять.

Парты были сдвинуты к стене, доска исписана выцветшими формулами, а в углу громоздился старый шкаф с приоткрытой дверцей. Тео, мальчик любопытный, не удержался и заглянул внутрь. На нижней полке, под грудой сломанных перьев и пустых чернильниц, лежал сложенный вчетверо обрывок пергамента.

Тео развернул его — и присвистнул. Это была карта. Карта Хогвартса, нарисованная тонкими чернильными линиями, с подписанными коридорами и лестницами. Но что-то в ней было не так.

Он узнал главную лестницу, узнал коридор третьего этажа. А вот рядом с ними тянулись переходы, которых Тео никогда не видел. Целое крыло, подписанное странным словом «Восточная галерея», уходило вбок от астрономической башни. Только вот никакой восточной галереи в замке не было — Тео точно знал, потому что заблудиться там успел уже трижды.

Самое странное было в другом. Чернила на карте едва заметно двигались. Линии коридоров чуть подрагивали, будто дышали, а в подписи «Восточная галерея» буквы медленно перетекали одна в другую, словно карта не могла решить, как это место называется на самом деле.

Тео знал кое-что о картах — отец, маггл, увлекался старинными атласами, и мальчик с детства любил разглядывать тонкие линии дорог и аккуратные подписи. Но ни одна мамина или папина карта никогда не двигалась. А эта жила. Линии коридоров чуть подрагивали под пальцами, словно по ним пробегала слабая дрожь, подписи перетекали одна в другую, не в силах остановиться на чём-то одном. Это было волшебство, и волшебство непростое — Тео нутром чуял, что держит в руках не школьную поделку, а вещь старую, странную и, может быть, не вполне безопасную. Любой здравомыслящий первокурсник сложил бы такую находку обратно в шкаф и поскорее забыл о ней. Но Тео уже понял про себя одну вещь: здравомыслие никогда не было его сильной стороной.

Тео осторожно тронул пергамент пальцем. Тот был тёплым — теплее, чем должна быть старая бумага в холодном заброшенном классе.

— Что же ты такое, — пробормотал он.

И, словно в ответ, на карте, в той самой несуществующей восточной галерее, проступила крохотная чернильная точка. Рядом с ней появилась подпись — имя, которого Тео не знал. Точка медленно двигалась по коридору, которого не было в замке. Кто-то — или что-то — ходил по галерее, которой не существовало.

Тео сглотнул. Разумный мальчик сложил бы карту обратно, ушёл и забыл. Но Тео, к несчастью или к счастью, разумным был не всегда. Он аккуратно свернул пергамент, сунул его за пазуху и решил, что непременно выяснит, куда ведёт коридор, которого нет.',
        'Обрывок пергамента', 'Тео Финч-Флетчли заблудился на третий день учёбы. Это, в общем, было неудивительно: лестницы в Хогвартсе двигались, портреты давали неверные советы нарочно, а коридоры имели наглость менять направление, стоило отвернуться. Тео свернул не там, потом ещё раз не там — и оказался в классе, где, судя по слою пыли, не бывали лет десять.

Парты были сдвинуты к стене, доска исписана выцветшими формулами, а в углу громоздился старый шкаф с приоткрытой дверцей. Тео, мальчик любопытный, не удержался и заглянул внутрь. На нижней полке, под грудой сломанных перьев и пустых чернильниц, лежал сложенный вчетверо обрывок пергамента.

Тео развернул его — и присвистнул. Это была карта. Карта Хогвартса, нарисованная тонкими чернильными линиями, с подписанными коридорами и лестницами. Но что-то в ней было не так.

Он узнал главную лестницу, узнал коридор третьего этажа. А вот рядом с ними тянулись переходы, которых Тео никогда не видел. Целое крыло, подписанное странным словом «Восточная галерея», уходило вбок от астрономической башни. Только вот никакой восточной галереи в замке не было — Тео точно знал, потому что заблудиться там успел уже трижды.

Самое странное было в другом. Чернила на карте едва заметно двигались. Линии коридоров чуть подрагивали, будто дышали, а в подписи «Восточная галерея» буквы медленно перетекали одна в другую, словно карта не могла решить, как это место называется на самом деле.

Тео знал кое-что о картах — отец, маггл, увлекался старинными атласами, и мальчик с детства любил разглядывать тонкие линии дорог и аккуратные подписи. Но ни одна мамина или папина карта никогда не двигалась. А эта жила. Линии коридоров чуть подрагивали под пальцами, словно по ним пробегала слабая дрожь, подписи перетекали одна в другую, не в силах остановиться на чём-то одном. Это было волшебство, и волшебство непростое — Тео нутром чуял, что держит в руках не школьную поделку, а вещь старую, странную и, может быть, не вполне безопасную. Любой здравомыслящий первокурсник сложил бы такую находку обратно в шкаф и поскорее забыл о ней. Но Тео уже понял про себя одну вещь: здравомыслие никогда не было его сильной стороной.

Тео осторожно тронул пергамент пальцем. Тот был тёплым — теплее, чем должна быть старая бумага в холодном заброшенном классе.

— Что же ты такое, — пробормотал он.

И, словно в ответ, на карте, в той самой несуществующей восточной галерее, проступила крохотная чернильная точка. Рядом с ней появилась подпись — имя, которого Тео не знал. Точка медленно двигалась по коридору, которого не было в замке. Кто-то — или что-то — ходил по галерее, которой не существовало.

Тео сглотнул. Разумный мальчик сложил бы карту обратно, ушёл и забыл. Но Тео, к несчастью или к счастью, разумным был не всегда. Он аккуратно свернул пергамент, сунул его за пазуху и решил, что непременно выяснит, куда ведёт коридор, которого нет.', 'published', '2026-04-11T12:00:00+00:00', '2026-04-11T13:00:00+00:00');
    INSERT INTO chapters (id, story_id, title, content, draft_title, draft_content, status, created_at, updated_at) VALUES (
        'c69a4db2-8e75-5791-9dc5-ec8b696f9494', '83e3e42b-bc9f-5239-bcc8-162809dc1dad', 'Стена, которой нет', 'Всю неделю Тео изучал карту по ночам, при свете палочки, спрятавшись под одеялом. Он выяснил три вещи. Первая: точка с незнакомым именем появлялась в восточной галерее только после полуночи. Вторая: вход в галерею, судя по карте, был на седьмом этаже, там, где Тео видел только глухую каменную стену. Третья: чтобы попасть туда, приходилось пройти мимо портрета сэра Кэдогана, безумного рыцаря, который вызывал на дуэль каждого проходящего.

В пятницу ночью Тео всё-таки решился. Он выскользнул из спальни, прокрался по движущимся лестницам, увернулся от сэра Кэдогана (тот гнался за ним два пролёта, размахивая ржавым мечом и крича «Стой, трусливый пёс!») и наконец добрался до седьмого этажа.

Тут стоит сказать, что добраться сюда было делом непростым даже без всякой магии. Лестницы Хогвартса по ночам вели себя особенно своенравно, разворачиваясь в самый неподходящий момент и увозя зазевавшегося ученика совсем не туда, куда он собирался. Портреты ворчали спросонья, грозились позвать Филча и провожали Тео подозрительными взглядами. Сэр Кэдоган, безумный рыцарь в съехавшем набок шлеме, гнался за ним целых два пролёта, размахивая ржавым мечом и оглашая коридоры воплями про трусливых псов и поединки чести. Тео еле от него оторвался, нырнув за гобелен. Сердце колотилось, ладони вспотели, и не раз за дорогу мальчик спрашивал себя, не лучше ли повернуть назад. Но всякий раз, сверяясь с тёплой, подрагивающей картой, он находил в себе упрямство идти дальше.

Стена была на месте. Глухая, серая, безнадёжно сплошная. Тео сверился с картой — по ней выходило, что вход прямо здесь. Он постучал по камню. Толкнул. Поискал рычаг. Ничего.

— Ну давай же, — прошептал он в отчаянии. — Я же знаю, что ты здесь.

И тут он заметил: чернильная точка на карте — тот самый незнакомец — стояла прямо по ту сторону стены. Совсем близко. Будто ждала. Тео приложил ладонь к холодному камню.

— Эй, — сказал он тихо. — Ты меня слышишь? Я не знаю, как войти.

Несколько секунд ничего не происходило. А потом камень под его ладонью потеплел — так же, как теплела карта. По стене побежали тонкие светящиеся линии, складываясь в очертания арки. Камень в середине арки задрожал и стал прозрачным, как стекло, а потом и вовсе истаял.

За аркой открылся коридор — длинный, освещённый мягким голубоватым светом, какого Тео никогда не видел в замке. По стенам тянулись портреты, но люди на них спали, и рамы были затянуты паутиной. В дальнем конце галереи стояла фигура — невысокая, полупрозрачная, с грустным лицом.

Тео замер на пороге. Сердце колотилось где-то в горле. Шаг вперёд — и он окажется там, в галерее, которой нет ни на одной официальной карте замка.

— Привет, — сказал он, потому что не придумал ничего лучше. — Я Тео. Я нашёл твою карту.',
        'Стена, которой нет', 'Всю неделю Тео изучал карту по ночам, при свете палочки, спрятавшись под одеялом. Он выяснил три вещи. Первая: точка с незнакомым именем появлялась в восточной галерее только после полуночи. Вторая: вход в галерею, судя по карте, был на седьмом этаже, там, где Тео видел только глухую каменную стену. Третья: чтобы попасть туда, приходилось пройти мимо портрета сэра Кэдогана, безумного рыцаря, который вызывал на дуэль каждого проходящего.

В пятницу ночью Тео всё-таки решился. Он выскользнул из спальни, прокрался по движущимся лестницам, увернулся от сэра Кэдогана (тот гнался за ним два пролёта, размахивая ржавым мечом и крича «Стой, трусливый пёс!») и наконец добрался до седьмого этажа.

Тут стоит сказать, что добраться сюда было делом непростым даже без всякой магии. Лестницы Хогвартса по ночам вели себя особенно своенравно, разворачиваясь в самый неподходящий момент и увозя зазевавшегося ученика совсем не туда, куда он собирался. Портреты ворчали спросонья, грозились позвать Филча и провожали Тео подозрительными взглядами. Сэр Кэдоган, безумный рыцарь в съехавшем набок шлеме, гнался за ним целых два пролёта, размахивая ржавым мечом и оглашая коридоры воплями про трусливых псов и поединки чести. Тео еле от него оторвался, нырнув за гобелен. Сердце колотилось, ладони вспотели, и не раз за дорогу мальчик спрашивал себя, не лучше ли повернуть назад. Но всякий раз, сверяясь с тёплой, подрагивающей картой, он находил в себе упрямство идти дальше.

Стена была на месте. Глухая, серая, безнадёжно сплошная. Тео сверился с картой — по ней выходило, что вход прямо здесь. Он постучал по камню. Толкнул. Поискал рычаг. Ничего.

— Ну давай же, — прошептал он в отчаянии. — Я же знаю, что ты здесь.

И тут он заметил: чернильная точка на карте — тот самый незнакомец — стояла прямо по ту сторону стены. Совсем близко. Будто ждала. Тео приложил ладонь к холодному камню.

— Эй, — сказал он тихо. — Ты меня слышишь? Я не знаю, как войти.

Несколько секунд ничего не происходило. А потом камень под его ладонью потеплел — так же, как теплела карта. По стене побежали тонкие светящиеся линии, складываясь в очертания арки. Камень в середине арки задрожал и стал прозрачным, как стекло, а потом и вовсе истаял.

За аркой открылся коридор — длинный, освещённый мягким голубоватым светом, какого Тео никогда не видел в замке. По стенам тянулись портреты, но люди на них спали, и рамы были затянуты паутиной. В дальнем конце галереи стояла фигура — невысокая, полупрозрачная, с грустным лицом.

Тео замер на пороге. Сердце колотилось где-то в горле. Шаг вперёд — и он окажется там, в галерее, которой нет ни на одной официальной карте замка.

— Привет, — сказал он, потому что не придумал ничего лучше. — Я Тео. Я нашёл твою карту.', 'published', '2026-04-12T12:00:00+00:00', '2026-04-12T13:00:00+00:00');
    INSERT INTO chapters (id, story_id, title, content, draft_title, draft_content, status, created_at, updated_at) VALUES (
        '9b5fcfcc-ea4b-5a2d-8884-646810f5a2dd', '83e3e42b-bc9f-5239-bcc8-162809dc1dad', 'Тот, кто остался', 'Фигура в дальнем конце галереи медленно повернулась. Это был мальчик — на вид ровесник Тео, в старомодной школьной мантии, какие носили, наверное, лет сто назад. Сквозь него просвечивали спящие портреты на стене. Призрак. Но не такой, как Почти Безголовый Ник или Кровавый Барон, — этого Тео никогда не встречал в коридорах замка.

— Ты меня видишь? — спросил мальчик, и в голосе его было столько изумления, что Тео стало не по себе. — По-настоящему видишь?

— Конечно, — кивнул Тео. — А что, не должен?

— Меня уже очень давно никто не видел, — тихо сказал призрак. — Эта галерея... её как будто стёрли. Однажды она просто исчезла со всех карт, а двери замуровали. А я остался внутри. Один. Со спящими портретами и пылью.

Тео смотрел на призрачного мальчика и чувствовал, как в груди что-то сжимается. Он представил себе это: сто лет в запертом коридоре, среди спящих портретов, в полной тишине, без единого живого голоса. Сто лет посылать в большой мир единственную весточку — заколдованную карту — и снова и снова видеть, как её находят, разглядывают и откладывают, не понимая, что за ней стоит живая, отчаянная просьба о помощи. Любой на месте Эдвина давно сошёл бы с ума или озлобился. Но в больших печальных глазах призрака не было ни безумия, ни злости — только усталая, почти выцветшая надежда, которая теперь, при виде Тео, вдруг затеплилась снова. И Тео понял, что не сможет просто уйти. Не имеет права. Не теперь, когда наконец кто-то услышал.

Он подплыл ближе, и Тео разглядел его лицо — бледное, печальное, с большими внимательными глазами.

— Меня зовут Эдвин, — сказал призрак. — Я учился здесь очень давно. А карту, которую ты нашёл, я нарисовал сам. Заколдовал её так, чтобы она показывала меня — единственное окно из этого места наружу. Я отправлял её по замку снова и снова в надежде, что кто-нибудь однажды найдёт и придёт. Ты первый за... я даже не знаю, сколько лет.

Тео медленно опустился на пыльный пол галереи. Карта в его руке тихо подрагивала, словно радуясь, что наконец привела хозяина к цели.

— Почему галерею стёрли? — спросил он. — И почему ты не можешь выйти?

Эдвин опустил полупрозрачные глаза.

— Это длинная история, — сказал он. — И, боюсь, не очень добрая. Но если ты правда хочешь помочь... мне понадобится твоя смелость. И, кажется, твоя дружба. У меня давно не было ни того, ни другого.

Тео посмотрел на призрачного мальчика, запертого в забытом коридоре на сто лет, и почувствовал, как внутри поднимается упрямая решимость — та самая, из-за которой он вечно сворачивал не туда.

— Рассказывай, — сказал он, устраиваясь поудобнее. — У меня вся ночь впереди. И, кажется, ещё много ночей.',
        'Тот, кто остался', 'Фигура в дальнем конце галереи медленно повернулась. Это был мальчик — на вид ровесник Тео, в старомодной школьной мантии, какие носили, наверное, лет сто назад. Сквозь него просвечивали спящие портреты на стене. Призрак. Но не такой, как Почти Безголовый Ник или Кровавый Барон, — этого Тео никогда не встречал в коридорах замка.

— Ты меня видишь? — спросил мальчик, и в голосе его было столько изумления, что Тео стало не по себе. — По-настоящему видишь?

— Конечно, — кивнул Тео. — А что, не должен?

— Меня уже очень давно никто не видел, — тихо сказал призрак. — Эта галерея... её как будто стёрли. Однажды она просто исчезла со всех карт, а двери замуровали. А я остался внутри. Один. Со спящими портретами и пылью.

Тео смотрел на призрачного мальчика и чувствовал, как в груди что-то сжимается. Он представил себе это: сто лет в запертом коридоре, среди спящих портретов, в полной тишине, без единого живого голоса. Сто лет посылать в большой мир единственную весточку — заколдованную карту — и снова и снова видеть, как её находят, разглядывают и откладывают, не понимая, что за ней стоит живая, отчаянная просьба о помощи. Любой на месте Эдвина давно сошёл бы с ума или озлобился. Но в больших печальных глазах призрака не было ни безумия, ни злости — только усталая, почти выцветшая надежда, которая теперь, при виде Тео, вдруг затеплилась снова. И Тео понял, что не сможет просто уйти. Не имеет права. Не теперь, когда наконец кто-то услышал.

Он подплыл ближе, и Тео разглядел его лицо — бледное, печальное, с большими внимательными глазами.

— Меня зовут Эдвин, — сказал призрак. — Я учился здесь очень давно. А карту, которую ты нашёл, я нарисовал сам. Заколдовал её так, чтобы она показывала меня — единственное окно из этого места наружу. Я отправлял её по замку снова и снова в надежде, что кто-нибудь однажды найдёт и придёт. Ты первый за... я даже не знаю, сколько лет.

Тео медленно опустился на пыльный пол галереи. Карта в его руке тихо подрагивала, словно радуясь, что наконец привела хозяина к цели.

— Почему галерею стёрли? — спросил он. — И почему ты не можешь выйти?

Эдвин опустил полупрозрачные глаза.

— Это длинная история, — сказал он. — И, боюсь, не очень добрая. Но если ты правда хочешь помочь... мне понадобится твоя смелость. И, кажется, твоя дружба. У меня давно не было ни того, ни другого.

Тео посмотрел на призрачного мальчика, запертого в забытом коридоре на сто лет, и почувствовал, как внутри поднимается упрямая решимость — та самая, из-за которой он вечно сворачивал не туда.

— Рассказывай, — сказал он, устраиваясь поудобнее. — У меня вся ночь впереди. И, кажется, ещё много ночей.', 'published', '2026-04-13T12:00:00+00:00', '2026-04-13T13:00:00+00:00');
    INSERT INTO chapters (id, story_id, title, content, draft_title, draft_content, status, created_at, updated_at) VALUES (
        'eeb027ed-ef10-5144-9b8a-ffa6948458de', '83e3e42b-bc9f-5239-bcc8-162809dc1dad', 'Имя, стёртое из истории', 'История Эдвина и вправду оказалась невесёлой. Сто с лишним лет назад в Хогвартсе учился талантливый, но одинокий мальчик, который слишком много времени проводил один и слишком увлёкся забытой ветвью магии — той, что работает с пространством. Он научился создавать комнаты, которых нет, и коридоры, которые прячутся между обычными стенами.

— Я не хотел ничего плохого, — говорил Эдвин, плывя вдоль спящих портретов. — Я просто хотел место, где можно побыть одному. Где меня не дразнят. Я выстроил эту галерею между этажами — целое крыло, спрятанное в складке замка. Здесь было так спокойно.

— А потом? — осторожно спросил Тео.

— А потом я заигрался. — Эдвин остановился у самого старого портрета. — Я спрятал галерею слишком хорошо. Запечатал так, что и сам не смог найти выход. Магия пространства — она такая: легко закрыть, почти невозможно открыть обратно. Я звал на помощь, но снаружи меня уже не слышали. Стены сомкнулись. А потом... потом я просто перестал быть живым. От голода, от холода, от одиночества. И остался здесь — призраком собственной ошибки.

Тео молчал. Ему вдруг стало невыносимо жаль этого мальчика, который всего лишь хотел тихий угол, а получил вечную тюрьму.

— Школа решила, что я сбежал, — продолжал Эдвин. — Раз тела не нашли, а галерею не видели, меня вычеркнули. Стёрли имя из списков. Так бывает с теми, о ком некому вспомнить. Сначала тебя забывают люди. Потом — стены. Потом — карты.

От этих слов Тео стало по-настоящему страшно — страшнее, чем от сэра Кэдогана с его ржавым мечом, страшнее, чем от исчезающих стен. Он вдруг понял, что есть вещи пострашнее смерти. Быть забытым — не просто умереть, а словно никогда и не существовать. Чтобы имя стёрли из списков, коридор — с карт, а самого тебя — из чужой памяти, будто промокашкой провели по чернилам. Эдвин боролся с этим в одиночку целый век, цепляясь за единственную ниточку — за карту, которую упрямо отправлял в мир снова и снова. И эта ниточка наконец сработала. Тео сжал тёплый пергамент в кулаке и почувствовал, как внутри поднимается не страх даже, а злость — добрая, упрямая злость на несправедливость, которую так долго никто не замечал.

— Но карта тебя помнит, — сказал Тео, разворачивая пергамент. — И я теперь помню. Значит, ты не до конца стёрт.

Эдвин обернулся к нему, и в его призрачных глазах мелькнула надежда — впервые за очень долгое время.

— Магию пространства можно обратить, — сказал он медленно. — Но в одиночку нельзя. Нужен кто-то снаружи и кто-то внутри. Я внутри уже сто лет. А вот снаружи... снаружи до сегодняшней ночи не было никого.

Тео поднялся и решительно отряхнул мантию от пыли.

— Тогда рассказывай, что нужно делать, — сказал он. — Я тебя отсюда вытащу. Не знаю пока как. Но вытащу. Обещаю.

И где-то глубоко в камнях замка, в забытой складке пространства, что-то едва заметно дрогнуло — словно сам Хогвартс прислушался к этому обещанию.

(продолжение следует)',
        'Имя, стёртое из истории', 'История Эдвина и вправду оказалась невесёлой. Сто с лишним лет назад в Хогвартсе учился талантливый, но одинокий мальчик, который слишком много времени проводил один и слишком увлёкся забытой ветвью магии — той, что работает с пространством. Он научился создавать комнаты, которых нет, и коридоры, которые прячутся между обычными стенами.

— Я не хотел ничего плохого, — говорил Эдвин, плывя вдоль спящих портретов. — Я просто хотел место, где можно побыть одному. Где меня не дразнят. Я выстроил эту галерею между этажами — целое крыло, спрятанное в складке замка. Здесь было так спокойно.

— А потом? — осторожно спросил Тео.

— А потом я заигрался. — Эдвин остановился у самого старого портрета. — Я спрятал галерею слишком хорошо. Запечатал так, что и сам не смог найти выход. Магия пространства — она такая: легко закрыть, почти невозможно открыть обратно. Я звал на помощь, но снаружи меня уже не слышали. Стены сомкнулись. А потом... потом я просто перестал быть живым. От голода, от холода, от одиночества. И остался здесь — призраком собственной ошибки.

Тео молчал. Ему вдруг стало невыносимо жаль этого мальчика, который всего лишь хотел тихий угол, а получил вечную тюрьму.

— Школа решила, что я сбежал, — продолжал Эдвин. — Раз тела не нашли, а галерею не видели, меня вычеркнули. Стёрли имя из списков. Так бывает с теми, о ком некому вспомнить. Сначала тебя забывают люди. Потом — стены. Потом — карты.

От этих слов Тео стало по-настоящему страшно — страшнее, чем от сэра Кэдогана с его ржавым мечом, страшнее, чем от исчезающих стен. Он вдруг понял, что есть вещи пострашнее смерти. Быть забытым — не просто умереть, а словно никогда и не существовать. Чтобы имя стёрли из списков, коридор — с карт, а самого тебя — из чужой памяти, будто промокашкой провели по чернилам. Эдвин боролся с этим в одиночку целый век, цепляясь за единственную ниточку — за карту, которую упрямо отправлял в мир снова и снова. И эта ниточка наконец сработала. Тео сжал тёплый пергамент в кулаке и почувствовал, как внутри поднимается не страх даже, а злость — добрая, упрямая злость на несправедливость, которую так долго никто не замечал.

— Но карта тебя помнит, — сказал Тео, разворачивая пергамент. — И я теперь помню. Значит, ты не до конца стёрт.

Эдвин обернулся к нему, и в его призрачных глазах мелькнула надежда — впервые за очень долгое время.

— Магию пространства можно обратить, — сказал он медленно. — Но в одиночку нельзя. Нужен кто-то снаружи и кто-то внутри. Я внутри уже сто лет. А вот снаружи... снаружи до сегодняшней ночи не было никого.

Тео поднялся и решительно отряхнул мантию от пыли.

— Тогда рассказывай, что нужно делать, — сказал он. — Я тебя отсюда вытащу. Не знаю пока как. Но вытащу. Обещаю.

И где-то глубоко в камнях замка, в забытой складке пространства, что-то едва заметно дрогнуло — словно сам Хогвартс прислушался к этому обещанию.

(продолжение следует)', 'published', '2026-04-14T12:00:00+00:00', '2026-04-14T13:00:00+00:00');

    -- [6] Северная башня (harry-potter)
    INSERT INTO stories (id, slug, title, status, author_id, ai_summary, created_at, updated_at) VALUES (
        'a626eee0-01ed-5953-b748-37a9c7615d43', 'hp-severnaya-bashnya', 'Северная башня', 'published', v_author_id, 'После войны молодая преподавательница защиты от тёмных искусств учится жить с потерями — и помогать в этом своим ученикам, у которых те же раны.',
        '2026-04-09T12:00:00+00:00', '2026-05-14T12:00:00+00:00');
    INSERT INTO story_tags (story_id, tag_id) VALUES ('a626eee0-01ed-5953-b748-37a9c7615d43', '10000001-0001-4001-8001-000000000001');
    INSERT INTO story_tags (story_id, tag_id) VALUES ('a626eee0-01ed-5953-b748-37a9c7615d43', '10000004-0004-4004-8004-000000000002');
    INSERT INTO story_tags (story_id, tag_id) VALUES ('a626eee0-01ed-5953-b748-37a9c7615d43', '10000005-0005-4005-8005-000000000003');
    INSERT INTO story_tags (story_id, tag_id) VALUES ('a626eee0-01ed-5953-b748-37a9c7615d43', '10000006-0006-4006-8006-000000000001');
    INSERT INTO story_tags (story_id, tag_id) VALUES ('a626eee0-01ed-5953-b748-37a9c7615d43', '10000002-0002-4002-8002-000000000001');
    INSERT INTO story_tags (story_id, tag_id) VALUES ('a626eee0-01ed-5953-b748-37a9c7615d43', '10000003-0003-4003-8003-000000000001');
    INSERT INTO chapters (id, story_id, title, content, draft_title, draft_content, status, created_at, updated_at) VALUES (
        '56e39ad3-837a-5e51-9a01-37e6322319ca', 'a626eee0-01ed-5953-b748-37a9c7615d43', 'Первый звонок', 'Элейн Морроу приехала в Хогвартс осенью, через год после битвы, чтобы преподавать защиту от тёмных искусств. Ей было двадцать четыре, и она сама ещё помнила, как сидела за этими партами. Теперь ей предстояло стоять у доски — и учить детей защищаться от того, что отняло у неё слишком многое.

В первое утро она пришла в класс раньше учеников. Села за учительский стол, положила перед собой стопку учебников и долго смотрела в окно на затянутое тучами небо. Где-то там, в этих самых коридорах, два года назад погиб её брат. Он защищал младших, выводил их из-под огня — и не вышел сам. Элейн вернулась в школу не вопреки этому. Она вернулась из-за этого.

Прозвенел звонок. Класс заполнился — третьекурсники, шумные, ещё по-детски беззаботные. Но Элейн, привыкшая читать людей, сразу заметила тех, кто не вписывался в общий гомон. Мальчик у окна, который вздрагивал от резких звуков. Девочка на первой парте, сжимавшая палочку так, будто в любой миг готова была защищаться. Война оставила метки и на них.

Элейн умела читать людей — этому её научила не школа, а война. Она научилась с одного взгляда определять, кто из стоящих рядом сломается, а кто выстоит; кто прячет страх за бравадой, а кто — за молчанием. И теперь, оглядывая шумный класс третьекурсников, она читала их, как открытую книгу. Вот этот мальчик у окна слишком резко оборачивается на хлопок двери — значит, слышал звуки пострашнее. Вот эта девочка сжимает палочку даже на уроке, где никто не угрожает, — значит, был миг, когда от палочки зависела жизнь. Война прошлась и по ним, пусть они и были тогда совсем детьми. И Элейн вдруг с пронзительной ясностью поняла, что приехала сюда не зря: этим детям нужен был не просто учитель заклинаний, а тот, кто понимает, каково это — носить в себе невидимые раны.

— Доброе утро, — сказала Элейн. — Меня зовут профессор Морроу. В этом году мы будем изучать защиту от тёмных искусств.

Она оглядела класс.

— Но прежде, чем мы откроем учебники, я хочу сказать вам одну вещь. Защита — это не только заклинания. Это умение не сломаться, когда страшно. И, может быть, этому я научу вас лучше, чем чарам. Потому что мне самой пришлось этому учиться. Совсем недавно.

В классе стало очень тихо. Мальчик у окна впервые поднял на неё глаза.

Элейн открыла журнал и начала перекличку. Голос её звучал ровно, но внутри что-то дрожало — она знала, что этот год будет не про учебную программу. Он будет про то, как раненые помогают раненым подняться. И, может быть, поднимаются сами.

За окном по серому небу медленно плыли тучи. Но где-то за ними, Элейн знала, всё ещё было солнце.',
        'Первый звонок', 'Элейн Морроу приехала в Хогвартс осенью, через год после битвы, чтобы преподавать защиту от тёмных искусств. Ей было двадцать четыре, и она сама ещё помнила, как сидела за этими партами. Теперь ей предстояло стоять у доски — и учить детей защищаться от того, что отняло у неё слишком многое.

В первое утро она пришла в класс раньше учеников. Села за учительский стол, положила перед собой стопку учебников и долго смотрела в окно на затянутое тучами небо. Где-то там, в этих самых коридорах, два года назад погиб её брат. Он защищал младших, выводил их из-под огня — и не вышел сам. Элейн вернулась в школу не вопреки этому. Она вернулась из-за этого.

Прозвенел звонок. Класс заполнился — третьекурсники, шумные, ещё по-детски беззаботные. Но Элейн, привыкшая читать людей, сразу заметила тех, кто не вписывался в общий гомон. Мальчик у окна, который вздрагивал от резких звуков. Девочка на первой парте, сжимавшая палочку так, будто в любой миг готова была защищаться. Война оставила метки и на них.

Элейн умела читать людей — этому её научила не школа, а война. Она научилась с одного взгляда определять, кто из стоящих рядом сломается, а кто выстоит; кто прячет страх за бравадой, а кто — за молчанием. И теперь, оглядывая шумный класс третьекурсников, она читала их, как открытую книгу. Вот этот мальчик у окна слишком резко оборачивается на хлопок двери — значит, слышал звуки пострашнее. Вот эта девочка сжимает палочку даже на уроке, где никто не угрожает, — значит, был миг, когда от палочки зависела жизнь. Война прошлась и по ним, пусть они и были тогда совсем детьми. И Элейн вдруг с пронзительной ясностью поняла, что приехала сюда не зря: этим детям нужен был не просто учитель заклинаний, а тот, кто понимает, каково это — носить в себе невидимые раны.

— Доброе утро, — сказала Элейн. — Меня зовут профессор Морроу. В этом году мы будем изучать защиту от тёмных искусств.

Она оглядела класс.

— Но прежде, чем мы откроем учебники, я хочу сказать вам одну вещь. Защита — это не только заклинания. Это умение не сломаться, когда страшно. И, может быть, этому я научу вас лучше, чем чарам. Потому что мне самой пришлось этому учиться. Совсем недавно.

В классе стало очень тихо. Мальчик у окна впервые поднял на неё глаза.

Элейн открыла журнал и начала перекличку. Голос её звучал ровно, но внутри что-то дрожало — она знала, что этот год будет не про учебную программу. Он будет про то, как раненые помогают раненым подняться. И, может быть, поднимаются сами.

За окном по серому небу медленно плыли тучи. Но где-то за ними, Элейн знала, всё ещё было солнце.', 'published', '2026-04-09T12:00:00+00:00', '2026-04-09T13:00:00+00:00');
    INSERT INTO chapters (id, story_id, title, content, draft_title, draft_content, status, created_at, updated_at) VALUES (
        'dce6954a-e2d1-5c59-b590-d73c58a968c9', 'a626eee0-01ed-5953-b748-37a9c7615d43', 'Боггарт', 'К теме боггартов Элейн готовилась дольше всего. Боггарт принимает облик того, чего ты больше всего боишься, и для детей, переживших войну, это упражнение могло обернуться не уроком, а раной. Она долго думала, проводить ли его вообще. И решила, что да. Потому что прятать страх — значит давать ему власть.

Старый шкаф с боггартом она вкатила в класс и объяснила заклинание «Ридикулус», которое превращает страшное в смешное. Дети выстроились в очередь, нервно пересмеиваясь. У одного боггарт обернулся гигантским пауком — и тут же оказался в нелепых вязаных тапках. У другого — строгой бабушкой, которая вдруг запела оперную арию фальцетом. Класс хохотал.

Очередь дошла до мальчика у окна — того самого, что вздрагивал от резких звуков. Его звали Сэм. Он вышел вперёд медленно, неохотно, и Элейн почувствовала: вот оно.

Боггарт выполз из шкафа и принял облик. Это была не тварь и не чудовище. Это была пустая больничная койка, аккуратно застеленная, с табличкой в изголовье. Класс затих, не понимая. А Элейн поняла сразу. Кто-то из близких Сэма лёг на такую койку и не встал.

В классе повисла звенящая тишина. Дети, ещё минуту назад хохотавшие над оперной бабушкой и пауком в тапках, разом притихли, не понимая, что происходит, но чувствуя: происходит что-то настоящее. Боггарт не превратился ни в чудовище, ни в великана, ни в склизкую тварь из подземелья. Он стал пустой больничной койкой — аккуратно застеленной, с табличкой в изголовье, страшной именно своей обыденностью. Элейн смотрела на неё и узнавала этот страх до боли. Не страх перед монстром, которого можно поразить заклинанием. А страх перед тем, что уже случилось и чего не отменить, — перед пустотой на месте того, кого любил. С таким боггартом нельзя справиться, просто рассмеявшись. И всё же справиться было нужно — иначе он будет приходить к Сэму снова и снова, всю жизнь.

Мальчик стоял, окаменев, с поднятой палочкой, и не мог выговорить заклинание. Губы его дрожали.

— Сэм, — тихо позвала Элейн, шагнув ближе. — Посмотри на меня. Ридикулус не делает вид, будто горя не было. Он не превращает потерю в шутку. Он просто отнимает у страха власть пугать тебя дальше. Ты можешь скучать по тому, кого потерял, и при этом не позволять страху командовать. Это разные вещи. Понимаешь?

Сэм посмотрел на неё, и в глазах у него стояли слёзы.

— Я не хочу, чтобы это было смешным, — прошептал он.

— И не нужно, — кивнула Элейн. — Просто сделай так, чтобы оно перестало быть страшным. Представь не пустую койку. Представь того, кого любишь, — живым. Каким он был.

Сэм закрыл глаза. Потом открыл, поднял палочку и тихо, но твёрдо произнёс: «Ридикулус». Больничная койка дрогнула — и обернулась залитой солнцем лужайкой, на которой кто-то невидимый, кажется, смеялся. Боггарт, лишённый страха, истаял.

Класс молчал. А потом кто-то тихо начал хлопать, и за ним — все остальные. Сэм стоял, вытирая слёзы рукавом, и впервые за урок улыбался.

Элейн отвернулась к окну, чтобы никто не увидел, что у неё самой блестят глаза.',
        'Боггарт', 'К теме боггартов Элейн готовилась дольше всего. Боггарт принимает облик того, чего ты больше всего боишься, и для детей, переживших войну, это упражнение могло обернуться не уроком, а раной. Она долго думала, проводить ли его вообще. И решила, что да. Потому что прятать страх — значит давать ему власть.

Старый шкаф с боггартом она вкатила в класс и объяснила заклинание «Ридикулус», которое превращает страшное в смешное. Дети выстроились в очередь, нервно пересмеиваясь. У одного боггарт обернулся гигантским пауком — и тут же оказался в нелепых вязаных тапках. У другого — строгой бабушкой, которая вдруг запела оперную арию фальцетом. Класс хохотал.

Очередь дошла до мальчика у окна — того самого, что вздрагивал от резких звуков. Его звали Сэм. Он вышел вперёд медленно, неохотно, и Элейн почувствовала: вот оно.

Боггарт выполз из шкафа и принял облик. Это была не тварь и не чудовище. Это была пустая больничная койка, аккуратно застеленная, с табличкой в изголовье. Класс затих, не понимая. А Элейн поняла сразу. Кто-то из близких Сэма лёг на такую койку и не встал.

В классе повисла звенящая тишина. Дети, ещё минуту назад хохотавшие над оперной бабушкой и пауком в тапках, разом притихли, не понимая, что происходит, но чувствуя: происходит что-то настоящее. Боггарт не превратился ни в чудовище, ни в великана, ни в склизкую тварь из подземелья. Он стал пустой больничной койкой — аккуратно застеленной, с табличкой в изголовье, страшной именно своей обыденностью. Элейн смотрела на неё и узнавала этот страх до боли. Не страх перед монстром, которого можно поразить заклинанием. А страх перед тем, что уже случилось и чего не отменить, — перед пустотой на месте того, кого любил. С таким боггартом нельзя справиться, просто рассмеявшись. И всё же справиться было нужно — иначе он будет приходить к Сэму снова и снова, всю жизнь.

Мальчик стоял, окаменев, с поднятой палочкой, и не мог выговорить заклинание. Губы его дрожали.

— Сэм, — тихо позвала Элейн, шагнув ближе. — Посмотри на меня. Ридикулус не делает вид, будто горя не было. Он не превращает потерю в шутку. Он просто отнимает у страха власть пугать тебя дальше. Ты можешь скучать по тому, кого потерял, и при этом не позволять страху командовать. Это разные вещи. Понимаешь?

Сэм посмотрел на неё, и в глазах у него стояли слёзы.

— Я не хочу, чтобы это было смешным, — прошептал он.

— И не нужно, — кивнула Элейн. — Просто сделай так, чтобы оно перестало быть страшным. Представь не пустую койку. Представь того, кого любишь, — живым. Каким он был.

Сэм закрыл глаза. Потом открыл, поднял палочку и тихо, но твёрдо произнёс: «Ридикулус». Больничная койка дрогнула — и обернулась залитой солнцем лужайкой, на которой кто-то невидимый, кажется, смеялся. Боггарт, лишённый страха, истаял.

Класс молчал. А потом кто-то тихо начал хлопать, и за ним — все остальные. Сэм стоял, вытирая слёзы рукавом, и впервые за урок улыбался.

Элейн отвернулась к окну, чтобы никто не увидел, что у неё самой блестят глаза.', 'published', '2026-04-10T12:00:00+00:00', '2026-04-10T13:00:00+00:00');
    INSERT INTO chapters (id, story_id, title, content, draft_title, draft_content, status, created_at, updated_at) VALUES (
        'bf72c10d-b192-5438-b00d-c09645ead010', 'a626eee0-01ed-5953-b748-37a9c7615d43', 'Имена на стене', 'В Хогвартсе была стена, о которой не говорили в путеводителях. В нише на втором этаже, у окна, выходящего на озеро, висела мраморная доска с именами тех, кто погиб в битве за школу. Элейн ходила туда каждое воскресенье — к одному имени, выбитому ближе к середине списка. К имени брата.

Однажды она пришла туда и обнаружила, что не одна. У стены стоял Сэм — тот самый мальчик с урока боггартов. Он не плакал, просто стоял и смотрел на одно из имён. Элейн хотела тихо уйти, но он обернулся.

— Здесь мой папа, профессор, — сказал он просто, показывая на строчку. — Он был целителем. Остался помогать раненым, когда все бежали. Его... не успели спасти самого.

Элейн подошла и встала рядом. Помолчала. Потом показала на своё имя — на брата.

— А здесь мой брат, — сказала она. — Он выводил младших из-под огня. Вернулся за последним и не вышел.

Сэм посмотрел на неё снизу вверх — удивлённо, словно ему не приходило в голову, что у учителей тоже бывают такие стены.

— Значит, вам тоже... — он не договорил.

— Тоже, — кивнула Элейн. — Поэтому я и вернулась сюда работать. Знаешь, после такого кажется, что ты остался совсем один со своим горем. Что никто не поймёт. А потом приходишь к этой стене — и видишь, сколько здесь имён. И понимаешь, что рядом, в соседних классах, в соседних коридорах, ходят люди с такими же ранами. Просто их не видно снаружи.

Они стояли рядом перед мраморной доской, маленький мальчик и молодая учительница, и обоим было что сказать друг другу без слов. Элейн думала о том, как обманчиво одиночество горя. Каждому, кто потерял близкого, кажется, что он заперт в этой потере один, что никто вокруг не способен понять глубину его раны. А потом ты приходишь к такой вот стене — и видишь десятки имён, и за каждым стоит чей-то такой же оглушающий, такой же одинокий мир боли. И вдруг понимаешь: ты не один. Рядом, в соседних классах, по тем же коридорам ходят люди, несущие в себе ту же тяжесть, просто научившиеся прятать её под обыденными лицами. От этого знания горе не становилось меньше. Но оно переставало быть таким беспросветно одиноким — а это, как ни странно, уже было много.

Они постояли молча. По озеру за окном бежала рябь, солнце дробилось в воде на тысячу осколков.

— Папа всегда говорил, — вдруг произнёс Сэм, — что целитель лечит не для того, чтобы не было больно. А для того, чтобы человек смог жить дальше с тем, что болит. Я тогда не понимал. А теперь, кажется, начинаю.

Элейн положила руку ему на плечо.

— Твой папа был мудрым человеком, — сказала она. — И, по-моему, он научил тебя самому главному. Даже больше, чем думал.

Они вышли из ниши вместе. И Элейн поймала себя на том, что груз, который она носила в груди весь год, стал чуть-чуть легче. Не потому, что горе ушло. А потому, что его теперь было с кем разделить.',
        'Имена на стене', 'В Хогвартсе была стена, о которой не говорили в путеводителях. В нише на втором этаже, у окна, выходящего на озеро, висела мраморная доска с именами тех, кто погиб в битве за школу. Элейн ходила туда каждое воскресенье — к одному имени, выбитому ближе к середине списка. К имени брата.

Однажды она пришла туда и обнаружила, что не одна. У стены стоял Сэм — тот самый мальчик с урока боггартов. Он не плакал, просто стоял и смотрел на одно из имён. Элейн хотела тихо уйти, но он обернулся.

— Здесь мой папа, профессор, — сказал он просто, показывая на строчку. — Он был целителем. Остался помогать раненым, когда все бежали. Его... не успели спасти самого.

Элейн подошла и встала рядом. Помолчала. Потом показала на своё имя — на брата.

— А здесь мой брат, — сказала она. — Он выводил младших из-под огня. Вернулся за последним и не вышел.

Сэм посмотрел на неё снизу вверх — удивлённо, словно ему не приходило в голову, что у учителей тоже бывают такие стены.

— Значит, вам тоже... — он не договорил.

— Тоже, — кивнула Элейн. — Поэтому я и вернулась сюда работать. Знаешь, после такого кажется, что ты остался совсем один со своим горем. Что никто не поймёт. А потом приходишь к этой стене — и видишь, сколько здесь имён. И понимаешь, что рядом, в соседних классах, в соседних коридорах, ходят люди с такими же ранами. Просто их не видно снаружи.

Они стояли рядом перед мраморной доской, маленький мальчик и молодая учительница, и обоим было что сказать друг другу без слов. Элейн думала о том, как обманчиво одиночество горя. Каждому, кто потерял близкого, кажется, что он заперт в этой потере один, что никто вокруг не способен понять глубину его раны. А потом ты приходишь к такой вот стене — и видишь десятки имён, и за каждым стоит чей-то такой же оглушающий, такой же одинокий мир боли. И вдруг понимаешь: ты не один. Рядом, в соседних классах, по тем же коридорам ходят люди, несущие в себе ту же тяжесть, просто научившиеся прятать её под обыденными лицами. От этого знания горе не становилось меньше. Но оно переставало быть таким беспросветно одиноким — а это, как ни странно, уже было много.

Они постояли молча. По озеру за окном бежала рябь, солнце дробилось в воде на тысячу осколков.

— Папа всегда говорил, — вдруг произнёс Сэм, — что целитель лечит не для того, чтобы не было больно. А для того, чтобы человек смог жить дальше с тем, что болит. Я тогда не понимал. А теперь, кажется, начинаю.

Элейн положила руку ему на плечо.

— Твой папа был мудрым человеком, — сказала она. — И, по-моему, он научил тебя самому главному. Даже больше, чем думал.

Они вышли из ниши вместе. И Элейн поймала себя на том, что груз, который она носила в груди весь год, стал чуть-чуть легче. Не потому, что горе ушло. А потому, что его теперь было с кем разделить.', 'published', '2026-04-11T12:00:00+00:00', '2026-04-11T13:00:00+00:00');
    INSERT INTO chapters (id, story_id, title, content, draft_title, draft_content, status, created_at, updated_at) VALUES (
        'ea03c540-8d8c-5647-9925-94fecd545855', 'a626eee0-01ed-5953-b748-37a9c7615d43', 'Урок без палочек', 'К концу года Элейн придумала необычный урок. Она объявила, что на последнее занятие никто не должен приносить палочку. Класс недоумевал — какая защита без палочки? Но Элейн была непреклонна.

Когда все расселись, она вышла к доске с пустыми руками.

— Весь год, — сказала она, — мы учились защищаться от тёмных тварей. От боггартов, от проклятий, от существ, которые хотят причинить вред. Но есть тьма, против которой не помогает ни одно заклинание. Это тьма внутри — отчаяние, одиночество, страх, что больно будет всегда. И сегодня я хочу научить вас защищаться от неё.

Она оглядела класс — притихший, внимательный.

— Защита здесь только одна, и она не магическая. Это другие люди. Когда тебе совсем темно, единственное, что разгоняет тьму, — рука друга, которую ты решился попросить о помощи. Или которую сам протянул тому, кому хуже. Запомните это лучше всех заклинаний. Потому что заклинания вы, может, и забудете. А это спасёт вам жизнь.

Дети слушали её, не шелохнувшись, и Элейн видела по их лицам, что говорит с ними о чём-то, что они и сами давно чувствовали, но не умели назвать. Многие из них пришли в этот год придавленными тем, что увидели и потеряли; многие, как тот же Сэм, в сентябре всерьёз сомневались, что смогут когда-нибудь снова жить нормально. И вот теперь, в последний день, она хотела оставить им не очередную формулу из учебника, а самое важное, что вынесла из войны сама. Что в самой беспросветной тьме спасают не заклинания и не сила — спасают друг друга. Рука, которую ты решился протянуть, или та, которую решился попросить. Элейн знала это не из книг. Она знала это потому, что её самоё в самые чёрные дни вытащили именно так — чужие протянутые руки.

Она попросила каждого повернуться к соседу и сказать ему что-нибудь хорошее — честное, не выдуманное. Сначала дети смущались, хихикали. Но потом класс наполнился тихими голосами, и Элейн видела, как у кого-то теплеют глаза, как кто-то впервые за год расправляет плечи.

Сэм подошёл к ней после урока.

— Профессор, — сказал он, — спасибо. За весь год. Я ведь в сентябре думал, что никогда больше не смогу... ну, нормально. А теперь могу. Не всегда. Но могу.

Элейн улыбнулась.

— Знаешь, Сэм, — сказала она, — ты мне тоже помог. Больше, чем думаешь. Я ведь тоже в сентябре не была уверена, что смогу.

Прозвенел последний звонок. Дети высыпали из класса в залитый солнцем коридор — смеясь, толкаясь, живые. Элейн стояла у окна и смотрела им вслед. За окном, над озером, наконец-то расчистилось небо, и солнце, которое всё это время было за тучами, лилось теперь полным потоком.

Брата было не вернуть. Отца Сэма — тоже. Имена на мраморной доске останутся навсегда. Но дети, которые только что выбежали в этот солнечный коридор, будут жить. И будут помнить, что в самой густой тьме спасает не палочка, а протянутая рука.

Этому Элейн научилась сама. И этому научила их. И ради этого, поняла она наконец, стоило вернуться.',
        'Урок без палочек', 'К концу года Элейн придумала необычный урок. Она объявила, что на последнее занятие никто не должен приносить палочку. Класс недоумевал — какая защита без палочки? Но Элейн была непреклонна.

Когда все расселись, она вышла к доске с пустыми руками.

— Весь год, — сказала она, — мы учились защищаться от тёмных тварей. От боггартов, от проклятий, от существ, которые хотят причинить вред. Но есть тьма, против которой не помогает ни одно заклинание. Это тьма внутри — отчаяние, одиночество, страх, что больно будет всегда. И сегодня я хочу научить вас защищаться от неё.

Она оглядела класс — притихший, внимательный.

— Защита здесь только одна, и она не магическая. Это другие люди. Когда тебе совсем темно, единственное, что разгоняет тьму, — рука друга, которую ты решился попросить о помощи. Или которую сам протянул тому, кому хуже. Запомните это лучше всех заклинаний. Потому что заклинания вы, может, и забудете. А это спасёт вам жизнь.

Дети слушали её, не шелохнувшись, и Элейн видела по их лицам, что говорит с ними о чём-то, что они и сами давно чувствовали, но не умели назвать. Многие из них пришли в этот год придавленными тем, что увидели и потеряли; многие, как тот же Сэм, в сентябре всерьёз сомневались, что смогут когда-нибудь снова жить нормально. И вот теперь, в последний день, она хотела оставить им не очередную формулу из учебника, а самое важное, что вынесла из войны сама. Что в самой беспросветной тьме спасают не заклинания и не сила — спасают друг друга. Рука, которую ты решился протянуть, или та, которую решился попросить. Элейн знала это не из книг. Она знала это потому, что её самоё в самые чёрные дни вытащили именно так — чужие протянутые руки.

Она попросила каждого повернуться к соседу и сказать ему что-нибудь хорошее — честное, не выдуманное. Сначала дети смущались, хихикали. Но потом класс наполнился тихими голосами, и Элейн видела, как у кого-то теплеют глаза, как кто-то впервые за год расправляет плечи.

Сэм подошёл к ней после урока.

— Профессор, — сказал он, — спасибо. За весь год. Я ведь в сентябре думал, что никогда больше не смогу... ну, нормально. А теперь могу. Не всегда. Но могу.

Элейн улыбнулась.

— Знаешь, Сэм, — сказала она, — ты мне тоже помог. Больше, чем думаешь. Я ведь тоже в сентябре не была уверена, что смогу.

Прозвенел последний звонок. Дети высыпали из класса в залитый солнцем коридор — смеясь, толкаясь, живые. Элейн стояла у окна и смотрела им вслед. За окном, над озером, наконец-то расчистилось небо, и солнце, которое всё это время было за тучами, лилось теперь полным потоком.

Брата было не вернуть. Отца Сэма — тоже. Имена на мраморной доске останутся навсегда. Но дети, которые только что выбежали в этот солнечный коридор, будут жить. И будут помнить, что в самой густой тьме спасает не палочка, а протянутая рука.

Этому Элейн научилась сама. И этому научила их. И ради этого, поняла она наконец, стоило вернуться.', 'published', '2026-04-12T12:00:00+00:00', '2026-04-12T13:00:00+00:00');

    -- [7] Контракт на болоте (witcher)
    INSERT INTO stories (id, slug, title, status, author_id, ai_summary, created_at, updated_at) VALUES (
        '0c05b9a5-3ea0-5b27-8f4d-dd562150444a', 'witcher-kontrakt-na-bolote', 'Контракт на болоте', 'published', v_author_id, 'Геральт берётся за обычный контракт на болотную тварь, что таскает скот у деревни. Но чем дольше он идёт по следу, тем яснее: чудовище здесь — не то, на кого его наняли.',
        '2026-04-07T12:00:00+00:00', '2026-05-13T11:00:00+00:00');
    INSERT INTO story_tags (story_id, tag_id) VALUES ('0c05b9a5-3ea0-5b27-8f4d-dd562150444a', '10000001-0001-4001-8001-000000000002');
    INSERT INTO story_tags (story_id, tag_id) VALUES ('0c05b9a5-3ea0-5b27-8f4d-dd562150444a', '10000004-0004-4004-8004-000000000002');
    INSERT INTO story_tags (story_id, tag_id) VALUES ('0c05b9a5-3ea0-5b27-8f4d-dd562150444a', '10000005-0005-4005-8005-000000000003');
    INSERT INTO story_tags (story_id, tag_id) VALUES ('0c05b9a5-3ea0-5b27-8f4d-dd562150444a', '10000006-0006-4006-8006-000000000001');
    INSERT INTO story_tags (story_id, tag_id) VALUES ('0c05b9a5-3ea0-5b27-8f4d-dd562150444a', '10000002-0002-4002-8002-000000000006');
    INSERT INTO story_tags (story_id, tag_id) VALUES ('0c05b9a5-3ea0-5b27-8f4d-dd562150444a', '10000002-0002-4002-8002-000000000003');
    INSERT INTO story_tags (story_id, tag_id) VALUES ('0c05b9a5-3ea0-5b27-8f4d-dd562150444a', '10000003-0003-4003-8003-000000000002');
    INSERT INTO chapters (id, story_id, title, content, draft_title, draft_content, status, created_at, updated_at) VALUES (
        '56b05cab-c6b2-5cc3-b4d7-00f39c638985', '0c05b9a5-3ea0-5b27-8f4d-dd562150444a', 'Объявление на столбе', 'Деревня Бубёнки прилепилась к самому краю болот, и пахло в ней торфом, прелой соломой и застарелым страхом. Геральт из Ривии спешился у покосившейся корчмы, где на столбе трепыхалось наспех написанное объявление: «Хто убъёт болотную тварь, што скотину ворует, тому староста заплотит сорок крон». Буквы прыгали, чернила расплылись от сырости — писали в спешке, дрожащей рукой.

Ведьмак сорвал листок, сложил вчетверо и шагнул внутрь. В корчме разом смолкли разговоры. Десяток мужиков уставились на него — на белые волосы, на жёлтые кошачьи глаза, на два меча за спиной. В таких местах ведьмака встречали одинаково: со страхом и надеждой пополам, и трудно было сказать, чего больше.

Геральт давно перестал обижаться на такие взгляды. Мутации, что когда-то сделали его ведьмаком, отняли не только обычную человеческую жизнь, но и право на обычное человеческое отношение. Для крестьян он был чем-то средним между спасителем и нечистью — нужным, пока в округе бесчинствует тварь, и нежеланным, едва опасность минует. Он принимал это, как принимают погоду: бессмысленно злиться на дождь. Зато годы такой жизни научили его читать людей не хуже, чем следы на земле. И сейчас, оглядывая корчму, ведьмак видел не просто испуганных мужиков. Он видел, как трое в дальнем углу прячут глаза. Как староста слишком торопливо переводит разговор. Как страх в этой деревне — не только перед болотом, но и друг перед другом. Это насторожило его сильнее любого рёва в тумане.

— Контракт ещё в силе? — спросил Геральт, бросив листок на стойку.

Староста, грузный мужик с лицом, изрытым оспой, отделился от стены. Он оглядел ведьмака с ног до головы, пожевал губами и наконец кивнул.

— В силе, — буркнул он. — Тварь уже третий месяц лютует. Сперва овец таскала, потом корову задрала, а намедни... — он понизил голос, — намедни пастушка пропала. Девчонка. Восьми годков. Одни лапти у трясины нашли.

По корчме прошёл тяжёлый вздох. Геральт молчал, разглядывая лица. Что-то здесь не сходилось, и чутьё, отточенное десятилетиями Пути, уже подавало тихий, едва слышный сигнал тревоги.

— Опишите тварь, — сказал он. — Кто видел — пусть говорит.

Мужики переглянулись. Выяснилось, что толком тварь не видел никто. Один слышал рёв в ночи, другой заметил огромный силуэт в тумане, третий нашёл на берегу следы — большие, когтистые. Геральт слушал и всё больше хмурился. Описания не складывались в одно чудовище. Они складывались в страх, который множит сам себя, пока в каждой тени не начнёт мерещиться зверь.

— Сорок крон, — повторил он наконец. — И покажите, где нашли лапти девочки. Утром.

Староста закивал с явным облегчением. А Геральт сел в углу, заказал миску похлёбки и стал думать. За окном опускалась ночь, и над болотом поднимался белёсый, шевелящийся туман. Где-то там, в трясине, и вправду кто-то жил — это ведьмак чувствовал кожей. Вопрос был только в том, кто именно. И почему деревня так дружно не хочет смотреть правде в глаза.',
        'Объявление на столбе', 'Деревня Бубёнки прилепилась к самому краю болот, и пахло в ней торфом, прелой соломой и застарелым страхом. Геральт из Ривии спешился у покосившейся корчмы, где на столбе трепыхалось наспех написанное объявление: «Хто убъёт болотную тварь, што скотину ворует, тому староста заплотит сорок крон». Буквы прыгали, чернила расплылись от сырости — писали в спешке, дрожащей рукой.

Ведьмак сорвал листок, сложил вчетверо и шагнул внутрь. В корчме разом смолкли разговоры. Десяток мужиков уставились на него — на белые волосы, на жёлтые кошачьи глаза, на два меча за спиной. В таких местах ведьмака встречали одинаково: со страхом и надеждой пополам, и трудно было сказать, чего больше.

Геральт давно перестал обижаться на такие взгляды. Мутации, что когда-то сделали его ведьмаком, отняли не только обычную человеческую жизнь, но и право на обычное человеческое отношение. Для крестьян он был чем-то средним между спасителем и нечистью — нужным, пока в округе бесчинствует тварь, и нежеланным, едва опасность минует. Он принимал это, как принимают погоду: бессмысленно злиться на дождь. Зато годы такой жизни научили его читать людей не хуже, чем следы на земле. И сейчас, оглядывая корчму, ведьмак видел не просто испуганных мужиков. Он видел, как трое в дальнем углу прячут глаза. Как староста слишком торопливо переводит разговор. Как страх в этой деревне — не только перед болотом, но и друг перед другом. Это насторожило его сильнее любого рёва в тумане.

— Контракт ещё в силе? — спросил Геральт, бросив листок на стойку.

Староста, грузный мужик с лицом, изрытым оспой, отделился от стены. Он оглядел ведьмака с ног до головы, пожевал губами и наконец кивнул.

— В силе, — буркнул он. — Тварь уже третий месяц лютует. Сперва овец таскала, потом корову задрала, а намедни... — он понизил голос, — намедни пастушка пропала. Девчонка. Восьми годков. Одни лапти у трясины нашли.

По корчме прошёл тяжёлый вздох. Геральт молчал, разглядывая лица. Что-то здесь не сходилось, и чутьё, отточенное десятилетиями Пути, уже подавало тихий, едва слышный сигнал тревоги.

— Опишите тварь, — сказал он. — Кто видел — пусть говорит.

Мужики переглянулись. Выяснилось, что толком тварь не видел никто. Один слышал рёв в ночи, другой заметил огромный силуэт в тумане, третий нашёл на берегу следы — большие, когтистые. Геральт слушал и всё больше хмурился. Описания не складывались в одно чудовище. Они складывались в страх, который множит сам себя, пока в каждой тени не начнёт мерещиться зверь.

— Сорок крон, — повторил он наконец. — И покажите, где нашли лапти девочки. Утром.

Староста закивал с явным облегчением. А Геральт сел в углу, заказал миску похлёбки и стал думать. За окном опускалась ночь, и над болотом поднимался белёсый, шевелящийся туман. Где-то там, в трясине, и вправду кто-то жил — это ведьмак чувствовал кожей. Вопрос был только в том, кто именно. И почему деревня так дружно не хочет смотреть правде в глаза.', 'published', '2026-04-07T12:00:00+00:00', '2026-04-07T13:00:00+00:00');
    INSERT INTO chapters (id, story_id, title, content, draft_title, draft_content, status, created_at, updated_at) VALUES (
        '1d6b73fc-417d-59cf-8933-0152163680c9', '0c05b9a5-3ea0-5b27-8f4d-dd562150444a', 'Следы, что лгут', 'Утром Геральт вышел к трясине один — провожатые довели его до края топи и наотрез отказались идти дальше, крестясь и пятясь к деревне. Болото встретило ведьмака тишиной, в которой не пели птицы. Дурной знак. Там, где смолкает живность, обычно хозяйничает что-то, чего живность боится.

Лапти девочки нашлись там, где и говорили, — на кочке у самой воды, аккуратно поставленные рядышком. Геральт присел над ними и нахмурился сильнее. Чудовище не снимает с жертвы обувь и не ставит её ровно. Так делает человек. Или тот, кто хочет, чтобы поверили в чудовище.

Он двинулся по следам. Когтистые отпечатки вели в глубь топи — крупные, внушительные. Но ведьмачий глаз быстро уловил неправильное: следы были вдавлены слишком ровно, на одну глубину, будто их печатали, а не оставляли на бегу. Настоящая тварь, спеша за добычей, оставляет следы рваные, неровные, со смазанными краями. Эти же кто-то старательно проштамповал, словно расставлял указатели.

Геральт присел и провёл пальцами по краю одного из отпечатков. Земля по краям не осыпалась, как осыпается под весом бегущего зверя, — её аккуратно примяли чем-то твёрдым, вроде вырезанной из дерева лапы. Он повидал на своём веку немало подделок: то крестьяне сами выдумывали чудовище, чтоб согнать соседа с земли, то жулики пугали деревню, чтоб нажиться на чужом страхе. Подделать след нетрудно — труднее подделать повадки. И вот тут неведомый умелец промахнулся. Настоящая болотная тварь не ходит по прямой, ровным шагом, как солдат на плацу. Она петляет, рыщет, кружит за добычей. А эти следы вели чётко, целеустремлённо — туда, куда хотел увести тот, кто их оставил. Ведьмак выпрямился. Его вели по ложному следу. Значит, настоящий след прятали где-то в стороне.

Геральт выпрямился и втянул носом воздух. Сквозь запах гнили и торфа пробивалось что-то ещё — слабый, кисловатый дух. Не звериный. Так пахнет испуганный, давно не мывшийся человек. И ещё — дым. Где-то в глубине болот горел очаг.

Он пошёл на запах, осторожно ступая по предательской трясине, проверяя каждую кочку. Туман то сгущался, то расступался. Дважды под ногой чавкала бездонная жижа, и ведьмак едва успевал отдёрнуться. Наконец впереди, на островке твёрдой земли среди топи, показалась хижина — кривая, вросшая в мох, с тонкой струйкой дыма над прохудившейся крышей.

А у хижины, на пороге, сидела девочка. Та самая. Живая, грязная, испуганная — но целая. Рядом с ней лежало что-то большое, тёмное, мохнатое, и Геральт уже потянулся к мечу, когда мохнатое подняло голову, и он увидел старые, мудрые, совсем не злые глаза.

Это был не зверь-убийца. Это было существо, которых ведьмак на своём веку встречал немного, — лесной дух, древний и почти безобидный, из тех, что доживают последние века в глухих углах мира. И оно не пожирало девочку. Оно её прятало.

— Не подходи, — прошептала девочка, заслоняя собой огромную тварь. — Он хороший. Он меня спас.',
        'Следы, что лгут', 'Утром Геральт вышел к трясине один — провожатые довели его до края топи и наотрез отказались идти дальше, крестясь и пятясь к деревне. Болото встретило ведьмака тишиной, в которой не пели птицы. Дурной знак. Там, где смолкает живность, обычно хозяйничает что-то, чего живность боится.

Лапти девочки нашлись там, где и говорили, — на кочке у самой воды, аккуратно поставленные рядышком. Геральт присел над ними и нахмурился сильнее. Чудовище не снимает с жертвы обувь и не ставит её ровно. Так делает человек. Или тот, кто хочет, чтобы поверили в чудовище.

Он двинулся по следам. Когтистые отпечатки вели в глубь топи — крупные, внушительные. Но ведьмачий глаз быстро уловил неправильное: следы были вдавлены слишком ровно, на одну глубину, будто их печатали, а не оставляли на бегу. Настоящая тварь, спеша за добычей, оставляет следы рваные, неровные, со смазанными краями. Эти же кто-то старательно проштамповал, словно расставлял указатели.

Геральт присел и провёл пальцами по краю одного из отпечатков. Земля по краям не осыпалась, как осыпается под весом бегущего зверя, — её аккуратно примяли чем-то твёрдым, вроде вырезанной из дерева лапы. Он повидал на своём веку немало подделок: то крестьяне сами выдумывали чудовище, чтоб согнать соседа с земли, то жулики пугали деревню, чтоб нажиться на чужом страхе. Подделать след нетрудно — труднее подделать повадки. И вот тут неведомый умелец промахнулся. Настоящая болотная тварь не ходит по прямой, ровным шагом, как солдат на плацу. Она петляет, рыщет, кружит за добычей. А эти следы вели чётко, целеустремлённо — туда, куда хотел увести тот, кто их оставил. Ведьмак выпрямился. Его вели по ложному следу. Значит, настоящий след прятали где-то в стороне.

Геральт выпрямился и втянул носом воздух. Сквозь запах гнили и торфа пробивалось что-то ещё — слабый, кисловатый дух. Не звериный. Так пахнет испуганный, давно не мывшийся человек. И ещё — дым. Где-то в глубине болот горел очаг.

Он пошёл на запах, осторожно ступая по предательской трясине, проверяя каждую кочку. Туман то сгущался, то расступался. Дважды под ногой чавкала бездонная жижа, и ведьмак едва успевал отдёрнуться. Наконец впереди, на островке твёрдой земли среди топи, показалась хижина — кривая, вросшая в мох, с тонкой струйкой дыма над прохудившейся крышей.

А у хижины, на пороге, сидела девочка. Та самая. Живая, грязная, испуганная — но целая. Рядом с ней лежало что-то большое, тёмное, мохнатое, и Геральт уже потянулся к мечу, когда мохнатое подняло голову, и он увидел старые, мудрые, совсем не злые глаза.

Это был не зверь-убийца. Это было существо, которых ведьмак на своём веку встречал немного, — лесной дух, древний и почти безобидный, из тех, что доживают последние века в глухих углах мира. И оно не пожирало девочку. Оно её прятало.

— Не подходи, — прошептала девочка, заслоняя собой огромную тварь. — Он хороший. Он меня спас.', 'published', '2026-04-08T12:00:00+00:00', '2026-04-08T13:00:00+00:00');
    INSERT INTO chapters (id, story_id, title, content, draft_title, draft_content, status, created_at, updated_at) VALUES (
        'df893ad1-bff9-5c57-b904-95c3af3a0bec', '0c05b9a5-3ea0-5b27-8f4d-dd562150444a', 'Кого боится деревня', 'Геральт медленно убрал руку с рукояти и опустился на корточки, чтобы не нависать над девочкой. Лесной дух следил за ним настороженно, но не нападал — лишь тихо ворчал, прикрывая ребёнка мохнатым боком.

— Расскажи, — сказал ведьмак мягко, как умел не часто. — От кого он тебя спас?

И девочка, всхлипывая, рассказала. Звали её Марыся, и пасла она деревенских овец, пока однажды не увидела то, что не предназначалось для чужих глаз. Несколько мужиков из Бубёнок по ночам угоняли скот на дальний хутор и продавали тайком, а пропажу сваливали на болотную тварь. Сами же и придумали её — печатали следы, ревели в темноте, пугали деревню. Марыся случайно подслушала их сговор. И тогда они решили избавиться от свидетельницы — самым простым способом, какой пришёл им в головы.

— Они погнались за мной к болоту, — шептала девочка. — Я упала, потеряла лапти. Думала, всё. А он, — она погладила мохнатый бок, — он вышел из тумана и зарычал. Они и удрали. А меня привёл сюда, кормит грибами да ягодами. Только наружу не пускает — знает, что меня там убьют.

Геральт слушал, и желваки ходили у него на скулах. Он повидал всякое и давно не удивлялся человеческой подлости. Но всякий раз, когда чудовищем оказывался не зверь, а человек, внутри что-то тяжелело.

— Сорок крон за твою смерть, выходит, — пробормотал он. — Хитро придумано. Нанять ведьмака, чтоб тот прикончил духа, а заодно и тебя, если найдёт. И концы в воду. Тварь убита, девочка съедена, скот украден. Все довольны.

Лесной дух глухо заворчал, словно соглашаясь. Геральт поднялся, отряхнул колени и посмотрел на затянутое туманом болото в сторону деревни. План воров был почти безупречен. Они не учли одного: ведьмаки берут плату за чудовищ, но не за детей. И очень не любят, когда из них делают орудие чужой подлости.

Он повидал немало деревень, задавленных страхом, и знал, как легко страх превращается в орудие. Достаточно придумать чудовище — и можно списать на него что угодно: украденный скот, сведённые счёты, исчезнувших людей. Чудовище не оправдывается и не свидетельствует на суде. На него удобно валить. Геральт за свою жизнь не раз бывал тем самым клинком, которым чужие руки пытались зарезать неугодного, прикрывшись басней про нечисть. Иногда он понимал это вовремя. Иногда — слишком поздно, и тогда совесть, которой у ведьмаков будто бы нет, напоминала о себе долгими бессонными ночами. В этот раз он понял вовремя. И от этого внутри разгоралась холодная, ровная злость — не на трясину болота, а на тех, кто превратил беду маленькой девочки в выгодную сделку.

— Сиди тут, — велел он девочке. — С ним ты в безопасности. А я схожу в Бубёнки и верну старосте его объявление. Вместе с парой слов.

Дух поднял голову и долго смотрел на ведьмака своими древними глазами. А потом, к удивлению Геральта, медленно наклонил огромную башку — будто кланялся. Они поняли друг друга без слов, два чудовища, которых люди боялись зря.',
        'Кого боится деревня', 'Геральт медленно убрал руку с рукояти и опустился на корточки, чтобы не нависать над девочкой. Лесной дух следил за ним настороженно, но не нападал — лишь тихо ворчал, прикрывая ребёнка мохнатым боком.

— Расскажи, — сказал ведьмак мягко, как умел не часто. — От кого он тебя спас?

И девочка, всхлипывая, рассказала. Звали её Марыся, и пасла она деревенских овец, пока однажды не увидела то, что не предназначалось для чужих глаз. Несколько мужиков из Бубёнок по ночам угоняли скот на дальний хутор и продавали тайком, а пропажу сваливали на болотную тварь. Сами же и придумали её — печатали следы, ревели в темноте, пугали деревню. Марыся случайно подслушала их сговор. И тогда они решили избавиться от свидетельницы — самым простым способом, какой пришёл им в головы.

— Они погнались за мной к болоту, — шептала девочка. — Я упала, потеряла лапти. Думала, всё. А он, — она погладила мохнатый бок, — он вышел из тумана и зарычал. Они и удрали. А меня привёл сюда, кормит грибами да ягодами. Только наружу не пускает — знает, что меня там убьют.

Геральт слушал, и желваки ходили у него на скулах. Он повидал всякое и давно не удивлялся человеческой подлости. Но всякий раз, когда чудовищем оказывался не зверь, а человек, внутри что-то тяжелело.

— Сорок крон за твою смерть, выходит, — пробормотал он. — Хитро придумано. Нанять ведьмака, чтоб тот прикончил духа, а заодно и тебя, если найдёт. И концы в воду. Тварь убита, девочка съедена, скот украден. Все довольны.

Лесной дух глухо заворчал, словно соглашаясь. Геральт поднялся, отряхнул колени и посмотрел на затянутое туманом болото в сторону деревни. План воров был почти безупречен. Они не учли одного: ведьмаки берут плату за чудовищ, но не за детей. И очень не любят, когда из них делают орудие чужой подлости.

Он повидал немало деревень, задавленных страхом, и знал, как легко страх превращается в орудие. Достаточно придумать чудовище — и можно списать на него что угодно: украденный скот, сведённые счёты, исчезнувших людей. Чудовище не оправдывается и не свидетельствует на суде. На него удобно валить. Геральт за свою жизнь не раз бывал тем самым клинком, которым чужие руки пытались зарезать неугодного, прикрывшись басней про нечисть. Иногда он понимал это вовремя. Иногда — слишком поздно, и тогда совесть, которой у ведьмаков будто бы нет, напоминала о себе долгими бессонными ночами. В этот раз он понял вовремя. И от этого внутри разгоралась холодная, ровная злость — не на трясину болота, а на тех, кто превратил беду маленькой девочки в выгодную сделку.

— Сиди тут, — велел он девочке. — С ним ты в безопасности. А я схожу в Бубёнки и верну старосте его объявление. Вместе с парой слов.

Дух поднял голову и долго смотрел на ведьмака своими древними глазами. А потом, к удивлению Геральта, медленно наклонил огромную башку — будто кланялся. Они поняли друг друга без слов, два чудовища, которых люди боялись зря.', 'published', '2026-04-09T12:00:00+00:00', '2026-04-09T13:00:00+00:00');
    INSERT INTO chapters (id, story_id, title, content, draft_title, draft_content, status, created_at, updated_at) VALUES (
        'b2125dc5-3945-57f2-9db8-ca658fce41e1', '0c05b9a5-3ea0-5b27-8f4d-dd562150444a', 'Расплата', 'В Бубёнки Геральт вернулся к вечеру. Корчма была полна — мужики ждали вестей, и при виде ведьмака, целого и невредимого, по лицам пробежала тень. Они-то надеялись, что болото поглотит и его.

— Ну что, убил тварь? — нарочито громко спросил староста, но голос его дрогнул.

Геральт прошёл к стойке, бросил на неё лапти девочки — те самые, аккуратно поставленные на кочке. В корчме стало очень тихо. Несколько мужиков у дальнего стола разом побледнели и потянулись к выходу.

— Тварь я нашёл, — спокойно сказал ведьмак. — Только тварей оказалось две. Одна мохнатая, в болоте, — она прятала вашу пастушку от смерти. А вторая, — он медленно обвёл взглядом зал, останавливаясь на побледневших лицах, — вторая сидит в этой корчме. И ворует скот. И посылает ведьмака убить ребёнка, чтоб замести следы.

Тишина лопнула. Те трое рванули к двери — но Геральт ждал этого. Короткий жест пальцами, Знак Аард — и невидимая волна швырнула беглецов на пол. Ведьмак не вынимал меча; против обычных людей сталь была лишней. Хватило того, что они увидели в его жёлтых глазах.

Деревня разбиралась с ворами по-своему — Геральт в это не вмешивался, это было не его дело. Старосте, который, как выяснилось, был с ворами в доле, связали руки и заперли в погребе до приезда управителя из города. Марысю привели с болота — испуганную, но живую, и мать, которую уже не чаяла увидеть дочь, рыдала, прижимая её к себе.

Геральт смотрел на эту встречу со стороны и не вмешивался. Слёзы матери, цепляющиеся за неё руки девочки, сбивчивые благодарности — всё это было не для него. Ведьмак привык быть тем, кто приходит, делает грязную работу и уходит, не задерживаясь на чужой радости, потому что радость эта всегда чужая. И всё же что-то тёплое шевельнулось в груди, когда Марыся, оторвавшись от матери, подбежала к нему и неловко обняла за пояс — выше не достала. Он замер, не зная, куда деть руки. Дети редко обнимали ведьмаков; чаще от них шарахались. Геральт осторожно, будто боясь сломать, опустил ладонь ей на макушку, а потом так же осторожно отстранил. У него не было слов для таких мгновений. Но это тепло он запомнил — про запас, на долгие холодные ночи Пути.

— А тварь болотная? — робко спросил кто-то. — Дух-то этот? Он же... безобидный, выходит?

— Безобидный, пока его не трогают, — отрезал Геральт. — Оставьте его в покое, и он вас не тронет. Он тут жил задолго до вашей деревни и переживёт её. И спас он девочку, когда люди хотели её убить. Подумайте об этом, когда в следующий раз решите, кто тут чудовище.

Сорок крон ему всё-таки заплатили — мать Марыси настояла, отдала последнее. Геральт хотел было отказаться, но не стал: отказ обидел бы её. Зато по дороге из деревни он оставил половину монет на пороге бедной хибары на отшибе и уехал, не оглядываясь.

Болото провожало его той же мёртвой тишиной. Но теперь ведьмак знал, что в этой тишине живёт не убийца, а старый одинокий хранитель, который однажды поступил человечнее иных людей. И, трясясь в седле сквозь редеющий туман, Геральт думал, что мир иногда удивительно несправедлив в том, кого зовёт монстром.',
        'Расплата', 'В Бубёнки Геральт вернулся к вечеру. Корчма была полна — мужики ждали вестей, и при виде ведьмака, целого и невредимого, по лицам пробежала тень. Они-то надеялись, что болото поглотит и его.

— Ну что, убил тварь? — нарочито громко спросил староста, но голос его дрогнул.

Геральт прошёл к стойке, бросил на неё лапти девочки — те самые, аккуратно поставленные на кочке. В корчме стало очень тихо. Несколько мужиков у дальнего стола разом побледнели и потянулись к выходу.

— Тварь я нашёл, — спокойно сказал ведьмак. — Только тварей оказалось две. Одна мохнатая, в болоте, — она прятала вашу пастушку от смерти. А вторая, — он медленно обвёл взглядом зал, останавливаясь на побледневших лицах, — вторая сидит в этой корчме. И ворует скот. И посылает ведьмака убить ребёнка, чтоб замести следы.

Тишина лопнула. Те трое рванули к двери — но Геральт ждал этого. Короткий жест пальцами, Знак Аард — и невидимая волна швырнула беглецов на пол. Ведьмак не вынимал меча; против обычных людей сталь была лишней. Хватило того, что они увидели в его жёлтых глазах.

Деревня разбиралась с ворами по-своему — Геральт в это не вмешивался, это было не его дело. Старосте, который, как выяснилось, был с ворами в доле, связали руки и заперли в погребе до приезда управителя из города. Марысю привели с болота — испуганную, но живую, и мать, которую уже не чаяла увидеть дочь, рыдала, прижимая её к себе.

Геральт смотрел на эту встречу со стороны и не вмешивался. Слёзы матери, цепляющиеся за неё руки девочки, сбивчивые благодарности — всё это было не для него. Ведьмак привык быть тем, кто приходит, делает грязную работу и уходит, не задерживаясь на чужой радости, потому что радость эта всегда чужая. И всё же что-то тёплое шевельнулось в груди, когда Марыся, оторвавшись от матери, подбежала к нему и неловко обняла за пояс — выше не достала. Он замер, не зная, куда деть руки. Дети редко обнимали ведьмаков; чаще от них шарахались. Геральт осторожно, будто боясь сломать, опустил ладонь ей на макушку, а потом так же осторожно отстранил. У него не было слов для таких мгновений. Но это тепло он запомнил — про запас, на долгие холодные ночи Пути.

— А тварь болотная? — робко спросил кто-то. — Дух-то этот? Он же... безобидный, выходит?

— Безобидный, пока его не трогают, — отрезал Геральт. — Оставьте его в покое, и он вас не тронет. Он тут жил задолго до вашей деревни и переживёт её. И спас он девочку, когда люди хотели её убить. Подумайте об этом, когда в следующий раз решите, кто тут чудовище.

Сорок крон ему всё-таки заплатили — мать Марыси настояла, отдала последнее. Геральт хотел было отказаться, но не стал: отказ обидел бы её. Зато по дороге из деревни он оставил половину монет на пороге бедной хибары на отшибе и уехал, не оглядываясь.

Болото провожало его той же мёртвой тишиной. Но теперь ведьмак знал, что в этой тишине живёт не убийца, а старый одинокий хранитель, который однажды поступил человечнее иных людей. И, трясясь в седле сквозь редеющий туман, Геральт думал, что мир иногда удивительно несправедлив в том, кого зовёт монстром.', 'published', '2026-04-10T12:00:00+00:00', '2026-04-10T13:00:00+00:00');

    -- [8] Найдёныш (witcher)
    INSERT INTO stories (id, slug, title, status, author_id, ai_summary, created_at, updated_at) VALUES (
        '16b46de6-7655-5139-8cba-e6a360e66bd7', 'witcher-naydyonysh', 'Найдёныш', 'published', v_author_id, 'Геральт находит на разорённом тракте девочку, единственную, кто выжил после нападения. Он не умеет растить детей — но и бросить её не может. Дорога научит обоих.',
        '2026-04-05T12:00:00+00:00', '2026-05-12T10:00:00+00:00');
    INSERT INTO story_tags (story_id, tag_id) VALUES ('16b46de6-7655-5139-8cba-e6a360e66bd7', '10000001-0001-4001-8001-000000000002');
    INSERT INTO story_tags (story_id, tag_id) VALUES ('16b46de6-7655-5139-8cba-e6a360e66bd7', '10000004-0004-4004-8004-000000000002');
    INSERT INTO story_tags (story_id, tag_id) VALUES ('16b46de6-7655-5139-8cba-e6a360e66bd7', '10000005-0005-4005-8005-000000000003');
    INSERT INTO story_tags (story_id, tag_id) VALUES ('16b46de6-7655-5139-8cba-e6a360e66bd7', '10000006-0006-4006-8006-000000000001');
    INSERT INTO story_tags (story_id, tag_id) VALUES ('16b46de6-7655-5139-8cba-e6a360e66bd7', '10000002-0002-4002-8002-000000000001');
    INSERT INTO story_tags (story_id, tag_id) VALUES ('16b46de6-7655-5139-8cba-e6a360e66bd7', '10000002-0002-4002-8002-000000000006');
    INSERT INTO chapters (id, story_id, title, content, draft_title, draft_content, status, created_at, updated_at) VALUES (
        'ceac70af-6046-5ec6-8242-05715c6fab2f', '16b46de6-7655-5139-8cba-e6a360e66bd7', 'Тишина после', 'Караван разграбили на рассвете — Геральт понял это по тому, как кружило вороньё над трактом задолго до того, как он увидел перевёрнутые телеги. Он не любил такие места. Чужая беда цеплялась к Пути, как репей, и тащилась за тобой потом много вёрст.

Он спешился и пошёл вдоль разбитых повозок, читая случившееся по следам. Напали разбойники — не нелюди, не чудовища, обычные двуногие. Забрали товар, лошадей, ушли на юг. Спешить было некуда и незачем; ведьмак уже хотел вернуться к кобыле, когда из-под опрокинутой телеги донёсся слабый звук. Не стон. Дыхание — частое, испуганное, затаённое.

Геральт замер. Потом медленно, чтобы не спугнуть, наклонился и заглянул в щель между досками. Оттуда на него смотрели два огромных глаза. Девочка. Лет семи, может, восьми, забившаяся в самый дальний угол, прижавшая к груди тряпичную куклу. Грязная, дрожащая, но без единой царапины. Она пряталась так хорошо, что разбойники её не нашли.

Геральт медленно выдохнул. Он повидал на дорогах Континента сотни таких сцен — разорённые караваны, пустые телеги, вороньё над трактом. Чужая смерть давно перестала ранить его остро; притупилось, как притупляется лезвие от долгой работы. Но детский страх в темноте под телегой задевал что-то, что мутации, казалось, выжгли в нём начисто. Может быть, потому, что когда-то он сам был таким же ребёнком, которого забрали из прежней жизни и бросили в мир, полный чудовищ. Ведьмаков делают из детей. Об этом не вспоминают те, кто их боится. Геральт смотрел на два огромных испуганных глаза в щели между досками и понимал: пройти мимо он не сможет. Не потому, что обязан. А потому, что когда-то мимо него тоже мог кто-нибудь пройти — и не прошёл.

— Вылезай, — сказал Геральт. — Они ушли. Я тебя не трону.

Девочка не шелохнулась. Она глядела на его белые волосы, на жёлтые глаза, и в её взгляде застыл такой ужас, что ведьмак понял: для неё он сейчас — ещё одно чудовище, пострашнее разбойников. Он вздохнул, отступил на шаг и сел прямо на дорогу, скрестив ноги, чтобы не нависать.

— Меня зовут Геральт, — сказал он негромко. — Я ведьмак. Знаешь, кто это? Тот, кто убивает чудовищ. А не детей. Можешь сидеть там сколько хочешь. Но скоро вернётся вороньё, а потом, может, и звери покрупнее. Со мной будет безопаснее. Решай сама.

Он не торопил её. Сидел и ждал, глядя в сторону, давая ей время. Солнце поднималось выше, грело разорённый тракт. Прошло долгих полчаса, прежде чем доски тихо скрипнули, и девочка, цепляясь за свою куклу, выползла наружу. Она остановилась в трёх шагах, готовая в любой миг броситься прочь.

— Как тебя зовут? — спросил Геральт.

— Ивушка, — прошептала она. И, помолчав, добавила то, от чего у видавшего виды ведьмака что-то сжалось в груди: — А мама где? Вы маму не видели?

Геральт посмотрел на перевёрнутые телеги, на тихий, страшный тракт. И не нашёл в себе сил соврать, но и правду сказать не сумел.

— Идём, — только и сказал он, поднимаясь и протягивая руку. — Найдём, где переночевать. Утро вечера мудренее.',
        'Тишина после', 'Караван разграбили на рассвете — Геральт понял это по тому, как кружило вороньё над трактом задолго до того, как он увидел перевёрнутые телеги. Он не любил такие места. Чужая беда цеплялась к Пути, как репей, и тащилась за тобой потом много вёрст.

Он спешился и пошёл вдоль разбитых повозок, читая случившееся по следам. Напали разбойники — не нелюди, не чудовища, обычные двуногие. Забрали товар, лошадей, ушли на юг. Спешить было некуда и незачем; ведьмак уже хотел вернуться к кобыле, когда из-под опрокинутой телеги донёсся слабый звук. Не стон. Дыхание — частое, испуганное, затаённое.

Геральт замер. Потом медленно, чтобы не спугнуть, наклонился и заглянул в щель между досками. Оттуда на него смотрели два огромных глаза. Девочка. Лет семи, может, восьми, забившаяся в самый дальний угол, прижавшая к груди тряпичную куклу. Грязная, дрожащая, но без единой царапины. Она пряталась так хорошо, что разбойники её не нашли.

Геральт медленно выдохнул. Он повидал на дорогах Континента сотни таких сцен — разорённые караваны, пустые телеги, вороньё над трактом. Чужая смерть давно перестала ранить его остро; притупилось, как притупляется лезвие от долгой работы. Но детский страх в темноте под телегой задевал что-то, что мутации, казалось, выжгли в нём начисто. Может быть, потому, что когда-то он сам был таким же ребёнком, которого забрали из прежней жизни и бросили в мир, полный чудовищ. Ведьмаков делают из детей. Об этом не вспоминают те, кто их боится. Геральт смотрел на два огромных испуганных глаза в щели между досками и понимал: пройти мимо он не сможет. Не потому, что обязан. А потому, что когда-то мимо него тоже мог кто-нибудь пройти — и не прошёл.

— Вылезай, — сказал Геральт. — Они ушли. Я тебя не трону.

Девочка не шелохнулась. Она глядела на его белые волосы, на жёлтые глаза, и в её взгляде застыл такой ужас, что ведьмак понял: для неё он сейчас — ещё одно чудовище, пострашнее разбойников. Он вздохнул, отступил на шаг и сел прямо на дорогу, скрестив ноги, чтобы не нависать.

— Меня зовут Геральт, — сказал он негромко. — Я ведьмак. Знаешь, кто это? Тот, кто убивает чудовищ. А не детей. Можешь сидеть там сколько хочешь. Но скоро вернётся вороньё, а потом, может, и звери покрупнее. Со мной будет безопаснее. Решай сама.

Он не торопил её. Сидел и ждал, глядя в сторону, давая ей время. Солнце поднималось выше, грело разорённый тракт. Прошло долгих полчаса, прежде чем доски тихо скрипнули, и девочка, цепляясь за свою куклу, выползла наружу. Она остановилась в трёх шагах, готовая в любой миг броситься прочь.

— Как тебя зовут? — спросил Геральт.

— Ивушка, — прошептала она. И, помолчав, добавила то, от чего у видавшего виды ведьмака что-то сжалось в груди: — А мама где? Вы маму не видели?

Геральт посмотрел на перевёрнутые телеги, на тихий, страшный тракт. И не нашёл в себе сил соврать, но и правду сказать не сумел.

— Идём, — только и сказал он, поднимаясь и протягивая руку. — Найдём, где переночевать. Утро вечера мудренее.', 'published', '2026-04-05T12:00:00+00:00', '2026-04-05T13:00:00+00:00');
    INSERT INTO chapters (id, story_id, title, content, draft_title, draft_content, status, created_at, updated_at) VALUES (
        '63957d9b-866c-56f9-837b-bf2a1a98c482', '16b46de6-7655-5139-8cba-e6a360e66bd7', 'Чему учат на Пути', 'Растить ребёнка Геральт не умел совершенно. Он умел убивать утопцев, варить эликсиры, торговаться за плату и спать вполглаза у костра. Но что делать с маленькой девочкой, которая боится темноты, плачет во сне и не ест, если рядом громко хрустнет ветка, — об этом в ведьмачьей школе не рассказывали.

Первые дни были тяжёлыми. Ивушка молчала, шарахалась от его мечей, отказывалась садиться на лошадь. Геральт не давил. Он просто был рядом — ровный, неспешный, предсказуемый. Разводил костёр всегда одинаково. Готовил похлёбку и ставил перед ней, не заставляя есть. Ночью спал так, чтобы она видела его силуэт и знала: он на страже.

Он и сам не сразу понял, когда именно перестал считать дни до того, как сбудет девочку с рук. Поначалу-то Геральт твёрдо решил довести её до ближайшего города, сдать в приют или родне и забыть. Так было разумно. Так было по-ведьмачьи. Но дни шли, и привычное одиночество Пути незаметно наполнилось чужим присутствием — тихим дыханием у костра, любопытными вопросами, маленькой ладошкой, цеплявшейся за его рукав на трудных переправах. Геральт ловил себя на том, что замедляет шаг под её короткие ноги, что выбирает дорогу полегче, что готовит в котелке больше обычного. Это пугало его сильнее любого чудовища. Привязанность для ведьмака — роскошь, за которую всегда приходится платить болью расставания. Он знал это. И всё равно не мог заставить себя торопиться.

На четвёртый день она впервые заговорила сама. Они шли через лес, и Ивушка вдруг спросила:

— А ты правда чудовищ убиваешь? Всех-всех?

— Не всех, — честно ответил Геральт. — Только тех, кто вредит людям. Многие твари просто живут себе и никого не трогают. Их я не трогаю тоже.

— А как отличить? Кто вредит, а кто нет?

Ведьмак задумался. Вопрос был не детский. Он сам искал на него ответ всю жизнь.

— Смотрю, — сказал он наконец. — Слушаю. Не верю слухам. Люди часто зовут чудовищем того, кого просто боятся или не понимают. А настоящее зло почти всегда ходит на двух ногах и улыбается. Вот этому и учит Путь, Ивушка: сперва разберись, а потом доставай меч. Не наоборот.

Девочка надолго замолчала, переваривая. А вечером, у костра, впервые подсела к нему близко — не вплотную, но ближе, чем раньше. Геральт сделал вид, что не заметил, чтобы не вспугнуть. Но внутри что-то потеплело — давно забытое, простое человеческое тепло, которому ведьмаков тоже не учили.

Он стал показывать ей мелочи. Какие ягоды можно есть, а какие нет. Как читать следы на земле. Как разводить огонь одним кресалом. Как слушать лес — по тому, поют птицы или молчат. Ивушка схватывала на лету, и в её глазах постепенно гас застывший ужас, уступая место чему-то живому — любопытству, азарту, доверию.

— Из тебя вышел бы толк, — сказал ей Геральт как-то. — Голова работает. И страх слушается, а не командует. Это редкость.

Ивушка просияла так, будто он вручил ей сокровище. И ведьмак понял, что эти слова стоили ей дороже любой похвалы — потому что были правдой, а правду она уже научилась отличать от утешительной лжи. Совсем как он сам.',
        'Чему учат на Пути', 'Растить ребёнка Геральт не умел совершенно. Он умел убивать утопцев, варить эликсиры, торговаться за плату и спать вполглаза у костра. Но что делать с маленькой девочкой, которая боится темноты, плачет во сне и не ест, если рядом громко хрустнет ветка, — об этом в ведьмачьей школе не рассказывали.

Первые дни были тяжёлыми. Ивушка молчала, шарахалась от его мечей, отказывалась садиться на лошадь. Геральт не давил. Он просто был рядом — ровный, неспешный, предсказуемый. Разводил костёр всегда одинаково. Готовил похлёбку и ставил перед ней, не заставляя есть. Ночью спал так, чтобы она видела его силуэт и знала: он на страже.

Он и сам не сразу понял, когда именно перестал считать дни до того, как сбудет девочку с рук. Поначалу-то Геральт твёрдо решил довести её до ближайшего города, сдать в приют или родне и забыть. Так было разумно. Так было по-ведьмачьи. Но дни шли, и привычное одиночество Пути незаметно наполнилось чужим присутствием — тихим дыханием у костра, любопытными вопросами, маленькой ладошкой, цеплявшейся за его рукав на трудных переправах. Геральт ловил себя на том, что замедляет шаг под её короткие ноги, что выбирает дорогу полегче, что готовит в котелке больше обычного. Это пугало его сильнее любого чудовища. Привязанность для ведьмака — роскошь, за которую всегда приходится платить болью расставания. Он знал это. И всё равно не мог заставить себя торопиться.

На четвёртый день она впервые заговорила сама. Они шли через лес, и Ивушка вдруг спросила:

— А ты правда чудовищ убиваешь? Всех-всех?

— Не всех, — честно ответил Геральт. — Только тех, кто вредит людям. Многие твари просто живут себе и никого не трогают. Их я не трогаю тоже.

— А как отличить? Кто вредит, а кто нет?

Ведьмак задумался. Вопрос был не детский. Он сам искал на него ответ всю жизнь.

— Смотрю, — сказал он наконец. — Слушаю. Не верю слухам. Люди часто зовут чудовищем того, кого просто боятся или не понимают. А настоящее зло почти всегда ходит на двух ногах и улыбается. Вот этому и учит Путь, Ивушка: сперва разберись, а потом доставай меч. Не наоборот.

Девочка надолго замолчала, переваривая. А вечером, у костра, впервые подсела к нему близко — не вплотную, но ближе, чем раньше. Геральт сделал вид, что не заметил, чтобы не вспугнуть. Но внутри что-то потеплело — давно забытое, простое человеческое тепло, которому ведьмаков тоже не учили.

Он стал показывать ей мелочи. Какие ягоды можно есть, а какие нет. Как читать следы на земле. Как разводить огонь одним кресалом. Как слушать лес — по тому, поют птицы или молчат. Ивушка схватывала на лету, и в её глазах постепенно гас застывший ужас, уступая место чему-то живому — любопытству, азарту, доверию.

— Из тебя вышел бы толк, — сказал ей Геральт как-то. — Голова работает. И страх слушается, а не командует. Это редкость.

Ивушка просияла так, будто он вручил ей сокровище. И ведьмак понял, что эти слова стоили ей дороже любой похвалы — потому что были правдой, а правду она уже научилась отличать от утешительной лжи. Совсем как он сам.', 'published', '2026-04-06T12:00:00+00:00', '2026-04-06T13:00:00+00:00');
    INSERT INTO chapters (id, story_id, title, content, draft_title, draft_content, status, created_at, updated_at) VALUES (
        'a1465afb-a60d-5311-bc55-6cd3ee0ffbf4', '16b46de6-7655-5139-8cba-e6a360e66bd7', 'Деревня у реки', 'Через две недели пути они вышли к большой деревне у реки — той самой, куда направлялся разграбленный караван. Геральт навёл справки и узнал, что у Ивушки здесь есть родня: тётка, сестра погибшей матери, державшая мельницу на окраине.

Геральт навёл справки осторожно, как привык, — не называя имён, окольными вопросами в корчме, у колодца, на торгу. Мельничиха была женщина известная: вдовая, бездетная, державшая дом крепкой рукой. О сестре своей, сгинувшей с тем самым караваном, она, по слухам, горевала тяжело. Это было хорошо. Это означало, что Ивушку здесь примут не из долга, а от сердца, — а ведьмак за свою жизнь успел понять, что нет разницы важнее. Он мог бы оставить девочку в первом попавшемся приюте ещё неделю назад и формально выполнил бы долг. Но Геральт слишком хорошо помнил, каково расти без своих, среди чужих стен, под чужими холодными взглядами. Такого он Ивушке не желал. И потому вёл её именно к мельнице — не к ближайшему пристанищу, а к тому единственному месту, где у неё могла быть не просто крыша над головой, а настоящая семья.

Он привёл девочку к мельнице на закате. Тётка, дородная женщина с добрым усталым лицом, всплеснула руками, узнав племянницу, и разрыдалась, прижимая её к себе. Ивушка тоже плакала — впервые за всю дорогу по-настоящему, навзрыд, выпуская наконец всё, что копила в себе после разорённого тракта.

Геральт стоял в стороне и понимал, что сейчас будет самое трудное. Не бой с чудовищем — прощание. Девочке здесь будет хорошо. Тётка добрая, дом крепкий, река кормит, рядом другие дети. У Ивушки будет то, чего ведьмак дать ей не мог: дом, детство, спокойные ночи без костра и мечей. Так было правильно. Но правильное не всегда даётся легко.

— Останетесь на ночь? — спросила тётка, утирая слёзы. — Накормлю, постелю. Вы же дитя моё спасли, выходили. Чем отплатить — не знаю.

— Не нужно платы, — сказал Геральт. — И оставаться не буду. Мне дальше.

Ивушка вскинула голову. По её лицу пробежала тень — она поняла раньше, чем он произнёс.

— Ты уезжаешь? — прошептала она. — Совсем?

Геральт присел перед ней на корточки, как тогда, на тракте.

— Мне нельзя с собой, Ивушка, — сказал он мягко. — Мой Путь — не для детей. Сегодня болото, завтра погост, послезавтра меч в спину из-за угла. А тебе нужен дом. Вот он, твой дом. Тётка тебя любит. Здесь ты будешь расти, а не выживать. Понимаешь?

Девочка молчала, кусая губы, борясь со слезами. А потом, неожиданно, кивнула — по-взрослому, серьёзно. Она ведь научилась разбираться, прежде чем спорить. И поняла, что он прав, как ни горько.

— А ты будешь помнить меня? — спросила она тихо.

— Ведьмаки плохо спят и долго живут, — ответил Геральт. — Времени помнить у меня много. Не забуду. Слово.',
        'Деревня у реки', 'Через две недели пути они вышли к большой деревне у реки — той самой, куда направлялся разграбленный караван. Геральт навёл справки и узнал, что у Ивушки здесь есть родня: тётка, сестра погибшей матери, державшая мельницу на окраине.

Геральт навёл справки осторожно, как привык, — не называя имён, окольными вопросами в корчме, у колодца, на торгу. Мельничиха была женщина известная: вдовая, бездетная, державшая дом крепкой рукой. О сестре своей, сгинувшей с тем самым караваном, она, по слухам, горевала тяжело. Это было хорошо. Это означало, что Ивушку здесь примут не из долга, а от сердца, — а ведьмак за свою жизнь успел понять, что нет разницы важнее. Он мог бы оставить девочку в первом попавшемся приюте ещё неделю назад и формально выполнил бы долг. Но Геральт слишком хорошо помнил, каково расти без своих, среди чужих стен, под чужими холодными взглядами. Такого он Ивушке не желал. И потому вёл её именно к мельнице — не к ближайшему пристанищу, а к тому единственному месту, где у неё могла быть не просто крыша над головой, а настоящая семья.

Он привёл девочку к мельнице на закате. Тётка, дородная женщина с добрым усталым лицом, всплеснула руками, узнав племянницу, и разрыдалась, прижимая её к себе. Ивушка тоже плакала — впервые за всю дорогу по-настоящему, навзрыд, выпуская наконец всё, что копила в себе после разорённого тракта.

Геральт стоял в стороне и понимал, что сейчас будет самое трудное. Не бой с чудовищем — прощание. Девочке здесь будет хорошо. Тётка добрая, дом крепкий, река кормит, рядом другие дети. У Ивушки будет то, чего ведьмак дать ей не мог: дом, детство, спокойные ночи без костра и мечей. Так было правильно. Но правильное не всегда даётся легко.

— Останетесь на ночь? — спросила тётка, утирая слёзы. — Накормлю, постелю. Вы же дитя моё спасли, выходили. Чем отплатить — не знаю.

— Не нужно платы, — сказал Геральт. — И оставаться не буду. Мне дальше.

Ивушка вскинула голову. По её лицу пробежала тень — она поняла раньше, чем он произнёс.

— Ты уезжаешь? — прошептала она. — Совсем?

Геральт присел перед ней на корточки, как тогда, на тракте.

— Мне нельзя с собой, Ивушка, — сказал он мягко. — Мой Путь — не для детей. Сегодня болото, завтра погост, послезавтра меч в спину из-за угла. А тебе нужен дом. Вот он, твой дом. Тётка тебя любит. Здесь ты будешь расти, а не выживать. Понимаешь?

Девочка молчала, кусая губы, борясь со слезами. А потом, неожиданно, кивнула — по-взрослому, серьёзно. Она ведь научилась разбираться, прежде чем спорить. И поняла, что он прав, как ни горько.

— А ты будешь помнить меня? — спросила она тихо.

— Ведьмаки плохо спят и долго живут, — ответил Геральт. — Времени помнить у меня много. Не забуду. Слово.', 'published', '2026-04-07T12:00:00+00:00', '2026-04-07T13:00:00+00:00');
    INSERT INTO chapters (id, story_id, title, content, draft_title, draft_content, status, created_at, updated_at) VALUES (
        'a7ec497f-3f81-5d7a-b6eb-6ff689d57a63', '16b46de6-7655-5139-8cba-e6a360e66bd7', 'Кукла на седле', 'Геральт уехал на рассвете, как уезжал всегда, — тихо, не прощаясь дважды, чтобы не длить лишнего. Деревня ещё спала, над рекой стелился туман, мельничное колесо поскрипывало в утренней тишине.

Он отъехал уже с полверсты, когда заметил неладное. К луке седла было что-то привязано — аккуратно, бечёвкой. Геральт остановил кобылу и снял находку. Это была тряпичная кукла Ивушки. Та самая, которую девочка не выпускала из рук всю дорогу, которую прижимала к себе под перевёрнутой телегой, единственное, что у неё осталось от прежней жизни.

К кукле был привязан клочок бересты. На нём корявыми буквами — видно, тётка помогла с грамотой, а может, сама девочка успела чему научиться — было выведено: «Штоб ты помнил. Она харошая, ни боица темнаты. Береги сибя, ведьмак».

Геральт перечитал кривые буквы трижды. Он представил, как девочка, та, что ещё месяц назад дрожала под перевёрнутой телегой, теперь, высунув от усердия язык, выводит эти слова на бересте, — и как тётка, склонившись над ней, помогает с трудными буквами. Представил, как Ивушка сама придумала привязать куклу к седлу — тайком, на рассвете, чтобы он не заметил и не отказался. Расчёт у неё был верный: отказаться от подарка, который уже едет с тобой, куда труднее. Она всё-таки кое-чему научилась за эти две недели — в том числе и хитрости, что идёт от любви. Ведьмак усмехнулся краем губ. Кобыла, заскучав, переступила ногами. А он всё держал в ладони нелепую тряпичную игрушку и не торопился прятать её, будто та могла растаять, как тает по утрам туман над болотами.

Геральт долго сидел в седле, держа куклу в огромной шершавой ладони. Кобыла переступала ногами, фыркала, не понимая остановки. А ведьмак смотрел на нелепую тряпичную игрушку и чувствовал то, что чувствовал нечасто, — тепло пополам с тихой грустью, которую люди называют простым словом, а ведьмаки разучились называть вовсе.

Он не повернул назад. Это было бы неправильно — для неё прежде всего. У Ивушки теперь был дом, и ему не место в её новой, спокойной жизни. Но и куклу он не оставил на дороге. Привязал обратно к седлу, рядом с эликсирами и сушёными травами, — туда, где она будет покачиваться в такт шагам и попадаться на глаза каждый раз, когда станет совсем темно на душе.

С тех пор тряпичная кукла так и ездила с ним по всем дорогам Континента. Заезжие торговцы косились на неё с недоумением — суровый седой ведьмак с двумя мечами и детская игрушка на седле. Кто-то пытался спрашивать. Геральт не отвечал. Это была не их история.

А сам он, разводя ночами костёр всё так же — одинаково, по привычке, въевшейся за те две недели, — иногда ловил себя на том, что готовит похлёбки чуть больше, чем нужно одному. И тогда смотрел на куклу, усмехался краем губ и вспоминал девочку, которая научилась не бояться темноты. И которая, сама того не зная, научила старого ведьмака кое-чему, чего не было ни в одном эликсире и ни на одном Пути.',
        'Кукла на седле', 'Геральт уехал на рассвете, как уезжал всегда, — тихо, не прощаясь дважды, чтобы не длить лишнего. Деревня ещё спала, над рекой стелился туман, мельничное колесо поскрипывало в утренней тишине.

Он отъехал уже с полверсты, когда заметил неладное. К луке седла было что-то привязано — аккуратно, бечёвкой. Геральт остановил кобылу и снял находку. Это была тряпичная кукла Ивушки. Та самая, которую девочка не выпускала из рук всю дорогу, которую прижимала к себе под перевёрнутой телегой, единственное, что у неё осталось от прежней жизни.

К кукле был привязан клочок бересты. На нём корявыми буквами — видно, тётка помогла с грамотой, а может, сама девочка успела чему научиться — было выведено: «Штоб ты помнил. Она харошая, ни боица темнаты. Береги сибя, ведьмак».

Геральт перечитал кривые буквы трижды. Он представил, как девочка, та, что ещё месяц назад дрожала под перевёрнутой телегой, теперь, высунув от усердия язык, выводит эти слова на бересте, — и как тётка, склонившись над ней, помогает с трудными буквами. Представил, как Ивушка сама придумала привязать куклу к седлу — тайком, на рассвете, чтобы он не заметил и не отказался. Расчёт у неё был верный: отказаться от подарка, который уже едет с тобой, куда труднее. Она всё-таки кое-чему научилась за эти две недели — в том числе и хитрости, что идёт от любви. Ведьмак усмехнулся краем губ. Кобыла, заскучав, переступила ногами. А он всё держал в ладони нелепую тряпичную игрушку и не торопился прятать её, будто та могла растаять, как тает по утрам туман над болотами.

Геральт долго сидел в седле, держа куклу в огромной шершавой ладони. Кобыла переступала ногами, фыркала, не понимая остановки. А ведьмак смотрел на нелепую тряпичную игрушку и чувствовал то, что чувствовал нечасто, — тепло пополам с тихой грустью, которую люди называют простым словом, а ведьмаки разучились называть вовсе.

Он не повернул назад. Это было бы неправильно — для неё прежде всего. У Ивушки теперь был дом, и ему не место в её новой, спокойной жизни. Но и куклу он не оставил на дороге. Привязал обратно к седлу, рядом с эликсирами и сушёными травами, — туда, где она будет покачиваться в такт шагам и попадаться на глаза каждый раз, когда станет совсем темно на душе.

С тех пор тряпичная кукла так и ездила с ним по всем дорогам Континента. Заезжие торговцы косились на неё с недоумением — суровый седой ведьмак с двумя мечами и детская игрушка на седле. Кто-то пытался спрашивать. Геральт не отвечал. Это была не их история.

А сам он, разводя ночами костёр всё так же — одинаково, по привычке, въевшейся за те две недели, — иногда ловил себя на том, что готовит похлёбки чуть больше, чем нужно одному. И тогда смотрел на куклу, усмехался краем губ и вспоминал девочку, которая научилась не бояться темноты. И которая, сама того не зная, научила старого ведьмака кое-чему, чего не было ни в одном эликсире и ни на одном Пути.', 'published', '2026-04-08T12:00:00+00:00', '2026-04-08T13:00:00+00:00');

    -- [9] Бард без голоса (witcher)
    INSERT INTO stories (id, slug, title, status, author_id, ai_summary, created_at, updated_at) VALUES (
        '275cd5f3-ebee-5ba5-93df-c7f0b3b488ba', 'witcher-bard-bez-golosa', 'Бард без голоса', 'published', v_author_id, 'Знаменитый бард Лютик просыпается без голоса накануне главного выступления своей жизни. Лекари разводят руками. Придётся искать причину — и, кажется, она спрятана в нём самом.',
        '2026-04-03T12:00:00+00:00', '2026-05-11T09:00:00+00:00');
    INSERT INTO story_tags (story_id, tag_id) VALUES ('275cd5f3-ebee-5ba5-93df-c7f0b3b488ba', '10000001-0001-4001-8001-000000000002');
    INSERT INTO story_tags (story_id, tag_id) VALUES ('275cd5f3-ebee-5ba5-93df-c7f0b3b488ba', '10000004-0004-4004-8004-000000000001');
    INSERT INTO story_tags (story_id, tag_id) VALUES ('275cd5f3-ebee-5ba5-93df-c7f0b3b488ba', '10000005-0005-4005-8005-000000000002');
    INSERT INTO story_tags (story_id, tag_id) VALUES ('275cd5f3-ebee-5ba5-93df-c7f0b3b488ba', '10000006-0006-4006-8006-000000000001');
    INSERT INTO story_tags (story_id, tag_id) VALUES ('275cd5f3-ebee-5ba5-93df-c7f0b3b488ba', '10000002-0002-4002-8002-000000000002');
    INSERT INTO story_tags (story_id, tag_id) VALUES ('275cd5f3-ebee-5ba5-93df-c7f0b3b488ba', '10000002-0002-4002-8002-000000000001');
    INSERT INTO chapters (id, story_id, title, content, draft_title, draft_content, status, created_at, updated_at) VALUES (
        'f11532d5-9178-5e43-be51-a3d4def19fb9', '275cd5f3-ebee-5ba5-93df-c7f0b3b488ba', 'Беззвучное утро', 'Лютик проснулся знаменитым — и немым. Эти два обстоятельства, как ни странно, случились в одно утро, и второе грозило перечеркнуть первое самым жестоким образом.

Накануне ему пришло приглашение, о котором он мечтал всю жизнь: выступить на большом празднестве в Оксенфурте, перед всем цветом учёного и благородного общества. Его, Лютика, лучшего барда Континента (так он скромно себя именовал), наконец признали там, где признание ценилось дороже золота, — в стенах прославленной академии. Он лёг спать счастливейшим человеком, перебирая в уме баллады, которыми сразит публику наповал.

Надо сказать, скромность никогда не входила в число добродетелей Лютика. Он искренне полагал себя величайшим бардом эпохи и не видел причин это скрывать. Слава бежала впереди него по всем трактам Континента: его баллады распевали в кабаках от Новиграда до Туссента, дамы вздыхали, заслышав его имя, а соперники скрежетали зубами от зависти. И всё же приглашение в Оксенфурт значило для него больше, чем все кабацкие овации, вместе взятые. Там, в стенах прославленной академии, ценили не громкость, а мастерство; не лихость рифмы, а её глубину. Признание Оксенфурта было признанием настоящим — тем, которого Лютик, под всей своей напускной самоуверенностью, втайне жаждал больше всего на свете. Потому он и лёг спать таким счастливым. И потому пропажа голоса наутро ударила по нему так, как не ударила бы ни одна другая беда.

А утром открыл рот, чтобы пропеть привычную утреннюю рулада, — и не издал ни звука. Совсем. Ни хрипа, ни шёпота. Горло работало, дыхание было на месте, но голос исчез бесследно, словно его украли среди ночи.

Лютик заметался по комнате, беззвучно разевая рот, точно вытащенная на берег рыба. Он хватался за горло, мычал, тряс головой, пил воду, полоскал, грыз лимон — всё впустую. Голос, его единственное сокровище, его хлеб, его слава, пропал. И до выступления, которое решало его судьбу, оставалось три дня.

Первый лекарь, к которому он кинулся, осмотрел горло, постучал по спине, велел показать язык и развёл руками: всё, мол, здорово, причин не вижу. Второй, за лишнюю монету, напустил учёного туману и прописал отвар, от которого Лютика только пробрал икотный приступ — тоже, увы, беззвучный. Третий, старая знахарка с окраины, долго вглядывалась барду в глаза, а потом сказала странное.

— Горло у тебя, голубчик, чистое, — проскрипела она. — Голос не в горле застрял. Голос в душе застрял. Бывает так: накопится у человека внутри что-то невысказанное, тяжёлое, — оно и запрёт песню изнутри, как пробка бутыль. Тут отварами не поможешь. Тут вспоминать надо, что ты в себе запер. И отпустить.

Лютик слушал и не верил. Что он мог в себе запереть? Он, человек, у которого что на уме, то и на языке, который всю жизнь пел обо всём подряд без утайки? Он раздражённо махнул рукой и ушёл. Но семя сомнения было заронено. И всю дорогу домой бард беззвучно, мучительно перебирал в памяти: что же, что же он недосказал?',
        'Беззвучное утро', 'Лютик проснулся знаменитым — и немым. Эти два обстоятельства, как ни странно, случились в одно утро, и второе грозило перечеркнуть первое самым жестоким образом.

Накануне ему пришло приглашение, о котором он мечтал всю жизнь: выступить на большом празднестве в Оксенфурте, перед всем цветом учёного и благородного общества. Его, Лютика, лучшего барда Континента (так он скромно себя именовал), наконец признали там, где признание ценилось дороже золота, — в стенах прославленной академии. Он лёг спать счастливейшим человеком, перебирая в уме баллады, которыми сразит публику наповал.

Надо сказать, скромность никогда не входила в число добродетелей Лютика. Он искренне полагал себя величайшим бардом эпохи и не видел причин это скрывать. Слава бежала впереди него по всем трактам Континента: его баллады распевали в кабаках от Новиграда до Туссента, дамы вздыхали, заслышав его имя, а соперники скрежетали зубами от зависти. И всё же приглашение в Оксенфурт значило для него больше, чем все кабацкие овации, вместе взятые. Там, в стенах прославленной академии, ценили не громкость, а мастерство; не лихость рифмы, а её глубину. Признание Оксенфурта было признанием настоящим — тем, которого Лютик, под всей своей напускной самоуверенностью, втайне жаждал больше всего на свете. Потому он и лёг спать таким счастливым. И потому пропажа голоса наутро ударила по нему так, как не ударила бы ни одна другая беда.

А утром открыл рот, чтобы пропеть привычную утреннюю рулада, — и не издал ни звука. Совсем. Ни хрипа, ни шёпота. Горло работало, дыхание было на месте, но голос исчез бесследно, словно его украли среди ночи.

Лютик заметался по комнате, беззвучно разевая рот, точно вытащенная на берег рыба. Он хватался за горло, мычал, тряс головой, пил воду, полоскал, грыз лимон — всё впустую. Голос, его единственное сокровище, его хлеб, его слава, пропал. И до выступления, которое решало его судьбу, оставалось три дня.

Первый лекарь, к которому он кинулся, осмотрел горло, постучал по спине, велел показать язык и развёл руками: всё, мол, здорово, причин не вижу. Второй, за лишнюю монету, напустил учёного туману и прописал отвар, от которого Лютика только пробрал икотный приступ — тоже, увы, беззвучный. Третий, старая знахарка с окраины, долго вглядывалась барду в глаза, а потом сказала странное.

— Горло у тебя, голубчик, чистое, — проскрипела она. — Голос не в горле застрял. Голос в душе застрял. Бывает так: накопится у человека внутри что-то невысказанное, тяжёлое, — оно и запрёт песню изнутри, как пробка бутыль. Тут отварами не поможешь. Тут вспоминать надо, что ты в себе запер. И отпустить.

Лютик слушал и не верил. Что он мог в себе запереть? Он, человек, у которого что на уме, то и на языке, который всю жизнь пел обо всём подряд без утайки? Он раздражённо махнул рукой и ушёл. Но семя сомнения было заронено. И всю дорогу домой бард беззвучно, мучительно перебирал в памяти: что же, что же он недосказал?', 'published', '2026-04-03T12:00:00+00:00', '2026-04-03T13:00:00+00:00');
    INSERT INTO chapters (id, story_id, title, content, draft_title, draft_content, status, created_at, updated_at) VALUES (
        '26390016-bce4-532b-9788-7b419a93101e', '275cd5f3-ebee-5ba5-93df-c7f0b3b488ba', 'Письмо, которое не отправил', 'Два дня Лютик провёл в самокопании, к которому совершенно не был приспособлен. Он привык изливать душу наружу — в песнях, в шутках, в нескончаемой болтовне. А теперь, запертый в молчании, он впервые за много лет остался наедине с собственными мыслями, и это оказалось пыткой почище любой темницы.

Он завёл себе грифельную доску, чтобы объясняться с трактирщиком и друзьями, и быстро обнаружил, до чего же много он обычно говорит впустую. Половину фраз, занеся над доской мел, он стирал, не дописав, — потому что на письме сразу было видно, что они пустые. Молчание, оказывается, отсеивало шелуху. И сквозь эту тишину всё настойчивее проступало одно воспоминание, которое бард старательно гнал от себя годами.

Странное это было ощущение — впервые за столько лет остаться с собой один на один. Лютик всегда жил наружу: чувства его немедленно превращались в песни, обиды — в едкие куплеты, радости — в застольные гимны. Он никогда ничего не носил в себе подолгу, всё выплёскивал в музыку и оттого считал себя человеком лёгким, без тёмных закоулков в душе. Теперь, в навязанной немоте, он с неудобством обнаружил, что закоулки всё-таки есть. И в самом тёмном из них, заваленный годами славы и веселья, лежал один камень, который он так и не решился сдвинуть. Лютик отворачивался от этого воспоминания всякий раз, едва оно подступало; заглушал его новой песней, новым кубком, новым романом. Но тишина не давала отвернуться. Тишина держала его лицом к лицу с тем, от чего он бежал так долго.

Когда-то у него был друг. Не из тех приятелей, что вьются вокруг славы, а настоящий — тот, с кем они вместе начинали, мёрзли под чужими заборами, делили последнюю краюху. Друга звали Маркус, и он тоже был музыкантом, и куда более одарённым, чем Лютик готов был признать. А потом их пути разошлись — глупо, из-за ссоры, из-за уязвлённого самолюбия. Лютик наговорил тогда лишнего, в запале, чтобы побольнее. Маркус ушёл. И вскоре Лютик услышал, что друг его тяжело заболел и умер — один, в чужом городе.

Бард так и не извинился. Не успел, не собрался, побоялся. А потом стало поздно — и он просто запер это в себе, задвинул подальше, завалил сверху новыми песнями и новой славой. Много лет это работало.

Теперь, в тишине, невысказанное выползло наружу и встало комом в горле — буквально. Знахарка была права. Лютик сидел над грифельной доской, и мел дрожал в его руке. Впервые за годы он позволил себе вспомнить друга по-настоящему — не отмахиваясь, не пряча.

И тогда он начал писать. Не песню. Письмо. Письмо мёртвому другу, которое некому было отправить, но которое необходимо было наконец написать. Он писал долго, всю ночь, и слёзы капали на грифель, размывая мел. Он просил прощения. Он признавал, что Маркус был талантливее. Он говорил всё то, что должен был сказать живому и не сказал.

К рассвету письмо было закончено. Лютик отложил мел, обессиленный и опустошённый, — и вдруг почувствовал, как что-то в груди разжалось. Будто вынули ту самую пробку.',
        'Письмо, которое не отправил', 'Два дня Лютик провёл в самокопании, к которому совершенно не был приспособлен. Он привык изливать душу наружу — в песнях, в шутках, в нескончаемой болтовне. А теперь, запертый в молчании, он впервые за много лет остался наедине с собственными мыслями, и это оказалось пыткой почище любой темницы.

Он завёл себе грифельную доску, чтобы объясняться с трактирщиком и друзьями, и быстро обнаружил, до чего же много он обычно говорит впустую. Половину фраз, занеся над доской мел, он стирал, не дописав, — потому что на письме сразу было видно, что они пустые. Молчание, оказывается, отсеивало шелуху. И сквозь эту тишину всё настойчивее проступало одно воспоминание, которое бард старательно гнал от себя годами.

Странное это было ощущение — впервые за столько лет остаться с собой один на один. Лютик всегда жил наружу: чувства его немедленно превращались в песни, обиды — в едкие куплеты, радости — в застольные гимны. Он никогда ничего не носил в себе подолгу, всё выплёскивал в музыку и оттого считал себя человеком лёгким, без тёмных закоулков в душе. Теперь, в навязанной немоте, он с неудобством обнаружил, что закоулки всё-таки есть. И в самом тёмном из них, заваленный годами славы и веселья, лежал один камень, который он так и не решился сдвинуть. Лютик отворачивался от этого воспоминания всякий раз, едва оно подступало; заглушал его новой песней, новым кубком, новым романом. Но тишина не давала отвернуться. Тишина держала его лицом к лицу с тем, от чего он бежал так долго.

Когда-то у него был друг. Не из тех приятелей, что вьются вокруг славы, а настоящий — тот, с кем они вместе начинали, мёрзли под чужими заборами, делили последнюю краюху. Друга звали Маркус, и он тоже был музыкантом, и куда более одарённым, чем Лютик готов был признать. А потом их пути разошлись — глупо, из-за ссоры, из-за уязвлённого самолюбия. Лютик наговорил тогда лишнего, в запале, чтобы побольнее. Маркус ушёл. И вскоре Лютик услышал, что друг его тяжело заболел и умер — один, в чужом городе.

Бард так и не извинился. Не успел, не собрался, побоялся. А потом стало поздно — и он просто запер это в себе, задвинул подальше, завалил сверху новыми песнями и новой славой. Много лет это работало.

Теперь, в тишине, невысказанное выползло наружу и встало комом в горле — буквально. Знахарка была права. Лютик сидел над грифельной доской, и мел дрожал в его руке. Впервые за годы он позволил себе вспомнить друга по-настоящему — не отмахиваясь, не пряча.

И тогда он начал писать. Не песню. Письмо. Письмо мёртвому другу, которое некому было отправить, но которое необходимо было наконец написать. Он писал долго, всю ночь, и слёзы капали на грифель, размывая мел. Он просил прощения. Он признавал, что Маркус был талантливее. Он говорил всё то, что должен был сказать живому и не сказал.

К рассвету письмо было закончено. Лютик отложил мел, обессиленный и опустошённый, — и вдруг почувствовал, как что-то в груди разжалось. Будто вынули ту самую пробку.', 'published', '2026-04-04T12:00:00+00:00', '2026-04-04T13:00:00+00:00');
    INSERT INTO chapters (id, story_id, title, content, draft_title, draft_content, status, created_at, updated_at) VALUES (
        '7393d200-dff9-5175-ac55-4be6db3ee136', '275cd5f3-ebee-5ba5-93df-c7f0b3b488ba', 'Песнь, которой не было в программе', 'Голос вернулся не сразу — сначала пробился сиплый шёпот, потом надтреснутый хрип, и только к вечеру третьего дня, к самому началу празднества в Оксенфурте, Лютик смог наконец взять чистую ноту. Он стоял за кулисами академического зала, пробовал голос вполголоса и не верил счастью.

Зал был полон. Профессора в мантиях, дамы в шелках, важные господа — весь тот цвет общества, перед которым он мечтал блеснуть. Лютик заготовил для них самые свои виртуозные баллады, самые лихие и остроумные, чтоб наверняка сорвать овации и закрепить славу.

Он вышел на свет, поклонился, тронул струны лютни. И вдруг понял, что не может петь то, что собирался. После этих трёх дней молчания, после письма мёртвому другу прежние блестящие куплеты казались ему той самой пустой шелухой, которую он стирал с грифельной доски.

Лютик помолчал мгновение, чувствуя, как зал ждёт. А потом заиграл другое — медленную, простую мелодию, какой не было ни в одной программе. И запел о друге. О том, как легко ранить словом того, кто рядом. О том, как страшно не успеть попросить прощения. О тишине, которая остаётся, когда человек уходит, унося с собой все наши недосказанные слова.

Он пел без всякого блеска, без виртуозных украшений, — пел голую правду, ту, что три дня держала его за горло. И зал, пришедший за остроумием и весельем, затих так, как не затихал, кажется, никогда. Кто-то из дам прикладывал платок к глазам. Суровые профессора смотрели в пол, и каждый, должно быть, вспоминал своего Маркуса — того, перед кем не успел повиниться.

Когда последняя нота растаяла под сводами, повисла долгая, оглушительная тишина. А потом зал поднялся. Не вежливыми хлопками — стоя, в едином порыве, и овация эта была не похожа ни на одну, что Лютик слышал за всю свою тщеславную жизнь. Потому что хлопали не виртуозу. Хлопали человеку, который наконец сказал правду.

Лютик и сам не ожидал от себя такого. Он вышел на сцену с твёрдым намерением блеснуть — и в последний миг что-то в нём воспротивилось. После трёх дней молчания, после выплаканного на грифельную доску письма прежние блестящие куплеты застряли у него поперёк горла, будто голос, едва вернувшись, отказывался служить пустословию. И тогда бард доверился не расчёту, а тому, что наболело. Он пел и чувствовал, как с каждой строкой с плеч его сходит тяжесть, которую он таскал годами. Это было страшно — обнажить перед целым залом то, что прятал даже от себя. Но это было и освобождением, какого он не знал за всю свою громкую, блестящую, пустоватую карьеру. Впервые он пел не для того, чтобы его любили. Он пел потому, что молчать больше не мог.

Тем вечером Лютик понял о своём ремесле то, чего не понимал за все годы славы. Голос даётся не для того, чтобы блистать. Он даётся, чтобы говорить то, что важно, — пока не поздно, пока есть кому слушать. И он поклялся себе больше никогда не запирать в себе слова, которые нужно сказать. Ни мёртвым. А главное — ни живым.',
        'Песнь, которой не было в программе', 'Голос вернулся не сразу — сначала пробился сиплый шёпот, потом надтреснутый хрип, и только к вечеру третьего дня, к самому началу празднества в Оксенфурте, Лютик смог наконец взять чистую ноту. Он стоял за кулисами академического зала, пробовал голос вполголоса и не верил счастью.

Зал был полон. Профессора в мантиях, дамы в шелках, важные господа — весь тот цвет общества, перед которым он мечтал блеснуть. Лютик заготовил для них самые свои виртуозные баллады, самые лихие и остроумные, чтоб наверняка сорвать овации и закрепить славу.

Он вышел на свет, поклонился, тронул струны лютни. И вдруг понял, что не может петь то, что собирался. После этих трёх дней молчания, после письма мёртвому другу прежние блестящие куплеты казались ему той самой пустой шелухой, которую он стирал с грифельной доски.

Лютик помолчал мгновение, чувствуя, как зал ждёт. А потом заиграл другое — медленную, простую мелодию, какой не было ни в одной программе. И запел о друге. О том, как легко ранить словом того, кто рядом. О том, как страшно не успеть попросить прощения. О тишине, которая остаётся, когда человек уходит, унося с собой все наши недосказанные слова.

Он пел без всякого блеска, без виртуозных украшений, — пел голую правду, ту, что три дня держала его за горло. И зал, пришедший за остроумием и весельем, затих так, как не затихал, кажется, никогда. Кто-то из дам прикладывал платок к глазам. Суровые профессора смотрели в пол, и каждый, должно быть, вспоминал своего Маркуса — того, перед кем не успел повиниться.

Когда последняя нота растаяла под сводами, повисла долгая, оглушительная тишина. А потом зал поднялся. Не вежливыми хлопками — стоя, в едином порыве, и овация эта была не похожа ни на одну, что Лютик слышал за всю свою тщеславную жизнь. Потому что хлопали не виртуозу. Хлопали человеку, который наконец сказал правду.

Лютик и сам не ожидал от себя такого. Он вышел на сцену с твёрдым намерением блеснуть — и в последний миг что-то в нём воспротивилось. После трёх дней молчания, после выплаканного на грифельную доску письма прежние блестящие куплеты застряли у него поперёк горла, будто голос, едва вернувшись, отказывался служить пустословию. И тогда бард доверился не расчёту, а тому, что наболело. Он пел и чувствовал, как с каждой строкой с плеч его сходит тяжесть, которую он таскал годами. Это было страшно — обнажить перед целым залом то, что прятал даже от себя. Но это было и освобождением, какого он не знал за всю свою громкую, блестящую, пустоватую карьеру. Впервые он пел не для того, чтобы его любили. Он пел потому, что молчать больше не мог.

Тем вечером Лютик понял о своём ремесле то, чего не понимал за все годы славы. Голос даётся не для того, чтобы блистать. Он даётся, чтобы говорить то, что важно, — пока не поздно, пока есть кому слушать. И он поклялся себе больше никогда не запирать в себе слова, которые нужно сказать. Ни мёртвым. А главное — ни живым.', 'published', '2026-04-05T12:00:00+00:00', '2026-04-05T13:00:00+00:00');

    -- [10] Знак на ладони (witcher)
    INSERT INTO stories (id, slug, title, status, author_id, ai_summary, created_at, updated_at) VALUES (
        '13069529-93bd-557a-811b-8f4e4ab54af5', 'witcher-znak-na-ladoni', 'Знак на ладони', 'published', v_author_id, 'Молодой ведьмак, только что сошедший с тропы испытаний, берётся за первый самостоятельный контракт. Он знает все Знаки наизусть — но не знает ещё, что чудовища бывают разными.',
        '2026-04-01T12:00:00+00:00', '2026-05-10T08:00:00+00:00');
    INSERT INTO story_tags (story_id, tag_id) VALUES ('13069529-93bd-557a-811b-8f4e4ab54af5', '10000001-0001-4001-8001-000000000002');
    INSERT INTO story_tags (story_id, tag_id) VALUES ('13069529-93bd-557a-811b-8f4e4ab54af5', '10000004-0004-4004-8004-000000000002');
    INSERT INTO story_tags (story_id, tag_id) VALUES ('13069529-93bd-557a-811b-8f4e4ab54af5', '10000005-0005-4005-8005-000000000003');
    INSERT INTO story_tags (story_id, tag_id) VALUES ('13069529-93bd-557a-811b-8f4e4ab54af5', '10000006-0006-4006-8006-000000000002');
    INSERT INTO story_tags (story_id, tag_id) VALUES ('13069529-93bd-557a-811b-8f4e4ab54af5', '10000002-0002-4002-8002-000000000006');
    INSERT INTO story_tags (story_id, tag_id) VALUES ('13069529-93bd-557a-811b-8f4e4ab54af5', '10000002-0002-4002-8002-000000000001');
    INSERT INTO story_tags (story_id, tag_id) VALUES ('13069529-93bd-557a-811b-8f4e4ab54af5', '10000003-0003-4003-8003-000000000002');
    INSERT INTO chapters (id, story_id, title, content, draft_title, draft_content, status, created_at, updated_at) VALUES (
        '8bfda618-b20b-5a0a-90c3-1f215d9cad16', '13069529-93bd-557a-811b-8f4e4ab54af5', 'Первый Путь', 'Альвара выпустили на Путь весной, когда сошли снега. Молодой ведьмак из школы Кота стоял у ворот крепости, в которой провёл всё детство и юность, и не знал, радоваться или бояться. За спиной — годы мучений, испытания травами, тренировки до кровавых мозолей. Впереди — целый огромный мир, который не звал его и не ждал.

Наставник, седой и молчаливый, проводил его до развилки.

— Запомни три вещи, — сказал он на прощание. — Первое: бери плату вперёд, люди забывчивы. Второе: не всякая тварь — чудовище, и не всякое чудовище — тварь. Третье... — он помолчал. — Третье поймёшь сам. Поздно. Как все мы.

И ушёл, не оглядываясь. Альвар остался один на развилке, с двумя мечами за спиной — стальным для людей, серебряным для нечисти — и с головой, набитой знаниями. Он знал наизусть бестиарий. Знал, что упырь боится огня, а утопец выходит на берег в туман. Знал все пять ведьмачьих Знаков и мог сложить их пальцами быстрее, чем моргнуть. Он был готов. Так ему казалось.

Первый контракт он нашёл в трёх днях пути — в городке, где, по слухам, на старом кладбище завелась нечисть. Местный солтыс, оглядев молодого ведьмака с сомнением (слишком юн, слишком гладкое лицо), всё же согласился: больше браться было некому.

Альвар изо всех сил старался не выдать, как колотится у него сердце. Он повторял про себя наставления, затверженные в крепости, цеплялся за них, как за поручни на качающейся палубе. Гуль. Трупоед. Тварь третьей категории опасности. Боится огня и серебра, силён, но туп, нападает в лоб. Держи дистанцию, жди броска, бей по сухожилиям, добивай в шею. Всё это Альвар знал наизусть, мог бы рассказать спросонья. Но одно дело — твердить бестиарий в тёплой библиотеке под взглядом наставника, и совсем другое — стоять перед настоящим солтысом, который смотрит на тебя с сомнением и надеждой, и понимать, что назад дороги нет. Что завтра ночью придётся выйти к разрытым могилам одному, без подсказок, без страховки. И что цена ошибки тут — не плохая отметка, а собственная жизнь.

— Третью ночь воет, — пожаловался он. — И могилы разрывает. Видать, гуль завёлся, трупоед. Народ на кладбище ни ногой, даже хоронить покойников боятся. Изведи тварь — двадцать крон твои.

Альвар важно кивнул, стараясь держаться, как держался наставник, — спокойно, с ленцой, будто гули для него дело привычное. Внутри же всё подрагивало от смеси страха и азарта. Гуль — это просто. Это по учебнику. Серебряный меч, Знак Игни, чтоб отпугнуть, держать дистанцию, бить по сухожилиям. Он повторял это про себя, как молитву, готовя снаряжение.

Вечером он выпил эликсир Кошки, чтобы видеть в темноте, проверил остроту клинка и направился к кладбищу. Над покосившимися крестами вставала ущербная луна. Где-то в глубине, среди старых надгробий, и вправду слышался вой — тоскливый, протяжный, совсем не похожий на голодное рычание гуля. Но Альвар, уверенный в своих знаниях, не придал этому значения. И зря.',
        'Первый Путь', 'Альвара выпустили на Путь весной, когда сошли снега. Молодой ведьмак из школы Кота стоял у ворот крепости, в которой провёл всё детство и юность, и не знал, радоваться или бояться. За спиной — годы мучений, испытания травами, тренировки до кровавых мозолей. Впереди — целый огромный мир, который не звал его и не ждал.

Наставник, седой и молчаливый, проводил его до развилки.

— Запомни три вещи, — сказал он на прощание. — Первое: бери плату вперёд, люди забывчивы. Второе: не всякая тварь — чудовище, и не всякое чудовище — тварь. Третье... — он помолчал. — Третье поймёшь сам. Поздно. Как все мы.

И ушёл, не оглядываясь. Альвар остался один на развилке, с двумя мечами за спиной — стальным для людей, серебряным для нечисти — и с головой, набитой знаниями. Он знал наизусть бестиарий. Знал, что упырь боится огня, а утопец выходит на берег в туман. Знал все пять ведьмачьих Знаков и мог сложить их пальцами быстрее, чем моргнуть. Он был готов. Так ему казалось.

Первый контракт он нашёл в трёх днях пути — в городке, где, по слухам, на старом кладбище завелась нечисть. Местный солтыс, оглядев молодого ведьмака с сомнением (слишком юн, слишком гладкое лицо), всё же согласился: больше браться было некому.

Альвар изо всех сил старался не выдать, как колотится у него сердце. Он повторял про себя наставления, затверженные в крепости, цеплялся за них, как за поручни на качающейся палубе. Гуль. Трупоед. Тварь третьей категории опасности. Боится огня и серебра, силён, но туп, нападает в лоб. Держи дистанцию, жди броска, бей по сухожилиям, добивай в шею. Всё это Альвар знал наизусть, мог бы рассказать спросонья. Но одно дело — твердить бестиарий в тёплой библиотеке под взглядом наставника, и совсем другое — стоять перед настоящим солтысом, который смотрит на тебя с сомнением и надеждой, и понимать, что назад дороги нет. Что завтра ночью придётся выйти к разрытым могилам одному, без подсказок, без страховки. И что цена ошибки тут — не плохая отметка, а собственная жизнь.

— Третью ночь воет, — пожаловался он. — И могилы разрывает. Видать, гуль завёлся, трупоед. Народ на кладбище ни ногой, даже хоронить покойников боятся. Изведи тварь — двадцать крон твои.

Альвар важно кивнул, стараясь держаться, как держался наставник, — спокойно, с ленцой, будто гули для него дело привычное. Внутри же всё подрагивало от смеси страха и азарта. Гуль — это просто. Это по учебнику. Серебряный меч, Знак Игни, чтоб отпугнуть, держать дистанцию, бить по сухожилиям. Он повторял это про себя, как молитву, готовя снаряжение.

Вечером он выпил эликсир Кошки, чтобы видеть в темноте, проверил остроту клинка и направился к кладбищу. Над покосившимися крестами вставала ущербная луна. Где-то в глубине, среди старых надгробий, и вправду слышался вой — тоскливый, протяжный, совсем не похожий на голодное рычание гуля. Но Альвар, уверенный в своих знаниях, не придал этому значения. И зря.', 'published', '2026-04-01T12:00:00+00:00', '2026-04-01T13:00:00+00:00');
    INSERT INTO chapters (id, story_id, title, content, draft_title, draft_content, status, created_at, updated_at) VALUES (
        '4adbc3fc-614c-51be-9049-d40f42b062bc', '13069529-93bd-557a-811b-8f4e4ab54af5', 'Не по учебнику', 'Тварь Альвар нашёл в дальнем углу кладбища, у разрытой могилы. Эликсир Кошки заливал мир мертвенным серым светом, и в этом свете ведьмак разглядел сгорбленную фигуру — тощую, длиннорукую, склонившуюся над свежей землёй. Сердце заколотилось. Гуль. Как по учебнику.

Он выхватил серебряный меч и шагнул вперёд, складывая пальцы для Знака Игни — пугнуть огнём, как учили. Фигура вскинулась на звук. И тут всё пошло не по учебнику.

Тварь не зарычала и не бросилась. Она отпрянула, заслоняясь рукой, и издала звук, от которого у Альвара дрогнула рука. Это был не вой голодного зверя. Это был плач. Захлёбывающийся, отчаянный человеческий плач, вырывающийся из нечеловеческого горла.

Всё, чему его учили, в одно мгновение рассыпалось в прах. В бестиарии не было главы о том, что делать, когда чудовище плачет. Когда в перекошенном, нечеловеческом лице вдруг проступает человек — испуганный, страдающий, всё ещё помнящий, кем он был. Наставники учили его убивать тварей, а не жалеть их. Сталь, серебро, Знаки, эликсиры — весь арсенал был заточен под одно: уничтожить угрозу быстро и без колебаний. О колебаниях вообще говорили как о слабости, которая ведёт ведьмака в могилу. Но Альвар стоял с поднятым клинком над рыдающим существом и не мог опустить руку. Потому что одно дело — оборвать жизнь безмозглого хищника, и совсем другое — убить того, кто смотрит тебе в глаза и зовёт на помощь голосом, в котором ещё столько человеческого, что становится страшно.

Альвар застыл с поднятым мечом. В сером свете эликсира он наконец разглядел тварь как следует — и понял, что перед ним не гуль. Перед ним было существо, о котором наставники говорили мало и неохотно: несчастный, проклятый человек, которого тёмное колдовство медленно превращало в чудовище. Превращение ещё не завершилось. В перекошенном лице ещё проступали человеческие черты. А в глазах — не голод, а мука и мольба.

— Уби-и-ий, — прохрипела тварь, с трудом ворочая изменившимся языком. — Уби-ий меня... ведьмак... пока я ещё... помню, кто я... Скоро забуду... скоро стану... совсем... Прошу...

Альвар опустил меч. Руки дрожали. Ни в одном учебнике не было написано, что делать, когда чудовище просит о смерти человеческим голосом. Что Знак тут бессилен. Что сталь — это милосердие, а не победа.

— Кто ты? — выдавил он. — Что с тобой случилось?

И тварь, давясь словами, заходясь в плаче, рассказала. Когда-то она была человеком — мельником из этого самого городка. Перешёл дорогу деревенской ведьме, та и прокляла. Проклятие действовало медленно, год за годом отнимая в нём человека. Сперва он скрывался, потом, обезумев от голода, начал по ночам разрывать могилы. А теперь чувствовал, что последние крупицы разума вот-вот угаснут — и тогда он станет настоящим гулем, без памяти, без жалости, и пойдёт убивать живых.

— Пока... я ещё я... — хрипел он. — Кончи это. Будь... милосерден.

Альвар стоял над ним, восемнадцатилетний ведьмак на своём первом Пути, и впервые понимал, о чём говорил наставник. Это и было третье. То, что понимаешь сам. Поздно.',
        'Не по учебнику', 'Тварь Альвар нашёл в дальнем углу кладбища, у разрытой могилы. Эликсир Кошки заливал мир мертвенным серым светом, и в этом свете ведьмак разглядел сгорбленную фигуру — тощую, длиннорукую, склонившуюся над свежей землёй. Сердце заколотилось. Гуль. Как по учебнику.

Он выхватил серебряный меч и шагнул вперёд, складывая пальцы для Знака Игни — пугнуть огнём, как учили. Фигура вскинулась на звук. И тут всё пошло не по учебнику.

Тварь не зарычала и не бросилась. Она отпрянула, заслоняясь рукой, и издала звук, от которого у Альвара дрогнула рука. Это был не вой голодного зверя. Это был плач. Захлёбывающийся, отчаянный человеческий плач, вырывающийся из нечеловеческого горла.

Всё, чему его учили, в одно мгновение рассыпалось в прах. В бестиарии не было главы о том, что делать, когда чудовище плачет. Когда в перекошенном, нечеловеческом лице вдруг проступает человек — испуганный, страдающий, всё ещё помнящий, кем он был. Наставники учили его убивать тварей, а не жалеть их. Сталь, серебро, Знаки, эликсиры — весь арсенал был заточен под одно: уничтожить угрозу быстро и без колебаний. О колебаниях вообще говорили как о слабости, которая ведёт ведьмака в могилу. Но Альвар стоял с поднятым клинком над рыдающим существом и не мог опустить руку. Потому что одно дело — оборвать жизнь безмозглого хищника, и совсем другое — убить того, кто смотрит тебе в глаза и зовёт на помощь голосом, в котором ещё столько человеческого, что становится страшно.

Альвар застыл с поднятым мечом. В сером свете эликсира он наконец разглядел тварь как следует — и понял, что перед ним не гуль. Перед ним было существо, о котором наставники говорили мало и неохотно: несчастный, проклятый человек, которого тёмное колдовство медленно превращало в чудовище. Превращение ещё не завершилось. В перекошенном лице ещё проступали человеческие черты. А в глазах — не голод, а мука и мольба.

— Уби-и-ий, — прохрипела тварь, с трудом ворочая изменившимся языком. — Уби-ий меня... ведьмак... пока я ещё... помню, кто я... Скоро забуду... скоро стану... совсем... Прошу...

Альвар опустил меч. Руки дрожали. Ни в одном учебнике не было написано, что делать, когда чудовище просит о смерти человеческим голосом. Что Знак тут бессилен. Что сталь — это милосердие, а не победа.

— Кто ты? — выдавил он. — Что с тобой случилось?

И тварь, давясь словами, заходясь в плаче, рассказала. Когда-то она была человеком — мельником из этого самого городка. Перешёл дорогу деревенской ведьме, та и прокляла. Проклятие действовало медленно, год за годом отнимая в нём человека. Сперва он скрывался, потом, обезумев от голода, начал по ночам разрывать могилы. А теперь чувствовал, что последние крупицы разума вот-вот угаснут — и тогда он станет настоящим гулем, без памяти, без жалости, и пойдёт убивать живых.

— Пока... я ещё я... — хрипел он. — Кончи это. Будь... милосерден.

Альвар стоял над ним, восемнадцатилетний ведьмак на своём первом Пути, и впервые понимал, о чём говорил наставник. Это и было третье. То, что понимаешь сам. Поздно.', 'published', '2026-04-02T12:00:00+00:00', '2026-04-02T13:00:00+00:00');
    INSERT INTO chapters (id, story_id, title, content, draft_title, draft_content, status, created_at, updated_at) VALUES (
        '3497d64c-13f5-52ab-bf71-2f13526a7142', '13069529-93bd-557a-811b-8f4e4ab54af5', 'Третье, что понимаешь сам', 'Альвар не убил его в ту ночь. Не смог — рука не поднялась оборвать жизнь существа, которое смотрело на него человеческими глазами и звало по-человечески. Вместо этого он сделал то, чего не делал ещё ни один ведьмак на его памяти: сел рядом с проклятым на холодную кладбищенскую землю и стал расспрашивать.

Он вспомнил всё, что знал о проклятиях. Их можно снять — иногда. Если успеть. Если найти того, кто наложил, и заставить отменить, или выполнить условие, или разрушить связь. Это трудно, опасно и почти безнадёжно. Но «почти» — это не «совсем».

— Ведьма ещё жива? — спросил он. — Та, что тебя прокляла?

Проклятый, борясь с уходящим разумом, кивнул. Жива. Живёт в лесу за рекой. И, кажется, проклятие можно обратить, если она того захочет, — но захочет ли, никто не скажет.

Альвар поднялся. По-хорошему, по ведьмачьему расчёту, надо было кончить тварь сейчас, забрать двадцать крон и идти дальше. Так было проще, безопаснее, выгоднее. Так поступил бы расчётливый, опытный ведьмак, который давно научился не цепляться к чужой беде. Но Альвар был ещё молод, и сердце в нём пока не зачерствело до конца.

Он понимал, на что идёт. Опытный ведьмак на его месте только покачал бы головой: погоня за снятием проклятия — дело долгое, опасное и чаще всего безнадёжное. Ведьмы редко отменяют свои кары по доброй воле. Проклятого, скорее всего, всё равно придётся в конце концов избавить от мук сталью. А время, силы и, может быть, кровь будут потрачены впустую — за те же двадцать крон, которые он получил бы, прикончив тварь сразу. С точки зрения ремесла это была глупость, чистый убыток. Но Альвар вспомнил слова наставника о том, что не всякая тварь — чудовище, и впервые понял их по-настоящему. Радко не был чудовищем. Радко был человеком, которого делали чудовищем против его воли. И отдать его тьме без боя молодой ведьмак просто не мог — пусть это и было против всех правил.

— Слушай меня, — сказал он проклятому твёрдо, удивляясь собственному голосу. — Я не стану тебя убивать. Я попробую снять проклятие. Найду ведьму, поговорю, заставлю, если придётся. Только держись. Цепляйся за то человеческое, что в тебе ещё осталось. Помни своё имя. Помни, кем ты был. Не давай твари победить, пока я не вернусь. Сможешь?

Проклятый смотрел на него долго, и в его измученных глазах вспыхнуло то, чего там не было уже давно, — надежда. Слабая, дрожащая, но настоящая.

— Звали... меня... Радко, — прохрипел он, цепляясь за имя, как утопающий за соломину. — Мельник... Радко. Я... попробую... помнить.

— Хорошо, Радко, — сказал Альвар. — Я Альвар. Из школы Кота. И я вернусь.

Он спрятал серебряный меч — так и не запятнанный кровью в эту ночь — и зашагал прочь с кладбища, к реке, к лесу, к ведьме, к своему настоящему первому испытанию. Не тому, что было в крепости. А тому, что ждёт каждого, кто выбирает быть не только убийцей чудовищ, но и тем, кто пытается их спасти.

Луна клонилась к западу. Путь только начинался. И впервые Альвар шёл по нему не как ученик, затвердивший учебник, а как ведьмак, который начал понимать третье. То самое. Сам.

(продолжение следует)',
        'Третье, что понимаешь сам', 'Альвар не убил его в ту ночь. Не смог — рука не поднялась оборвать жизнь существа, которое смотрело на него человеческими глазами и звало по-человечески. Вместо этого он сделал то, чего не делал ещё ни один ведьмак на его памяти: сел рядом с проклятым на холодную кладбищенскую землю и стал расспрашивать.

Он вспомнил всё, что знал о проклятиях. Их можно снять — иногда. Если успеть. Если найти того, кто наложил, и заставить отменить, или выполнить условие, или разрушить связь. Это трудно, опасно и почти безнадёжно. Но «почти» — это не «совсем».

— Ведьма ещё жива? — спросил он. — Та, что тебя прокляла?

Проклятый, борясь с уходящим разумом, кивнул. Жива. Живёт в лесу за рекой. И, кажется, проклятие можно обратить, если она того захочет, — но захочет ли, никто не скажет.

Альвар поднялся. По-хорошему, по ведьмачьему расчёту, надо было кончить тварь сейчас, забрать двадцать крон и идти дальше. Так было проще, безопаснее, выгоднее. Так поступил бы расчётливый, опытный ведьмак, который давно научился не цепляться к чужой беде. Но Альвар был ещё молод, и сердце в нём пока не зачерствело до конца.

Он понимал, на что идёт. Опытный ведьмак на его месте только покачал бы головой: погоня за снятием проклятия — дело долгое, опасное и чаще всего безнадёжное. Ведьмы редко отменяют свои кары по доброй воле. Проклятого, скорее всего, всё равно придётся в конце концов избавить от мук сталью. А время, силы и, может быть, кровь будут потрачены впустую — за те же двадцать крон, которые он получил бы, прикончив тварь сразу. С точки зрения ремесла это была глупость, чистый убыток. Но Альвар вспомнил слова наставника о том, что не всякая тварь — чудовище, и впервые понял их по-настоящему. Радко не был чудовищем. Радко был человеком, которого делали чудовищем против его воли. И отдать его тьме без боя молодой ведьмак просто не мог — пусть это и было против всех правил.

— Слушай меня, — сказал он проклятому твёрдо, удивляясь собственному голосу. — Я не стану тебя убивать. Я попробую снять проклятие. Найду ведьму, поговорю, заставлю, если придётся. Только держись. Цепляйся за то человеческое, что в тебе ещё осталось. Помни своё имя. Помни, кем ты был. Не давай твари победить, пока я не вернусь. Сможешь?

Проклятый смотрел на него долго, и в его измученных глазах вспыхнуло то, чего там не было уже давно, — надежда. Слабая, дрожащая, но настоящая.

— Звали... меня... Радко, — прохрипел он, цепляясь за имя, как утопающий за соломину. — Мельник... Радко. Я... попробую... помнить.

— Хорошо, Радко, — сказал Альвар. — Я Альвар. Из школы Кота. И я вернусь.

Он спрятал серебряный меч — так и не запятнанный кровью в эту ночь — и зашагал прочь с кладбища, к реке, к лесу, к ведьме, к своему настоящему первому испытанию. Не тому, что было в крепости. А тому, что ждёт каждого, кто выбирает быть не только убийцей чудовищ, но и тем, кто пытается их спасти.

Луна клонилась к западу. Путь только начинался. И впервые Альвар шёл по нему не как ученик, затвердивший учебник, а как ведьмак, который начал понимать третье. То самое. Сам.

(продолжение следует)', 'published', '2026-04-03T12:00:00+00:00', '2026-04-03T13:00:00+00:00');

    -- [11] Аптекарша из Оксенфурта (witcher)
    INSERT INTO stories (id, slug, title, status, author_id, ai_summary, created_at, updated_at) VALUES (
        'e1dd0f00-4424-5308-9942-beb4c2f64e8c', 'witcher-aptekarsha-iz-oksenfurta', 'Аптекарша из Оксенфурта', 'published', v_author_id, 'В лавке травницы Власты по ночам кто-то переставляет склянки и оставляет монеты за снадобья, которых она не продавала. Разгадка приведёт её к старому долгу и нежданной дружбе.',
        '2026-03-30T12:00:00+00:00', '2026-05-09T12:00:00+00:00');
    INSERT INTO story_tags (story_id, tag_id) VALUES ('e1dd0f00-4424-5308-9942-beb4c2f64e8c', '10000001-0001-4001-8001-000000000002');
    INSERT INTO story_tags (story_id, tag_id) VALUES ('e1dd0f00-4424-5308-9942-beb4c2f64e8c', '10000004-0004-4004-8004-000000000001');
    INSERT INTO story_tags (story_id, tag_id) VALUES ('e1dd0f00-4424-5308-9942-beb4c2f64e8c', '10000005-0005-4005-8005-000000000002');
    INSERT INTO story_tags (story_id, tag_id) VALUES ('e1dd0f00-4424-5308-9942-beb4c2f64e8c', '10000006-0006-4006-8006-000000000001');
    INSERT INTO story_tags (story_id, tag_id) VALUES ('e1dd0f00-4424-5308-9942-beb4c2f64e8c', '10000002-0002-4002-8002-000000000003');
    INSERT INTO story_tags (story_id, tag_id) VALUES ('e1dd0f00-4424-5308-9942-beb4c2f64e8c', '10000002-0002-4002-8002-000000000004');
    INSERT INTO chapters (id, story_id, title, content, draft_title, draft_content, status, created_at, updated_at) VALUES (
        'd78561b3-8865-5919-9dda-34e6019e5fbb', 'e1dd0f00-4424-5308-9942-beb4c2f64e8c', 'Лишние монеты', 'Власта держала аптекарскую лавку в тихом переулке Оксенфурта, у самой реки, и знала своё дело так, как знают его только те, кто учился ему с детства. Она помнила наизусть свойства трёх сотен трав, умела сварить снадобье от любой хвори, кроме смерти, и вела счёт каждой склянке на полках — потому что в её деле небрежность стоила жизни.

Поэтому, когда однажды утром она недосчиталась пузырька с настойкой от лихорадки, а на его месте обнаружила аккуратно положенную медную монету, она сперва решила, что у неё помутился рассудок. Двери были заперты изнутри. Окна закрыты на засов. Войти ночью никто не мог. И всё же снадобье исчезло, а плата за него лежала на полке.

Власта списала это на усталость. Но на следующее утро повторилось то же: пропала мазь от ожогов, и снова на её месте лежала монета — на этот раз серебряная, вдвое больше цены. На третье утро исчезла настойка от кашля, и опять плата, честная, даже щедрая.

Власта перепробовала все разумные объяснения и одно за другим отбросила. Подмастерья у неё не было — работала одна. Запасного ключа не существовало. Подкоп под лавкой исключался: пол она знала до последней половицы. Лунатизм? Она проверила — спала крепко, башмаки поутру стояли там, где она их оставляла, на руках ни следа возни со склянками. Воровство ради наживы? Но какой вор оставляет плату, да ещё вдвое против цены? Чем дольше травница перебирала возможности, тем яснее становилось, что обычного, земного объяснения тут нет. А Власта, при всём своём трезвом уме аптекаря, выросла в краю, где знали: за гранью привычного мира есть и другой, и порой он заглядывает в наш через приоткрытую дверь. Она не была суеверной. Но и упрямо закрывать глаза на очевидное не собиралась.

Кто-то проникал в её запертую лавку по ночам, брал снадобья — но не крал, а покупал, оставляя деньги. Это было так нелепо, что Власта не знала, смеяться ей или звать стражу. Вор, который платит больше, чем просят, — о таком она не слыхивала за всю жизнь.

Она расспросила соседей — не видел ли кто чего ночью. Старая прачка с верхнего этажа припомнила, что слышала тихие шаги и звон склянок около полуночи, но решила, что это сама Власта работает допоздна. Больше никто ничего не заметил.

Загадка не давала травнице покоя. Она была не из пугливых и не из тех, кто оставляет вопросы без ответа. Если ночной гость не желал зла — а он явно не желал, иначе давно обчистил бы всю лавку, — то зачем вся эта таинственность? Почему не прийти днём, как все люди, и не купить нужное в открытую?

Власта решила выяснить. В тот же вечер она заперла лавку, как обычно, погасила свечи — но сама не ушла наверх спать, а спряталась за тяжёлой занавесью в углу, прихватив табурет, тёплый платок и изрядную порцию терпения. И стала ждать своего загадочного, щедрого, невозможного ночного покупателя.',
        'Лишние монеты', 'Власта держала аптекарскую лавку в тихом переулке Оксенфурта, у самой реки, и знала своё дело так, как знают его только те, кто учился ему с детства. Она помнила наизусть свойства трёх сотен трав, умела сварить снадобье от любой хвори, кроме смерти, и вела счёт каждой склянке на полках — потому что в её деле небрежность стоила жизни.

Поэтому, когда однажды утром она недосчиталась пузырька с настойкой от лихорадки, а на его месте обнаружила аккуратно положенную медную монету, она сперва решила, что у неё помутился рассудок. Двери были заперты изнутри. Окна закрыты на засов. Войти ночью никто не мог. И всё же снадобье исчезло, а плата за него лежала на полке.

Власта списала это на усталость. Но на следующее утро повторилось то же: пропала мазь от ожогов, и снова на её месте лежала монета — на этот раз серебряная, вдвое больше цены. На третье утро исчезла настойка от кашля, и опять плата, честная, даже щедрая.

Власта перепробовала все разумные объяснения и одно за другим отбросила. Подмастерья у неё не было — работала одна. Запасного ключа не существовало. Подкоп под лавкой исключался: пол она знала до последней половицы. Лунатизм? Она проверила — спала крепко, башмаки поутру стояли там, где она их оставляла, на руках ни следа возни со склянками. Воровство ради наживы? Но какой вор оставляет плату, да ещё вдвое против цены? Чем дольше травница перебирала возможности, тем яснее становилось, что обычного, земного объяснения тут нет. А Власта, при всём своём трезвом уме аптекаря, выросла в краю, где знали: за гранью привычного мира есть и другой, и порой он заглядывает в наш через приоткрытую дверь. Она не была суеверной. Но и упрямо закрывать глаза на очевидное не собиралась.

Кто-то проникал в её запертую лавку по ночам, брал снадобья — но не крал, а покупал, оставляя деньги. Это было так нелепо, что Власта не знала, смеяться ей или звать стражу. Вор, который платит больше, чем просят, — о таком она не слыхивала за всю жизнь.

Она расспросила соседей — не видел ли кто чего ночью. Старая прачка с верхнего этажа припомнила, что слышала тихие шаги и звон склянок около полуночи, но решила, что это сама Власта работает допоздна. Больше никто ничего не заметил.

Загадка не давала травнице покоя. Она была не из пугливых и не из тех, кто оставляет вопросы без ответа. Если ночной гость не желал зла — а он явно не желал, иначе давно обчистил бы всю лавку, — то зачем вся эта таинственность? Почему не прийти днём, как все люди, и не купить нужное в открытую?

Власта решила выяснить. В тот же вечер она заперла лавку, как обычно, погасила свечи — но сама не ушла наверх спать, а спряталась за тяжёлой занавесью в углу, прихватив табурет, тёплый платок и изрядную порцию терпения. И стала ждать своего загадочного, щедрого, невозможного ночного покупателя.', 'published', '2026-03-30T12:00:00+00:00', '2026-03-30T13:00:00+00:00');
    INSERT INTO chapters (id, story_id, title, content, draft_title, draft_content, status, created_at, updated_at) VALUES (
        'e0412819-38f0-54d3-8ef4-7f7ed35e9858', 'e1dd0f00-4424-5308-9942-beb4c2f64e8c', 'Ночной покупатель', 'Ждать пришлось долго. За занавесью было душно, табурет неудобен, а ночь тянулась бесконечно. Власта уже начала клевать носом, когда около полуночи в лавке что-то неуловимо изменилось. Воздух будто загустел. Пламя единственной оставленной лампадки дрогнуло, хотя сквозняка не было. И посреди запертой комнаты, прямо из ничего, соткалась фигура.

Власта зажала рот ладонью, чтобы не вскрикнуть. Фигура была полупрозрачной, чуть светящейся, — мужчина средних лет в старомодном лекарском платье, какое носили лет пятьдесят назад. Призрак. Он двигался по лавке уверенно, по-хозяйски, явно зная тут каждую полку. Подошёл к стеллажу, всмотрелся в склянки, выбрал настойку от сердечной слабости. А потом достал откуда-то монету и аккуратно положил её на освободившееся место.

Травница смотрела во все глаза. Призрак не выглядел ни злым, ни голодным до чужих душ. Он выглядел... озабоченным. Усталым. Как лекарь, спешащий к больному.

Власта много слышала о призраках, как всякий, кто вырос на Континенте, но видела их впервые. И то, что она видела, никак не вязалось со страшными байками. Этот дух не гремел цепями, не выл, не источал могильного холода. Он деловито, почти буднично перебирал склянки, щурился, разбирая надписи на ярлычках, и было в его движениях столько усталой привычности, что у Власты защемило сердце. Так двигаются люди, которые делают одно и то же дело долгие годы — до того, что руки сами знают, куда тянуться. Полвека, подумала травница. Полвека он приходит сюда по ночам, берёт снадобья и куда-то их относит. Это была не злоба неупокоенной души. Это была верность ремеслу, пережившая саму смерть. И вместо страха Власта вдруг ощутила что-то вроде уважения — и острое, профессиональное любопытство.

Власта была не робкого десятка. Поборов страх, она отдёрнула занавесь и вышла на свет.

— Доброй ночи, — сказала она, стараясь, чтобы голос не дрожал. — Раз уж вы исправно платите, может, объяснитесь? Кто вы и зачем вам мои снадобья?

Призрак вздрогнул и обернулся. На его прозрачном лице отразилось не меньшее изумление, чем испытывала сама Власта.

— Вы... меня видите? — проговорил он тихо, и голос его шелестел, как ветер в сухих листьях. — Меня очень давно никто не видел.

— Вижу, — кивнула Власта. — И слышу. И, признаться, теряюсь в догадках. Призраки обычно пугают, а не покупают настойки по двойной цене.

Призрак печально усмехнулся и присел — точнее, завис — на краешек прилавка.

— При жизни я держал эту лавку, — сказал он. — Был аптекарем, как вы. И вот уже полвека, как я мёртв, а покоя мне нет. Потому что в ночь моей смерти я не успел доделать одно дело. И теперь не могу уйти, пока не доделаю. А для этого мне нужны снадобья. Ваши снадобья. Простите, что брал их так... бесцеремонно. Я не знал, как иначе.

Власта опустилась на табурет напротив призрака. Любопытство в ней давно пересилило страх.

— Рассказывайте, — сказала она. — Всё с начала. Кажется, у нас с вами одна профессия и долгий разговор впереди.',
        'Ночной покупатель', 'Ждать пришлось долго. За занавесью было душно, табурет неудобен, а ночь тянулась бесконечно. Власта уже начала клевать носом, когда около полуночи в лавке что-то неуловимо изменилось. Воздух будто загустел. Пламя единственной оставленной лампадки дрогнуло, хотя сквозняка не было. И посреди запертой комнаты, прямо из ничего, соткалась фигура.

Власта зажала рот ладонью, чтобы не вскрикнуть. Фигура была полупрозрачной, чуть светящейся, — мужчина средних лет в старомодном лекарском платье, какое носили лет пятьдесят назад. Призрак. Он двигался по лавке уверенно, по-хозяйски, явно зная тут каждую полку. Подошёл к стеллажу, всмотрелся в склянки, выбрал настойку от сердечной слабости. А потом достал откуда-то монету и аккуратно положил её на освободившееся место.

Травница смотрела во все глаза. Призрак не выглядел ни злым, ни голодным до чужих душ. Он выглядел... озабоченным. Усталым. Как лекарь, спешащий к больному.

Власта много слышала о призраках, как всякий, кто вырос на Континенте, но видела их впервые. И то, что она видела, никак не вязалось со страшными байками. Этот дух не гремел цепями, не выл, не источал могильного холода. Он деловито, почти буднично перебирал склянки, щурился, разбирая надписи на ярлычках, и было в его движениях столько усталой привычности, что у Власты защемило сердце. Так двигаются люди, которые делают одно и то же дело долгие годы — до того, что руки сами знают, куда тянуться. Полвека, подумала травница. Полвека он приходит сюда по ночам, берёт снадобья и куда-то их относит. Это была не злоба неупокоенной души. Это была верность ремеслу, пережившая саму смерть. И вместо страха Власта вдруг ощутила что-то вроде уважения — и острое, профессиональное любопытство.

Власта была не робкого десятка. Поборов страх, она отдёрнула занавесь и вышла на свет.

— Доброй ночи, — сказала она, стараясь, чтобы голос не дрожал. — Раз уж вы исправно платите, может, объяснитесь? Кто вы и зачем вам мои снадобья?

Призрак вздрогнул и обернулся. На его прозрачном лице отразилось не меньшее изумление, чем испытывала сама Власта.

— Вы... меня видите? — проговорил он тихо, и голос его шелестел, как ветер в сухих листьях. — Меня очень давно никто не видел.

— Вижу, — кивнула Власта. — И слышу. И, признаться, теряюсь в догадках. Призраки обычно пугают, а не покупают настойки по двойной цене.

Призрак печально усмехнулся и присел — точнее, завис — на краешек прилавка.

— При жизни я держал эту лавку, — сказал он. — Был аптекарем, как вы. И вот уже полвека, как я мёртв, а покоя мне нет. Потому что в ночь моей смерти я не успел доделать одно дело. И теперь не могу уйти, пока не доделаю. А для этого мне нужны снадобья. Ваши снадобья. Простите, что брал их так... бесцеремонно. Я не знал, как иначе.

Власта опустилась на табурет напротив призрака. Любопытство в ней давно пересилило страх.

— Рассказывайте, — сказала она. — Всё с начала. Кажется, у нас с вами одна профессия и долгий разговор впереди.', 'published', '2026-03-31T12:00:00+00:00', '2026-03-31T13:00:00+00:00');
    INSERT INTO chapters (id, story_id, title, content, draft_title, draft_content, status, created_at, updated_at) VALUES (
        '3e8548ae-7631-5c82-9746-60fe179d3f4b', 'e1dd0f00-4424-5308-9942-beb4c2f64e8c', 'Незакрытый долг', 'История призрака оказалась грустной и простой, как многие истории о незавершённых делах. Звали его при жизни Богумил, и был он аптекарем добрым, но непутёвым в деньгах. Полвека назад в Оксенфурте свирепствовала горячка, и Богумил днём и ночью варил снадобья, раздавая их беднякам в долг, а часто и даром. Сам он от усталости и заразы и слёг — да так и не поднялся.

— Я умер с лёгким сердцем, — шелестел призрак. — Думал, что сделал всё, что мог. Но была одна семья на окраине — вдова с пятью детьми. Я обещал ей принести лекарство для младшенького, мальчонки совсем хворого. Сварил, поставил на полку — а отнести не успел. Той ночью и преставился. И не знаю с тех пор, выжил ли ребёнок. Эта мысль и держит меня здесь полвека. Я всё ношу снадобья по тем адресам, где когда-то были мои должники и больные, — будто могу ещё что-то исправить. Глупо. Их давно нет. Но я не умею остановиться.

Власта слушала, и сердце её сжималось. Она знала эту болезнь лучше многих — болезнь лекаря, который не может простить себе тех, кого не спас.

Власта знала эту болезнь не понаслышке. Каждый лекарь, проработавший достаточно долго, носит в себе целое кладбище — список тех, кого не сумел вытащить. Лица, имена, последние взгляды. Сколько ни спасёшь, помнишь всегда именно проигранных. Это и есть тайная плата за ремесло исцеления, о которой не пишут в учебниках трав: чужие смерти оседают в тебе и не уходят. Сама Власта научилась жить с этим грузом, не давая ему раздавить себя, — но она была живой, у неё впереди были новые больные, новые победы, которые понемногу уравновешивали поражения. А у Богумила не было ничего, кроме одного-единственного незаконченного дела, повисшего над ним на полвека. Неудивительно, что он не мог уйти. Лекарь, унёсший за грань нераскрытую вину, обречён блуждать, пока не узнает, чем всё кончилось.

— А что с тем мальчиком? — спросила она. — Вы так и не узнали?

— Откуда же мне узнать, — горько ответил Богумил. — Я призрак. Меня не видят, со мной не говорят. Полвека блуждаю в догадках.

Власта поднялась решительно.

— Так давайте узнаем, — сказала она. — Я живая. Меня видят и со мной говорят. Назовите имя вдовы и улицу. Городские записи хранятся в ратуше, метрики — при храме. Если тот мальчик выжил, мы это выясним. А если нет — что ж, тогда вы хотя бы перестанете терзаться неизвестностью. Незакрытый долг страшен именно тем, что не знаешь итога.

Призрак смотрел на неё так, словно она предложила ему весь мир.

— Вы... сделаете это? Для меня? Зачем вам, живой, возиться с делами полувековой давности?

— Затем, что мы с вами одной крови, аптекарь, — просто ответила Власта. — Лекари. А лекари не бросают пациентов. Даже если пациент — неупокоенная душа. Идёмте, рассвет близко. С утра и начнём.',
        'Незакрытый долг', 'История призрака оказалась грустной и простой, как многие истории о незавершённых делах. Звали его при жизни Богумил, и был он аптекарем добрым, но непутёвым в деньгах. Полвека назад в Оксенфурте свирепствовала горячка, и Богумил днём и ночью варил снадобья, раздавая их беднякам в долг, а часто и даром. Сам он от усталости и заразы и слёг — да так и не поднялся.

— Я умер с лёгким сердцем, — шелестел призрак. — Думал, что сделал всё, что мог. Но была одна семья на окраине — вдова с пятью детьми. Я обещал ей принести лекарство для младшенького, мальчонки совсем хворого. Сварил, поставил на полку — а отнести не успел. Той ночью и преставился. И не знаю с тех пор, выжил ли ребёнок. Эта мысль и держит меня здесь полвека. Я всё ношу снадобья по тем адресам, где когда-то были мои должники и больные, — будто могу ещё что-то исправить. Глупо. Их давно нет. Но я не умею остановиться.

Власта слушала, и сердце её сжималось. Она знала эту болезнь лучше многих — болезнь лекаря, который не может простить себе тех, кого не спас.

Власта знала эту болезнь не понаслышке. Каждый лекарь, проработавший достаточно долго, носит в себе целое кладбище — список тех, кого не сумел вытащить. Лица, имена, последние взгляды. Сколько ни спасёшь, помнишь всегда именно проигранных. Это и есть тайная плата за ремесло исцеления, о которой не пишут в учебниках трав: чужие смерти оседают в тебе и не уходят. Сама Власта научилась жить с этим грузом, не давая ему раздавить себя, — но она была живой, у неё впереди были новые больные, новые победы, которые понемногу уравновешивали поражения. А у Богумила не было ничего, кроме одного-единственного незаконченного дела, повисшего над ним на полвека. Неудивительно, что он не мог уйти. Лекарь, унёсший за грань нераскрытую вину, обречён блуждать, пока не узнает, чем всё кончилось.

— А что с тем мальчиком? — спросила она. — Вы так и не узнали?

— Откуда же мне узнать, — горько ответил Богумил. — Я призрак. Меня не видят, со мной не говорят. Полвека блуждаю в догадках.

Власта поднялась решительно.

— Так давайте узнаем, — сказала она. — Я живая. Меня видят и со мной говорят. Назовите имя вдовы и улицу. Городские записи хранятся в ратуше, метрики — при храме. Если тот мальчик выжил, мы это выясним. А если нет — что ж, тогда вы хотя бы перестанете терзаться неизвестностью. Незакрытый долг страшен именно тем, что не знаешь итога.

Призрак смотрел на неё так, словно она предложила ему весь мир.

— Вы... сделаете это? Для меня? Зачем вам, живой, возиться с делами полувековой давности?

— Затем, что мы с вами одной крови, аптекарь, — просто ответила Власта. — Лекари. А лекари не бросают пациентов. Даже если пациент — неупокоенная душа. Идёмте, рассвет близко. С утра и начнём.', 'published', '2026-04-01T12:00:00+00:00', '2026-04-01T13:00:00+00:00');
    INSERT INTO chapters (id, story_id, title, content, draft_title, draft_content, status, created_at, updated_at) VALUES (
        'ec4178ab-b34c-52c5-8f67-90b04fe24fcf', 'e1dd0f00-4424-5308-9942-beb4c2f64e8c', 'Покой', 'Поиски заняли три дня. Власта подняла пыльные книги в ратуше, расспросила старого храмового писаря, обошла окраину, где когда-то жила та вдова. И мало-помалу, из выцветших записей и стариковских воспоминаний, сложилась картина.

Мальчик выжил. Тот самый младшенький, к которому Богумил не успел донести снадобье. Соседка, сжалившись, в ту же ночь привела к больному другого лекаря, и ребёнок поправился. Мало того — он вырос, выучился и сам стал аптекарем, в память о том Богумиле, чьё доброе имя гремело на всю окраину. А его внук — теперь уже почтенный старик — и поныне держал аптеку в соседнем квартале. Лекарское дело, посеянное Богумилом, не оборвалось. Оно проросло и дало плоды через три поколения.

Власта сама не ожидала, до чего обрадует её эта находка. Она шла по пыльным записям как по следу, с азартом, какого не испытывала давно, и каждое новое подтверждение — метрика, имя в храмовой книге, слова старого писаря — отзывалось в ней тихим торжеством. Дело было, казалось бы, чужое, полувековой давности, до неё никому уже не нужное. Но за эти дни оно стало её собственным. Потому что речь шла не просто о судьбе давно умершего мальчика — речь шла о том, напрасной ли была жизнь хорошего человека, отдавшего себя другим без остатка. И когда сложилась наконец вся картина, когда стало ясно, что доброта Богумила не сгинула, а проросла через поколения, Власта почувствовала, что и в её собственном лекарском кладбище стало одной светлой могилой больше. Это была победа — пусть и запоздавшая на полвека.

Власта принесла эту весть в лавку ночью, и впервые ей не терпелось увидеть призрака.

— Он выжил, Богумил, — сказала она с порога, едва тот соткался из воздуха. — Тот мальчик. Выжил, вырос, стал аптекарем — в вашу честь. И сын его, и внук — все лекари. Ваш долг не просто закрыт. Он принёс проценты, каких вы и вообразить не могли. Вы спасли не одного ребёнка. Вы подарили городу три поколения лекарей.

Призрак замер. По его прозрачному лицу пробежала дрожь, и он начал светиться ярче — мягким, тёплым светом, какого Власта ещё не видела.

— Выжил, — повторил он чуть слышно. — Все эти годы... я думал, что подвёл их. А он выжил. И продолжил дело.

— Вы никого не подвели, — твёрдо сказала Власта. — Вы просто не дожили до того, чтобы это увидеть. Теперь видите. Можно отдыхать, аптекарь. Вы заслужили.

Богумил посмотрел на неё с бесконечной благодарностью. Свет, исходивший от него, становился всё ярче, всё теплее, и в этом свете прозрачные черты разглаживались, усталость уходила с призрачного лица.

— Спасибо, — прошелестел он. — Вы оказались лучшим лекарем, чем я. Вы вылечили то, что не лечится снадобьями. Берегите лавку, Власта. И... оставьте себе все мои монеты. Где я — там они не нужны.

Свет вспыхнул в последний раз — и погас. В лавке стало тихо и пусто, но это была не та пустота, что прежде. Тёплая, спокойная. Власта постояла в темноте, утирая глаза, а потом убрала с полок все накопленные призраком монеты в отдельный мешочек — и наутро раздала их беднякам у храма, в память о добром аптекаре Богумиле, который наконец обрёл покой.',
        'Покой', 'Поиски заняли три дня. Власта подняла пыльные книги в ратуше, расспросила старого храмового писаря, обошла окраину, где когда-то жила та вдова. И мало-помалу, из выцветших записей и стариковских воспоминаний, сложилась картина.

Мальчик выжил. Тот самый младшенький, к которому Богумил не успел донести снадобье. Соседка, сжалившись, в ту же ночь привела к больному другого лекаря, и ребёнок поправился. Мало того — он вырос, выучился и сам стал аптекарем, в память о том Богумиле, чьё доброе имя гремело на всю окраину. А его внук — теперь уже почтенный старик — и поныне держал аптеку в соседнем квартале. Лекарское дело, посеянное Богумилом, не оборвалось. Оно проросло и дало плоды через три поколения.

Власта сама не ожидала, до чего обрадует её эта находка. Она шла по пыльным записям как по следу, с азартом, какого не испытывала давно, и каждое новое подтверждение — метрика, имя в храмовой книге, слова старого писаря — отзывалось в ней тихим торжеством. Дело было, казалось бы, чужое, полувековой давности, до неё никому уже не нужное. Но за эти дни оно стало её собственным. Потому что речь шла не просто о судьбе давно умершего мальчика — речь шла о том, напрасной ли была жизнь хорошего человека, отдавшего себя другим без остатка. И когда сложилась наконец вся картина, когда стало ясно, что доброта Богумила не сгинула, а проросла через поколения, Власта почувствовала, что и в её собственном лекарском кладбище стало одной светлой могилой больше. Это была победа — пусть и запоздавшая на полвека.

Власта принесла эту весть в лавку ночью, и впервые ей не терпелось увидеть призрака.

— Он выжил, Богумил, — сказала она с порога, едва тот соткался из воздуха. — Тот мальчик. Выжил, вырос, стал аптекарем — в вашу честь. И сын его, и внук — все лекари. Ваш долг не просто закрыт. Он принёс проценты, каких вы и вообразить не могли. Вы спасли не одного ребёнка. Вы подарили городу три поколения лекарей.

Призрак замер. По его прозрачному лицу пробежала дрожь, и он начал светиться ярче — мягким, тёплым светом, какого Власта ещё не видела.

— Выжил, — повторил он чуть слышно. — Все эти годы... я думал, что подвёл их. А он выжил. И продолжил дело.

— Вы никого не подвели, — твёрдо сказала Власта. — Вы просто не дожили до того, чтобы это увидеть. Теперь видите. Можно отдыхать, аптекарь. Вы заслужили.

Богумил посмотрел на неё с бесконечной благодарностью. Свет, исходивший от него, становился всё ярче, всё теплее, и в этом свете прозрачные черты разглаживались, усталость уходила с призрачного лица.

— Спасибо, — прошелестел он. — Вы оказались лучшим лекарем, чем я. Вы вылечили то, что не лечится снадобьями. Берегите лавку, Власта. И... оставьте себе все мои монеты. Где я — там они не нужны.

Свет вспыхнул в последний раз — и погас. В лавке стало тихо и пусто, но это была не та пустота, что прежде. Тёплая, спокойная. Власта постояла в темноте, утирая глаза, а потом убрала с полок все накопленные призраком монеты в отдельный мешочек — и наутро раздала их беднякам у храма, в память о добром аптекаре Богумиле, который наконец обрёл покой.', 'published', '2026-04-02T12:00:00+00:00', '2026-04-02T13:00:00+00:00');

    -- [12] Брод через Бруинен (lord-of-the-rings)
    INSERT INTO stories (id, slug, title, status, author_id, ai_summary, created_at, updated_at) VALUES (
        'fad42d2c-d28a-58a8-b00c-4ac22ae7b882', 'lotr-brod-cherez-bruinen', 'Брод через Бруинен', 'published', v_author_id, 'Молодой следопыт Севера в одиночку стережёт древний брод, через который к Раздолу тянутся беженцы. Орки идут по пятам, а помощи ждать неоткуда — кроме той, что внутри тебя самого.',
        '2026-03-28T12:00:00+00:00', '2026-05-08T11:00:00+00:00');
    INSERT INTO story_tags (story_id, tag_id) VALUES ('fad42d2c-d28a-58a8-b00c-4ac22ae7b882', '10000001-0001-4001-8001-000000000003');
    INSERT INTO story_tags (story_id, tag_id) VALUES ('fad42d2c-d28a-58a8-b00c-4ac22ae7b882', '10000004-0004-4004-8004-000000000002');
    INSERT INTO story_tags (story_id, tag_id) VALUES ('fad42d2c-d28a-58a8-b00c-4ac22ae7b882', '10000005-0005-4005-8005-000000000003');
    INSERT INTO story_tags (story_id, tag_id) VALUES ('fad42d2c-d28a-58a8-b00c-4ac22ae7b882', '10000006-0006-4006-8006-000000000001');
    INSERT INTO story_tags (story_id, tag_id) VALUES ('fad42d2c-d28a-58a8-b00c-4ac22ae7b882', '10000002-0002-4002-8002-000000000006');
    INSERT INTO story_tags (story_id, tag_id) VALUES ('fad42d2c-d28a-58a8-b00c-4ac22ae7b882', '10000002-0002-4002-8002-000000000001');
    INSERT INTO story_tags (story_id, tag_id) VALUES ('fad42d2c-d28a-58a8-b00c-4ac22ae7b882', '10000003-0003-4003-8003-000000000002');
    INSERT INTO chapters (id, story_id, title, content, draft_title, draft_content, status, created_at, updated_at) VALUES (
        '215292f7-0f7b-5d89-8340-56255e91ec35', 'fad42d2c-d28a-58a8-b00c-4ac22ae7b882', 'Страж переправы', 'Халдар стоял у самой воды, кутаясь в выцветший серо-зелёный плащ, и слушал реку. Бруинен катил свои студёные воды с гор, и в их немолчном шуме опытное ухо следопыта училось различать многое: и плеск выдры, и шаги оленя на дальнем берегу, и — если повезёт — поступь врага, крадущегося в темноте.

Ему было всего двадцать три, и он был один. Старшие следопыты ушли на восток, к Тракту, где в последние месяцы участились нападения, а Халдару, самому молодому, достался брод — древняя переправа, которую дунэдайн стерегли из поколения в поколение. Дело это считалось спокойным. Считалось — до недавних пор.

Потому что теперь по дорогам Севера тянулись беженцы. Целыми семьями они уходили из разорённых деревень на восходе, бросив всё, унося лишь то, что могли поднять руки, и путь их лежал к Раздолу — к последнему островку покоя в темнеющем мире. А единственная безопасная переправа через бурный Бруинен была здесь. У брода Халдара.

Не раз за эти недели юный следопыт думал о том, как несправедливо устроена служба дунэдайн. Народ Севера и не подозревал о её существовании. Пахари сеяли хлеб, дети играли у порогов, путники спокойно шли по Тракту — и не ведали, что покой их куплен ценой бессонных ночей таких, как он, безымянных стражей на безвестных переправах. Халдара это не обижало. Так заведено было исстари, и в этом была своя суровая правота. Но порой, в долгой ночной тишине у воды, ему всё же хотелось, чтобы хоть кто-нибудь знал.

Он повидал их немало за последний месяц. Усталые матери с детьми на руках. Старики, опирающиеся на палки. Раненые, которых везли на наспех сколоченных волокушах. Халдар переправлял их, указывал тропу к Раздолу, делился скудными припасами, врачевал раны, как умел. И провожал взглядом, пока серые фигуры не растворялись в тумане на пути к спасению.

Но в последние дни он чувствовал неладное. Лес притих. Птицы смолкли там, где не должны были молчать. Дважды на дальнем берегу он замечал следы — большие, грубые, с глубоким отпечатком когтистого сапога. Орки. И шли они по тому же пути, что и беженцы, — по их следам, как волки идут за отбившимся стадом.

Халдар понимал, что это значит. Где-то на востоке двигалась колонна беженцев — может быть, последняя, самая большая. А за ней по пятам шла орочья стая, надеясь нагнать несчастных у переправы, прижать к воде и перебить. Брод, спасавший столько жизней, мог обернуться ловушкой.

Молодой следопыт долго смотрел на тёмный восточный берег, где сгущались сумерки. Он был один. Помощи ждать неоткуда — старшие за много лиг отсюда, и гонца не послать, иначе брод останется вовсе без стража. Выбора, по сути, не было. Он останется. Он будет держать переправу столько, сколько сможет, — потому что за его спиной лежала дорога к Раздолу, а на той дороге были люди, которым больше некуда идти.

Халдар проверил тетиву, пересчитал стрелы — их было до обидного мало — и сел у воды ждать. Над горами всходила бледная луна, и река всё говорила, говорила на своём древнем языке, и страж переправы слушал её, гадая, что принесёт ему завтрашний рассвет.',
        'Страж переправы', 'Халдар стоял у самой воды, кутаясь в выцветший серо-зелёный плащ, и слушал реку. Бруинен катил свои студёные воды с гор, и в их немолчном шуме опытное ухо следопыта училось различать многое: и плеск выдры, и шаги оленя на дальнем берегу, и — если повезёт — поступь врага, крадущегося в темноте.

Ему было всего двадцать три, и он был один. Старшие следопыты ушли на восток, к Тракту, где в последние месяцы участились нападения, а Халдару, самому молодому, достался брод — древняя переправа, которую дунэдайн стерегли из поколения в поколение. Дело это считалось спокойным. Считалось — до недавних пор.

Потому что теперь по дорогам Севера тянулись беженцы. Целыми семьями они уходили из разорённых деревень на восходе, бросив всё, унося лишь то, что могли поднять руки, и путь их лежал к Раздолу — к последнему островку покоя в темнеющем мире. А единственная безопасная переправа через бурный Бруинен была здесь. У брода Халдара.

Не раз за эти недели юный следопыт думал о том, как несправедливо устроена служба дунэдайн. Народ Севера и не подозревал о её существовании. Пахари сеяли хлеб, дети играли у порогов, путники спокойно шли по Тракту — и не ведали, что покой их куплен ценой бессонных ночей таких, как он, безымянных стражей на безвестных переправах. Халдара это не обижало. Так заведено было исстари, и в этом была своя суровая правота. Но порой, в долгой ночной тишине у воды, ему всё же хотелось, чтобы хоть кто-нибудь знал.

Он повидал их немало за последний месяц. Усталые матери с детьми на руках. Старики, опирающиеся на палки. Раненые, которых везли на наспех сколоченных волокушах. Халдар переправлял их, указывал тропу к Раздолу, делился скудными припасами, врачевал раны, как умел. И провожал взглядом, пока серые фигуры не растворялись в тумане на пути к спасению.

Но в последние дни он чувствовал неладное. Лес притих. Птицы смолкли там, где не должны были молчать. Дважды на дальнем берегу он замечал следы — большие, грубые, с глубоким отпечатком когтистого сапога. Орки. И шли они по тому же пути, что и беженцы, — по их следам, как волки идут за отбившимся стадом.

Халдар понимал, что это значит. Где-то на востоке двигалась колонна беженцев — может быть, последняя, самая большая. А за ней по пятам шла орочья стая, надеясь нагнать несчастных у переправы, прижать к воде и перебить. Брод, спасавший столько жизней, мог обернуться ловушкой.

Молодой следопыт долго смотрел на тёмный восточный берег, где сгущались сумерки. Он был один. Помощи ждать неоткуда — старшие за много лиг отсюда, и гонца не послать, иначе брод останется вовсе без стража. Выбора, по сути, не было. Он останется. Он будет держать переправу столько, сколько сможет, — потому что за его спиной лежала дорога к Раздолу, а на той дороге были люди, которым больше некуда идти.

Халдар проверил тетиву, пересчитал стрелы — их было до обидного мало — и сел у воды ждать. Над горами всходила бледная луна, и река всё говорила, говорила на своём древнем языке, и страж переправы слушал её, гадая, что принесёт ему завтрашний рассвет.', 'published', '2026-03-28T12:00:00+00:00', '2026-03-28T13:00:00+00:00');
    INSERT INTO chapters (id, story_id, title, content, draft_title, draft_content, status, created_at, updated_at) VALUES (
        'd05d85dd-514f-58b5-be98-4710e9098831', 'fad42d2c-d28a-58a8-b00c-4ac22ae7b882', 'Те, кому некуда идти', 'Беженцы показались на восходе третьего дня — длинная вереница серых, измученных фигур, выползающая из утреннего тумана на дальнем берегу. Их было больше сотни: женщины, дети, старики, горстка мужчин с самодельным оружием. Они шли медленно, спотыкаясь, и Халдар с первого взгляда понял, что силы их на исходе.

Он переправлял их группами, по нескольку человек, помогая удержаться на скользких камнях против холодного течения. Вода доходила до пояса, обжигала ледяным холодом, но люди шли, цепляясь друг за друга, и следопыт стоял посреди реки, как живая опора, принимая из рук в руки детей, поддерживая стариков, не давая течению сбить с ног ослабевших.

Старшим среди беженцев оказался седой кузнец по имени Бран — широкоплечий, с обожжёнными работой руками и потухшими от усталости глазами. Когда большая часть людей была уже на западном берегу, он подошёл к Халдару, тяжело переводя дыхание.

— Благодарю тебя, следопыт, — сказал он хрипло. — Ты спас нас. Но я должен сказать правду, раз уж ты помогаешь нам, рискуя собой. За нами идут орки. Большой отряд. Они догоняли нас всю дорогу, и до них теперь, может, полдня пути. Не больше.

— Я знаю, — спокойно ответил Халдар. — Видел следы. Сколько их?

Бран помрачнел.

— Десятка четыре, может, больше. Мы потеряли половину своих, отбиваясь от их передовых. У нас почти не осталось мужчин, способных держать оружие. Если они нагонят нас на открытой дороге к Раздолу...

Он не договорил. Да и не нужно было. Оба понимали, чем кончится погоня на открытом месте для измученной толпы женщин и детей.

Халдар обвёл взглядом беженцев, выбирающихся на западный берег, — мокрых, дрожащих, падающих на траву от изнеможения. Дети жались к матерям. Старики оседали на землю, не в силах сделать больше ни шагу. Это были те, кому некуда было идти, кроме как вперёд, к Раздолу, — и до спасения им оставался ещё целый день пути, которого у них не было.

— Слушай меня, Бран, — сказал следопыт, и голос его обрёл твёрдость. — Веди людей дальше по тропе. Не останавливайтесь, как бы ни устали. К ночи доберётесь до старой сторожевой башни — в ней можно укрыться, и оттуда уже виден свет Раздола. Идите и не оглядывайтесь.

— А ты? — Бран нахмурился, уже понимая ответ.

— А я останусь у брода, — просто сказал Халдар. — Орки должны перейти реку, чтобы догнать вас. А реку им придётся переходить здесь. И здесь я их встречу.

Кузнец долго молчал, глядя на молодого следопыта — одного против четырёх десятков.

— Это верная смерть, — тихо сказал он наконец.

— Это мой брод, — ответил Халдар. — И моя застава. Идите, Бран. Каждый миг дорог. Уведи их к свету. Об остальном я позабочусь.',
        'Те, кому некуда идти', 'Беженцы показались на восходе третьего дня — длинная вереница серых, измученных фигур, выползающая из утреннего тумана на дальнем берегу. Их было больше сотни: женщины, дети, старики, горстка мужчин с самодельным оружием. Они шли медленно, спотыкаясь, и Халдар с первого взгляда понял, что силы их на исходе.

Он переправлял их группами, по нескольку человек, помогая удержаться на скользких камнях против холодного течения. Вода доходила до пояса, обжигала ледяным холодом, но люди шли, цепляясь друг за друга, и следопыт стоял посреди реки, как живая опора, принимая из рук в руки детей, поддерживая стариков, не давая течению сбить с ног ослабевших.

Старшим среди беженцев оказался седой кузнец по имени Бран — широкоплечий, с обожжёнными работой руками и потухшими от усталости глазами. Когда большая часть людей была уже на западном берегу, он подошёл к Халдару, тяжело переводя дыхание.

— Благодарю тебя, следопыт, — сказал он хрипло. — Ты спас нас. Но я должен сказать правду, раз уж ты помогаешь нам, рискуя собой. За нами идут орки. Большой отряд. Они догоняли нас всю дорогу, и до них теперь, может, полдня пути. Не больше.

— Я знаю, — спокойно ответил Халдар. — Видел следы. Сколько их?

Бран помрачнел.

— Десятка четыре, может, больше. Мы потеряли половину своих, отбиваясь от их передовых. У нас почти не осталось мужчин, способных держать оружие. Если они нагонят нас на открытой дороге к Раздолу...

Он не договорил. Да и не нужно было. Оба понимали, чем кончится погоня на открытом месте для измученной толпы женщин и детей.

Халдар обвёл взглядом беженцев, выбирающихся на западный берег, — мокрых, дрожащих, падающих на траву от изнеможения. Дети жались к матерям. Старики оседали на землю, не в силах сделать больше ни шагу. Это были те, кому некуда было идти, кроме как вперёд, к Раздолу, — и до спасения им оставался ещё целый день пути, которого у них не было.

— Слушай меня, Бран, — сказал следопыт, и голос его обрёл твёрдость. — Веди людей дальше по тропе. Не останавливайтесь, как бы ни устали. К ночи доберётесь до старой сторожевой башни — в ней можно укрыться, и оттуда уже виден свет Раздола. Идите и не оглядывайтесь.

— А ты? — Бран нахмурился, уже понимая ответ.

— А я останусь у брода, — просто сказал Халдар. — Орки должны перейти реку, чтобы догнать вас. А реку им придётся переходить здесь. И здесь я их встречу.

Кузнец долго молчал, глядя на молодого следопыта — одного против четырёх десятков.

— Это верная смерть, — тихо сказал он наконец.

— Это мой брод, — ответил Халдар. — И моя застава. Идите, Бран. Каждый миг дорог. Уведи их к свету. Об остальном я позабочусь.', 'published', '2026-03-29T12:00:00+00:00', '2026-03-29T13:00:00+00:00');
    INSERT INTO chapters (id, story_id, title, content, draft_title, draft_content, status, created_at, updated_at) VALUES (
        '19cacbfa-39d4-5c5b-9557-52979daaf54e', 'fad42d2c-d28a-58a8-b00c-4ac22ae7b882', 'Один у воды', 'Когда последний беженец скрылся на западной тропе, Халдар остался один. Он не питал иллюзий насчёт того, что его ждёт. Один следопыт, пусть и обученный, не остановит четыре десятка орков в открытом бою. Но он и не собирался драться в открытую. Брод был его союзником, а реку он знал, как собственную ладонь.

Весь день он готовился. Подрубил несколько молодых деревьев на западном берегу так, чтобы их легко было обрушить поперёк тропы. Натянул в подлеске тонкие, незаметные верёвки. Разложил по укрытым местам пучки стрел, чтобы не остаться без боезапаса в решающий миг. А главное — он изучил саму переправу: где течение сбивает с ног, где под водой прячутся скользкие валуны, где брод сужается так, что пройти можно лишь по одному.

Именно это узкое место и было его надеждой. В тесном проходе между камнями численное превосходство врага теряло силу. Один лучник, бьющий по переправе, где орки вынуждены идти гуськом, по колено в ледяной воде, стоил многих. Так когда-то держали переправы его предки. Так будет держать и он.

Орки пришли на закате. Они выкатились из леса на восточном берегу нестройной, шумной оравой — чёрные, кривоногие, лязгающие ржавым железом. Завидев брод, они на миг остановились, втягивая ноздрями воздух, чуя след беженцев на той стороне. А потом, рыча от предвкушения, полезли в воду.

Халдар ждал, скрытый в тени прибрежных кустов, и не торопился. Он дышал ровно, как учил его старый наставник, и считал. Первый орк ступил в узкий проход между валунами. Второй. Третий. Когда передовые завязли по пояс в студёной воде, на самом стрежне, где течение всего сильнее, следопыт поднялся и натянул лук.

Первая стрела ушла в темноту, и передовой орк рухнул в воду, которую тут же окрасило и понесло прочь. Вторая, третья — Халдар бил быстро и точно, и каждая стрела находила цель в тесноте переправы. Орки взвыли, заметались, но течение мешало им, валуны сбивали с ног, а узкий проход не давал навалиться всем разом. Тех, кто всё же выбирался на западный берег, ждали натянутые верёвки и обрушенные стволы.

Время для Халдара словно загустело, как бывает в самый разгар смертельной работы. Он не считал ни выпущенных стрел, ни павших врагов — считать было некогда. Был только следующий орк в узком проходе, следующая натянутая тетива, следующий ровный выдох. Холод воды давно перестал ощущаться, усталость отступила куда-то на край сознания. Тело само делало то, чему учили его долгие годы, а разум держал одну-единственную мысль, ясную и простую, как звезда над горами: пока он стоит у брода, на западной тропе живут люди. И ради этой мысли стоило стоять.

Это была не битва — это была отчаянная, расчётливая работа одного человека, превратившего реку в крепость. Халдар бился так, как бьются те, за чьей спиной — беззащитные. Он не думал о смерти. Он думал о свете Раздола впереди и о том, что каждый орк, павший в этой воде, — это чья-то спасённая жизнь на западной тропе. И этого было довольно, чтобы держаться, когда колчан уже пустел, а руки сводило от холода и усталости.',
        'Один у воды', 'Когда последний беженец скрылся на западной тропе, Халдар остался один. Он не питал иллюзий насчёт того, что его ждёт. Один следопыт, пусть и обученный, не остановит четыре десятка орков в открытом бою. Но он и не собирался драться в открытую. Брод был его союзником, а реку он знал, как собственную ладонь.

Весь день он готовился. Подрубил несколько молодых деревьев на западном берегу так, чтобы их легко было обрушить поперёк тропы. Натянул в подлеске тонкие, незаметные верёвки. Разложил по укрытым местам пучки стрел, чтобы не остаться без боезапаса в решающий миг. А главное — он изучил саму переправу: где течение сбивает с ног, где под водой прячутся скользкие валуны, где брод сужается так, что пройти можно лишь по одному.

Именно это узкое место и было его надеждой. В тесном проходе между камнями численное превосходство врага теряло силу. Один лучник, бьющий по переправе, где орки вынуждены идти гуськом, по колено в ледяной воде, стоил многих. Так когда-то держали переправы его предки. Так будет держать и он.

Орки пришли на закате. Они выкатились из леса на восточном берегу нестройной, шумной оравой — чёрные, кривоногие, лязгающие ржавым железом. Завидев брод, они на миг остановились, втягивая ноздрями воздух, чуя след беженцев на той стороне. А потом, рыча от предвкушения, полезли в воду.

Халдар ждал, скрытый в тени прибрежных кустов, и не торопился. Он дышал ровно, как учил его старый наставник, и считал. Первый орк ступил в узкий проход между валунами. Второй. Третий. Когда передовые завязли по пояс в студёной воде, на самом стрежне, где течение всего сильнее, следопыт поднялся и натянул лук.

Первая стрела ушла в темноту, и передовой орк рухнул в воду, которую тут же окрасило и понесло прочь. Вторая, третья — Халдар бил быстро и точно, и каждая стрела находила цель в тесноте переправы. Орки взвыли, заметались, но течение мешало им, валуны сбивали с ног, а узкий проход не давал навалиться всем разом. Тех, кто всё же выбирался на западный берег, ждали натянутые верёвки и обрушенные стволы.

Время для Халдара словно загустело, как бывает в самый разгар смертельной работы. Он не считал ни выпущенных стрел, ни павших врагов — считать было некогда. Был только следующий орк в узком проходе, следующая натянутая тетива, следующий ровный выдох. Холод воды давно перестал ощущаться, усталость отступила куда-то на край сознания. Тело само делало то, чему учили его долгие годы, а разум держал одну-единственную мысль, ясную и простую, как звезда над горами: пока он стоит у брода, на западной тропе живут люди. И ради этой мысли стоило стоять.

Это была не битва — это была отчаянная, расчётливая работа одного человека, превратившего реку в крепость. Халдар бился так, как бьются те, за чьей спиной — беззащитные. Он не думал о смерти. Он думал о свете Раздола впереди и о том, что каждый орк, павший в этой воде, — это чья-то спасённая жизнь на западной тропе. И этого было довольно, чтобы держаться, когда колчан уже пустел, а руки сводило от холода и усталости.', 'published', '2026-03-30T12:00:00+00:00', '2026-03-30T13:00:00+00:00');
    INSERT INTO chapters (id, story_id, title, content, draft_title, draft_content, status, created_at, updated_at) VALUES (
        'c63a416b-91d0-5ff4-a162-45cb9a0fac07', 'fad42d2c-d28a-58a8-b00c-4ac22ae7b882', 'Свет на западе', 'К полуночи всё было кончено. Орки, потеряв больше десятка своих в проклятой воде и не сумев прорваться через узкий брод, дрогнули. Их вожак ещё рычал и гнал стаю вперёд, но страх перед невидимым лучником, бьющим без промаха из темноты, оказался сильнее. Решив, что переправу стережёт целый отряд дунэдайн, орки отступили в лес — туда, откуда пришли, унося раненых и злобу.

Халдар остался стоять у воды, не веря, что выжил. Он был изранен — орочья стрела задела плечо, камень рассёк бровь, и кровь заливала глаз. Колчан опустел до последней стрелы. Руки тряслись. Но брод был удержан. Река несла свои студёные воды дальше, очищаясь от следов схватки, и в её немолчном шуме следопыту чудилась теперь не угроза, а тихая, древняя благодарность.

Он опустился прямо на мокрые камни, прислонился спиной к валуну и позволил себе на миг закрыть глаза. Усталость навалилась разом, тяжёлая, как горы на горизонте. Где-то там, на западе, по тёмной тропе шли спасённые им люди — кузнец Бран, женщины, дети, старики. Они дойдут до сторожевой башни. А утром увидят свет Раздола и поймут, что спаслись. И никогда не узнают имени следопыта, что держал за них переправу один против целой стаи.

Халдара это не печалило. Дунэдайн стерегли Север в безвестности из века в век — охраняли мирные деревни, спокойный сон пахарей, смех детей у очага, — и за труды свои не ждали ни славы, ни благодарности. Их наградой было само то, что они хранили: тихая, хрупкая жизнь, которая текла себе дальше, не ведая, какой ценой её уберегли. Этого Халдару было довольно.

Он думал о том, что нигде не запишут эту ночь. Ни в одну летопись не попадёт имя следопыта, в одиночку удержавшего брод. Менестрели не сложат об этом песен — потому что некому рассказать, а сам он не станет. Через сто лет о ней не будет помнить никто, кроме разве что самой реки. И всё же эта безвестная ночь стоила больше иных прославленных битв. Ибо мера подвига не в том, сколько о нём споют, а в том, скольким он подарил завтрашний день. По этой мере Халдар в ту ночь был богаче многих королей.

На рассвете его нашли старшие следопыты — те, что вернулись с восточного Тракта и, встревоженные вестями, поспешили к броду. Они увидели израненного юношу, спящего у воды, и реку, всё ещё хранящую следы ночной схватки, и поняли без слов, что здесь произошло.

Старший из них, седой воин, видевший на своём веку многое, опустился рядом с Халдаром и осторожно тронул его за плечо. Юноша вздрогнул, открыл глаза, потянулся было к пустому колчану.

— Тихо, — сказал старый следопыт. — Свои. Беженцы дошли до Раздола на рассвете. Все до единого. Ты слышишь, мальчик? Все до единого. Из-за тебя.

Халдар откинулся назад и впервые за эту страшную ночь улыбнулся. Над горами на западе разгорался рассвет, золотя вершины, и где-то там, в долине, лежал спасённый Раздол, куда дошли все до единого. Брод был удержан. Север стоял. А значит, всё было не зря — и одинокая стража у студёной воды обрела наконец свой тихий, заслуженный смысл.',
        'Свет на западе', 'К полуночи всё было кончено. Орки, потеряв больше десятка своих в проклятой воде и не сумев прорваться через узкий брод, дрогнули. Их вожак ещё рычал и гнал стаю вперёд, но страх перед невидимым лучником, бьющим без промаха из темноты, оказался сильнее. Решив, что переправу стережёт целый отряд дунэдайн, орки отступили в лес — туда, откуда пришли, унося раненых и злобу.

Халдар остался стоять у воды, не веря, что выжил. Он был изранен — орочья стрела задела плечо, камень рассёк бровь, и кровь заливала глаз. Колчан опустел до последней стрелы. Руки тряслись. Но брод был удержан. Река несла свои студёные воды дальше, очищаясь от следов схватки, и в её немолчном шуме следопыту чудилась теперь не угроза, а тихая, древняя благодарность.

Он опустился прямо на мокрые камни, прислонился спиной к валуну и позволил себе на миг закрыть глаза. Усталость навалилась разом, тяжёлая, как горы на горизонте. Где-то там, на западе, по тёмной тропе шли спасённые им люди — кузнец Бран, женщины, дети, старики. Они дойдут до сторожевой башни. А утром увидят свет Раздола и поймут, что спаслись. И никогда не узнают имени следопыта, что держал за них переправу один против целой стаи.

Халдара это не печалило. Дунэдайн стерегли Север в безвестности из века в век — охраняли мирные деревни, спокойный сон пахарей, смех детей у очага, — и за труды свои не ждали ни славы, ни благодарности. Их наградой было само то, что они хранили: тихая, хрупкая жизнь, которая текла себе дальше, не ведая, какой ценой её уберегли. Этого Халдару было довольно.

Он думал о том, что нигде не запишут эту ночь. Ни в одну летопись не попадёт имя следопыта, в одиночку удержавшего брод. Менестрели не сложат об этом песен — потому что некому рассказать, а сам он не станет. Через сто лет о ней не будет помнить никто, кроме разве что самой реки. И всё же эта безвестная ночь стоила больше иных прославленных битв. Ибо мера подвига не в том, сколько о нём споют, а в том, скольким он подарил завтрашний день. По этой мере Халдар в ту ночь был богаче многих королей.

На рассвете его нашли старшие следопыты — те, что вернулись с восточного Тракта и, встревоженные вестями, поспешили к броду. Они увидели израненного юношу, спящего у воды, и реку, всё ещё хранящую следы ночной схватки, и поняли без слов, что здесь произошло.

Старший из них, седой воин, видевший на своём веку многое, опустился рядом с Халдаром и осторожно тронул его за плечо. Юноша вздрогнул, открыл глаза, потянулся было к пустому колчану.

— Тихо, — сказал старый следопыт. — Свои. Беженцы дошли до Раздола на рассвете. Все до единого. Ты слышишь, мальчик? Все до единого. Из-за тебя.

Халдар откинулся назад и впервые за эту страшную ночь улыбнулся. Над горами на западе разгорался рассвет, золотя вершины, и где-то там, в долине, лежал спасённый Раздол, куда дошли все до единого. Брод был удержан. Север стоял. А значит, всё было не зря — и одинокая стража у студёной воды обрела наконец свой тихий, заслуженный смысл.', 'published', '2026-03-31T12:00:00+00:00', '2026-03-31T13:00:00+00:00');

    -- [13] Сад после похода (lord-of-the-rings)
    INSERT INTO stories (id, slug, title, status, author_id, ai_summary, created_at, updated_at) VALUES (
        'c9f914b9-109c-5b41-ba23-639fccd36de9', 'lotr-sad-posle-pohoda', 'Сад после похода', 'published', v_author_id, 'Война Кольца окончена. Сэм возвращается в разорённый Шир и берётся за самое мирное и самое важное дело своей жизни — заново вырастить то, что было вытоптано.',
        '2026-03-26T12:00:00+00:00', '2026-05-07T10:00:00+00:00');
    INSERT INTO story_tags (story_id, tag_id) VALUES ('c9f914b9-109c-5b41-ba23-639fccd36de9', '10000001-0001-4001-8001-000000000003');
    INSERT INTO story_tags (story_id, tag_id) VALUES ('c9f914b9-109c-5b41-ba23-639fccd36de9', '10000004-0004-4004-8004-000000000001');
    INSERT INTO story_tags (story_id, tag_id) VALUES ('c9f914b9-109c-5b41-ba23-639fccd36de9', '10000005-0005-4005-8005-000000000002');
    INSERT INTO story_tags (story_id, tag_id) VALUES ('c9f914b9-109c-5b41-ba23-639fccd36de9', '10000006-0006-4006-8006-000000000001');
    INSERT INTO story_tags (story_id, tag_id) VALUES ('c9f914b9-109c-5b41-ba23-639fccd36de9', '10000002-0002-4002-8002-000000000004');
    INSERT INTO story_tags (story_id, tag_id) VALUES ('c9f914b9-109c-5b41-ba23-639fccd36de9', '10000002-0002-4002-8002-000000000001');
    INSERT INTO chapters (id, story_id, title, content, draft_title, draft_content, status, created_at, updated_at) VALUES (
        '2282fe1d-5426-5732-8e3c-6cb81a79ff96', 'c9f914b9-109c-5b41-ba23-639fccd36de9', 'Пустые холмы', 'Сэм Скромби вернулся домой не таким, каким уходил. Он повидал Мордор и Гору Рока, выстоял там, где сломались бы и герои из старых песен, и принёс из похода то, чего не выразить словами. Но первое, что он почувствовал, ступив на родную землю Шира, было не облегчение. Это была боль.

Шир встретил его раной. Пока хоббиты сражались и страдали в дальних землях, здесь, дома, хозяйничали недобрые люди. Они вырубили деревья — старые, любимые, те, под которыми играли ещё деды нынешних хоббитов. Они снесли уютные норы и понастроили уродливых бараков. Они засыпали пруды, вытоптали сады, отравили самый воздух дымом своих мельниц. Зелёный, цветущий край, что снился Сэму все долгие месяцы похода, лежал перед ним голым и серым.

Хуже всего было Приречье. На месте знаменитого ряда раскидистых деревьев, что росли вдоль дороги сколько помнил себя Сэм, торчали пни. Просто пни. Их срубили без всякой нужды, из одной только злобы, — и эта бессмысленность ранила больнее всего. Сэм стоял среди пней и чувствовал, как к горлу подкатывает ком.

— Это можно отстроить, Сэм, — сказал ему Фродо, видя его горе. — Норы выкопаем заново, бараки снесём. Год-другой работы, и Шир будет как прежде.

— Норы — да, — тихо ответил Сэм. — А деревья, господин Фродо? Норы можно выкопать за лето. А такому дереву, чтоб стало большим да раскидистым, надо сто лет расти. Я-то этого уже не увижу. И дети мои не увидят. Вот что горше всего.

Фродо не нашёлся, что ответить, — да и что тут ответишь. Он положил руку другу на плечо, и они постояли молча среди пней, каждый со своей думой. Сэм глядел на срезы и считал кольца, а перед глазами вставали те деревья, какими он помнил их с детства: как шумели они листвой в летний полдень, как качались на ветвях качели, как водили под ними хороводы на праздник урожая. Всё это срубили за один день чужие злые руки. И от мысли, что вернуть утраченное скоро не выйдет при всём желании, у бывалого садовника по-настоящему щемило сердце.

Он опустился на корточки у одного из пней и провёл ладонью по срезу, считая годовые кольца. Их было много — дерево было старше его прадеда. Срубили за час то, что росло века. И в этом было что-то такое непоправимое, что Сэм, выстоявший в Мордоре, едва не заплакал здесь, среди мирных холмов родного Шира.

Но Сэм Скромби не был бы Сэмом Скромби, если бы умел подолгу предаваться унынию. Он был садовником — садовником в третьем поколении, и руки его знали землю лучше, чем голова знала слова. И где-то под горем, под комом в горле, уже зашевелилась другая, упрямая мысль. Может, он и не увидит новые деревья большими. Но это не повод их не сажать. Кто-то ведь посадил те, что срубили, — посадил, зная, что сам не отдохнёт в их тени. Так уж устроены сады. Их растят не для себя.

Сэм поднялся, отряхнул колени и в последний раз оглядел разорённое Приречье — уже иначе, не как горе, а как работу, которую предстоит сделать. Впереди была долгая весна. И у него, кажется, имелось кое-что, что могло превратить эту весну в чудо.',
        'Пустые холмы', 'Сэм Скромби вернулся домой не таким, каким уходил. Он повидал Мордор и Гору Рока, выстоял там, где сломались бы и герои из старых песен, и принёс из похода то, чего не выразить словами. Но первое, что он почувствовал, ступив на родную землю Шира, было не облегчение. Это была боль.

Шир встретил его раной. Пока хоббиты сражались и страдали в дальних землях, здесь, дома, хозяйничали недобрые люди. Они вырубили деревья — старые, любимые, те, под которыми играли ещё деды нынешних хоббитов. Они снесли уютные норы и понастроили уродливых бараков. Они засыпали пруды, вытоптали сады, отравили самый воздух дымом своих мельниц. Зелёный, цветущий край, что снился Сэму все долгие месяцы похода, лежал перед ним голым и серым.

Хуже всего было Приречье. На месте знаменитого ряда раскидистых деревьев, что росли вдоль дороги сколько помнил себя Сэм, торчали пни. Просто пни. Их срубили без всякой нужды, из одной только злобы, — и эта бессмысленность ранила больнее всего. Сэм стоял среди пней и чувствовал, как к горлу подкатывает ком.

— Это можно отстроить, Сэм, — сказал ему Фродо, видя его горе. — Норы выкопаем заново, бараки снесём. Год-другой работы, и Шир будет как прежде.

— Норы — да, — тихо ответил Сэм. — А деревья, господин Фродо? Норы можно выкопать за лето. А такому дереву, чтоб стало большим да раскидистым, надо сто лет расти. Я-то этого уже не увижу. И дети мои не увидят. Вот что горше всего.

Фродо не нашёлся, что ответить, — да и что тут ответишь. Он положил руку другу на плечо, и они постояли молча среди пней, каждый со своей думой. Сэм глядел на срезы и считал кольца, а перед глазами вставали те деревья, какими он помнил их с детства: как шумели они листвой в летний полдень, как качались на ветвях качели, как водили под ними хороводы на праздник урожая. Всё это срубили за один день чужие злые руки. И от мысли, что вернуть утраченное скоро не выйдет при всём желании, у бывалого садовника по-настоящему щемило сердце.

Он опустился на корточки у одного из пней и провёл ладонью по срезу, считая годовые кольца. Их было много — дерево было старше его прадеда. Срубили за час то, что росло века. И в этом было что-то такое непоправимое, что Сэм, выстоявший в Мордоре, едва не заплакал здесь, среди мирных холмов родного Шира.

Но Сэм Скромби не был бы Сэмом Скромби, если бы умел подолгу предаваться унынию. Он был садовником — садовником в третьем поколении, и руки его знали землю лучше, чем голова знала слова. И где-то под горем, под комом в горле, уже зашевелилась другая, упрямая мысль. Может, он и не увидит новые деревья большими. Но это не повод их не сажать. Кто-то ведь посадил те, что срубили, — посадил, зная, что сам не отдохнёт в их тени. Так уж устроены сады. Их растят не для себя.

Сэм поднялся, отряхнул колени и в последний раз оглядел разорённое Приречье — уже иначе, не как горе, а как работу, которую предстоит сделать. Впереди была долгая весна. И у него, кажется, имелось кое-что, что могло превратить эту весну в чудо.', 'published', '2026-03-26T12:00:00+00:00', '2026-03-26T13:00:00+00:00');
    INSERT INTO chapters (id, story_id, title, content, draft_title, draft_content, status, created_at, updated_at) VALUES (
        '38a7740b-17a1-5980-bd20-67ed1b112330', 'c9f914b9-109c-5b41-ba23-639fccd36de9', 'Дар Галадриэли', 'У Сэма был дар — в самом прямом смысле слова. Перед расставанием в Лотлориэне владычица Галадриэль вручила ему простую на вид деревянную шкатулку с серебряной руной на крышке. Внутри была земля — серая, мелкая садовая земля из её собственного сада, — а в середине лежало единственное семечко, отливавшее серебром, как орех мэллорна.

«Это малый дар, садовник Сэммиум, — сказала тогда Галадриэль, и голос её Сэм помнил до сих пор. — Но, может быть, он сослужит тебе службу, когда придёшь домой. Если ты развеешь эту землю там, где нужда велика, и приложишь руки, то увидишь то, чего не видел никто в Средиземье уже много веков».

Всю дорогу домой Сэм берёг шкатулку пуще глаза. И вот теперь, стоя среди разорённого Шира, он понял, для чего она. Нужда была велика — больше некуда. И руки у него имелись. Дело было за малым: распорядиться даром по уму.

Сэм мог бы извести всю драгоценную землю на свой собственный сад в Торбе. Это было бы понятно — после всего, что он пережил, кто упрекнул бы его. Но Сэм рассудил иначе. Он взял лишь крохотную щепоть для каждого места, где боль Шира была всего острее, — и развеял волшебную землю по всему краю. Понемногу — здесь, у вытоптанного сада; там, где засыпали любимый пруд; в Приречье, среди скорбных пней.

В этой бережливости был весь Сэм. Другой на его месте, пожалуй, рассудил бы по-хозяйски: добро редкое, волшебное, чего его зря по пустырям раскидывать, лучше уж всё на свой сад извести, чтоб наверняка. Но Сэм думал не о своём саде. Он думал о Шире — о каждой его деревушке, о каждом хоббите, что выглянет поутру из норы и увидит вместо пепелища зелёный росток. Радость, рассуждал он, как семя: чем шире разбросаешь, тем гуще взойдёт. И потому он не пожалел драгоценной земли, деля её на всех, хотя самому досталось меньше всех.

Он обошёл весь Шир, от края до края, не пропуская ни одной деревушки, и всюду, где недобрые люди оставили рану, оставлял щепоть надежды. Хоббиты смотрели на него с недоумением — что это Сэм Скромби бродит с какой-то шкатулкой да сыплет серую землю по пустырям? Но Сэм не объяснял. Он просто делал свою работу, как делал её всегда, — тихо, основательно, с верой, которую не выразишь словами.

А единственное серебряное семечко он приберёг для самого важного места — для Приречья, где когда-то стоял прекраснейший ряд деревьев и где теперь торчали пни. Туда, в середину разорённой рощи, на месте срубленного великана, Сэм и посадил дар Галадриэли. Опустился на колени, выкопал ямку голыми руками, бережно опустил серебряное семя, прикрыл землёй и долго стоял над ним, не зная, надо ли что-то говорить.

— Расти, — сказал он наконец, просто и от всего сердца. — Расти на радость тем, кто придёт после. Я-то, может, и не увижу тебя большим. Да это и неважно. Главное, чтоб ты был.

А потом наступила зима, и Сэму, как и всем, осталось только ждать да надеяться. Что из всего этого выйдет, не знал никто. Но впервые с возвращения домой в сердце садовника жило не горе, а тихое, упрямое ожидание весны.',
        'Дар Галадриэли', 'У Сэма был дар — в самом прямом смысле слова. Перед расставанием в Лотлориэне владычица Галадриэль вручила ему простую на вид деревянную шкатулку с серебряной руной на крышке. Внутри была земля — серая, мелкая садовая земля из её собственного сада, — а в середине лежало единственное семечко, отливавшее серебром, как орех мэллорна.

«Это малый дар, садовник Сэммиум, — сказала тогда Галадриэль, и голос её Сэм помнил до сих пор. — Но, может быть, он сослужит тебе службу, когда придёшь домой. Если ты развеешь эту землю там, где нужда велика, и приложишь руки, то увидишь то, чего не видел никто в Средиземье уже много веков».

Всю дорогу домой Сэм берёг шкатулку пуще глаза. И вот теперь, стоя среди разорённого Шира, он понял, для чего она. Нужда была велика — больше некуда. И руки у него имелись. Дело было за малым: распорядиться даром по уму.

Сэм мог бы извести всю драгоценную землю на свой собственный сад в Торбе. Это было бы понятно — после всего, что он пережил, кто упрекнул бы его. Но Сэм рассудил иначе. Он взял лишь крохотную щепоть для каждого места, где боль Шира была всего острее, — и развеял волшебную землю по всему краю. Понемногу — здесь, у вытоптанного сада; там, где засыпали любимый пруд; в Приречье, среди скорбных пней.

В этой бережливости был весь Сэм. Другой на его месте, пожалуй, рассудил бы по-хозяйски: добро редкое, волшебное, чего его зря по пустырям раскидывать, лучше уж всё на свой сад извести, чтоб наверняка. Но Сэм думал не о своём саде. Он думал о Шире — о каждой его деревушке, о каждом хоббите, что выглянет поутру из норы и увидит вместо пепелища зелёный росток. Радость, рассуждал он, как семя: чем шире разбросаешь, тем гуще взойдёт. И потому он не пожалел драгоценной земли, деля её на всех, хотя самому досталось меньше всех.

Он обошёл весь Шир, от края до края, не пропуская ни одной деревушки, и всюду, где недобрые люди оставили рану, оставлял щепоть надежды. Хоббиты смотрели на него с недоумением — что это Сэм Скромби бродит с какой-то шкатулкой да сыплет серую землю по пустырям? Но Сэм не объяснял. Он просто делал свою работу, как делал её всегда, — тихо, основательно, с верой, которую не выразишь словами.

А единственное серебряное семечко он приберёг для самого важного места — для Приречья, где когда-то стоял прекраснейший ряд деревьев и где теперь торчали пни. Туда, в середину разорённой рощи, на месте срубленного великана, Сэм и посадил дар Галадриэли. Опустился на колени, выкопал ямку голыми руками, бережно опустил серебряное семя, прикрыл землёй и долго стоял над ним, не зная, надо ли что-то говорить.

— Расти, — сказал он наконец, просто и от всего сердца. — Расти на радость тем, кто придёт после. Я-то, может, и не увижу тебя большим. Да это и неважно. Главное, чтоб ты был.

А потом наступила зима, и Сэму, как и всем, осталось только ждать да надеяться. Что из всего этого выйдет, не знал никто. Но впервые с возвращения домой в сердце садовника жило не горе, а тихое, упрямое ожидание весны.', 'published', '2026-03-27T12:00:00+00:00', '2026-03-27T13:00:00+00:00');
    INSERT INTO chapters (id, story_id, title, content, draft_title, draft_content, status, created_at, updated_at) VALUES (
        '1662f32b-b76c-5981-b3d0-f2d764bba5d0', 'c9f914b9-109c-5b41-ba23-639fccd36de9', 'Весна, которой не ждали', 'Весна пришла в Шир такая, какой не помнили старожилы. Земля, тронутая даром Лотлориэна, словно опомнилась после долгой хвори и принялась наверстывать упущенное с небывалой щедростью. Всё, что Сэм сажал той весной, всходило вдвое скорее и вырастало вдвое прекраснее обычного.

Цветы распускались такие, каких в Шире отродясь не видывали, — крупные, яркие, источавшие тонкий аромат, от которого делалось радостно на душе. Деревья, посаженные взамен срубленных, за одно лето вытянулись так, как иные растут за десять. Засыпанные пруды, куда Сэм бросил по щепоти волшебной земли, наполнились чистой водой, и в них вернулись рыба и водяные лилии. Сады заплодоносили небывало: одно дерево давало столько яблок, что хватало на всю улицу.

Хоббиты, ещё зимой качавшие головами над чудачествами Сэма Скромби, теперь смотрели на него с почтительным изумлением. Это его руки, поняли они, его терпение и его загадочная серая землица вернули Ширу не просто прежний вид — а вид куда краше прежнего. Тот страшный год недобрых людей обернулся не вечной раной, а всего лишь тяжёлой зимой, после которой пришла самая щедрая весна на памяти Шира.

Но самое чудо росло в Приречье. Там, где Сэм посадил единственное серебряное семя, поднялось дерево, какого не было во всём Средиземье к западу от Гор. Стройное, серебристокорое, с листьями, отливавшими золотом, — мэллорн, золотое древо Лотлориэна, единственное на все Западные земли. Весной оно оделось бледно-золотым цветом, и не было в Шире зрелища прекраснее.

Со всех концов края хоббиты приходили в Приречье — посмотреть на диво. Дети играли под его серебряными ветвями. Старики сидели в его золотой тени и рассказывали младшим про страшный год и про то, как один садовник не дал отчаянию победить. А Сэм, виновник всего этого, обыкновенно стоял в сторонке, смущённо теребя шляпу, и не знал, куда деть глаза от похвал.

— Это не я, — повторял он всем, кто приходил его благодарить. — Это владычица Галадриэль, её дар. Я-то всего и сделал, что в землю положил да прикопал. Каждый бы так смог.

Но это была неправда, и хоббиты это знали. Дар можно было извести на пустяки, растратить на один лишь свой сад, спрятать от других. А Сэм разделил его на весь Шир, по щепоти на каждую рану. Чудо сотворила не только земля Лотлориэна. Его сотворило сердце садовника, который думал не о себе.

И, глядя, как под золотым мэллорном смеются дети, Сэм понимал, что обрёл наконец то, за чем, сам того не зная, шёл через весь Мордор и обратно. Не славу. Не покой даже. А простую, тихую радость человека, который своими руками вернул в мир красоту. Ради этого, думал он, и стоило возвращаться домой.',
        'Весна, которой не ждали', 'Весна пришла в Шир такая, какой не помнили старожилы. Земля, тронутая даром Лотлориэна, словно опомнилась после долгой хвори и принялась наверстывать упущенное с небывалой щедростью. Всё, что Сэм сажал той весной, всходило вдвое скорее и вырастало вдвое прекраснее обычного.

Цветы распускались такие, каких в Шире отродясь не видывали, — крупные, яркие, источавшие тонкий аромат, от которого делалось радостно на душе. Деревья, посаженные взамен срубленных, за одно лето вытянулись так, как иные растут за десять. Засыпанные пруды, куда Сэм бросил по щепоти волшебной земли, наполнились чистой водой, и в них вернулись рыба и водяные лилии. Сады заплодоносили небывало: одно дерево давало столько яблок, что хватало на всю улицу.

Хоббиты, ещё зимой качавшие головами над чудачествами Сэма Скромби, теперь смотрели на него с почтительным изумлением. Это его руки, поняли они, его терпение и его загадочная серая землица вернули Ширу не просто прежний вид — а вид куда краше прежнего. Тот страшный год недобрых людей обернулся не вечной раной, а всего лишь тяжёлой зимой, после которой пришла самая щедрая весна на памяти Шира.

Но самое чудо росло в Приречье. Там, где Сэм посадил единственное серебряное семя, поднялось дерево, какого не было во всём Средиземье к западу от Гор. Стройное, серебристокорое, с листьями, отливавшими золотом, — мэллорн, золотое древо Лотлориэна, единственное на все Западные земли. Весной оно оделось бледно-золотым цветом, и не было в Шире зрелища прекраснее.

Со всех концов края хоббиты приходили в Приречье — посмотреть на диво. Дети играли под его серебряными ветвями. Старики сидели в его золотой тени и рассказывали младшим про страшный год и про то, как один садовник не дал отчаянию победить. А Сэм, виновник всего этого, обыкновенно стоял в сторонке, смущённо теребя шляпу, и не знал, куда деть глаза от похвал.

— Это не я, — повторял он всем, кто приходил его благодарить. — Это владычица Галадриэль, её дар. Я-то всего и сделал, что в землю положил да прикопал. Каждый бы так смог.

Но это была неправда, и хоббиты это знали. Дар можно было извести на пустяки, растратить на один лишь свой сад, спрятать от других. А Сэм разделил его на весь Шир, по щепоти на каждую рану. Чудо сотворила не только земля Лотлориэна. Его сотворило сердце садовника, который думал не о себе.

И, глядя, как под золотым мэллорном смеются дети, Сэм понимал, что обрёл наконец то, за чем, сам того не зная, шёл через весь Мордор и обратно. Не славу. Не покой даже. А простую, тихую радость человека, который своими руками вернул в мир красоту. Ради этого, думал он, и стоило возвращаться домой.', 'published', '2026-03-28T12:00:00+00:00', '2026-03-28T13:00:00+00:00');

    -- [14] Песнь о двух деревьях (lord-of-the-rings)
    INSERT INTO stories (id, slug, title, status, author_id, ai_summary, created_at, updated_at) VALUES (
        'c529dc1e-878e-56f9-9caa-698addcf1cd4', 'lotr-pesn-o-dvuh-derevyah', 'Песнь о двух деревьях', 'published', v_author_id, 'Юная эльфийка, хранительница садов в потаённой долине, должна решить: уплыть с сородичами за Море, оставив всё, что любит, — или остаться и угаснуть вместе с тем, что хранит.',
        '2026-03-24T12:00:00+00:00', '2026-05-06T09:00:00+00:00');
    INSERT INTO story_tags (story_id, tag_id) VALUES ('c529dc1e-878e-56f9-9caa-698addcf1cd4', '10000001-0001-4001-8001-000000000003');
    INSERT INTO story_tags (story_id, tag_id) VALUES ('c529dc1e-878e-56f9-9caa-698addcf1cd4', '10000004-0004-4004-8004-000000000001');
    INSERT INTO story_tags (story_id, tag_id) VALUES ('c529dc1e-878e-56f9-9caa-698addcf1cd4', '10000005-0005-4005-8005-000000000003');
    INSERT INTO story_tags (story_id, tag_id) VALUES ('c529dc1e-878e-56f9-9caa-698addcf1cd4', '10000006-0006-4006-8006-000000000001');
    INSERT INTO story_tags (story_id, tag_id) VALUES ('c529dc1e-878e-56f9-9caa-698addcf1cd4', '10000002-0002-4002-8002-000000000005');
    INSERT INTO story_tags (story_id, tag_id) VALUES ('c529dc1e-878e-56f9-9caa-698addcf1cd4', '10000002-0002-4002-8002-000000000001');
    INSERT INTO chapters (id, story_id, title, content, draft_title, draft_content, status, created_at, updated_at) VALUES (
        'e33e2bda-4cfd-5ea4-979e-bb39e7b3bf78', 'c529dc1e-878e-56f9-9caa-698addcf1cd4', 'Хранительница садов', 'Нэрвен была младшей из эльфов потаённой долины Имлад-Гален и единственной, кто родился уже здесь, в этих краях, а не помнил иных земель и иных веков. Старшие сородичи застали ещё свет древних дерев и расцвет эльфийских королевств; Нэрвен же знала лишь эту тихую долину, укрытую от мира туманами и древней магией, — и любила её всем сердцем, как любят единственный дом.

Она была хранительницей садов. Это звучало скромнее, чем титулы воинов и звездочётов, но в Имлад-Гален это дело почитали высоким. Ибо сады долины были не простыми. В них росли цветы, что цвели со времён, когда мир был молод; деревья, помнившие песни Перворождённых; травы, чей аромат пробуждал в сердце память о вещах, которых ты никогда не видел. Хранить всё это, поддерживать угасающую древнюю жизнь — вот в чём состоял труд Нэрвен, и она отдавала ему дни и ночи.

Но мир менялся, и даже за туманами Имлад-Гален это чувствовалось всё сильнее. Эпоха эльфов клонилась к закату. Кольца Власти теряли силу, и вместе с ними угасало волшебство, что хранило долину вне течения времени. Старшие эльфы говорили об этом всё чаще — тихо, с печалью, — и в их речах звучало одно слово, от которого у Нэрвен сжималось сердце: Море. Время уплыть на Запад, в Бессмертные земли, приближалось.

Нэрвен знала, что однажды этот день настанет. Но знать — одно, а услышать решение вслух — совсем другое. И когда владыка долины созвал всех и объявил, что с первым осенним полнолунием эльфы Имлад-Гален покинут эти земли навсегда, чтобы уйти за Море, Нэрвен впервые в жизни почувствовала, что значит — разрываться надвое.

Ибо за Морем, в Бессмертных землях, её ждал свет, вечность и покой, какого не сыскать в умирающем Средиземье. Так говорили старшие, и она им верила. Но за Морем не было её садов. Не было древних дерев, которые она хранила всю свою недолгую жизнь. Не было этой долины, единственного дома, что она знала. Уплыть — значило обрести вечность ценой всего, что она любила.

Той ночью Нэрвен не пошла в чертоги, где сородичи пели прощальные песни и готовились в путь. Она ушла в сад — в самое его сердце, где росли два дерева, посаженные ею самой в первые годы её жизни. Серебряное и золотое, они стояли рядом, переплетясь ветвями, и были ей дороже всех сокровищ долины. Нэрвен опустилась меж ними на траву и подняла глаза к звёздам, ища ответ, которого не было.

Уйти и угаснуть от тоски в вечном свете? Или остаться и угаснуть вместе с долиной, когда последняя магия покинет её? Юная эльфийка сидела меж двух своих дерев, меж двух своих судеб, и впервые в долгой эльфийской жизни не знала, какую песню петь дальше.',
        'Хранительница садов', 'Нэрвен была младшей из эльфов потаённой долины Имлад-Гален и единственной, кто родился уже здесь, в этих краях, а не помнил иных земель и иных веков. Старшие сородичи застали ещё свет древних дерев и расцвет эльфийских королевств; Нэрвен же знала лишь эту тихую долину, укрытую от мира туманами и древней магией, — и любила её всем сердцем, как любят единственный дом.

Она была хранительницей садов. Это звучало скромнее, чем титулы воинов и звездочётов, но в Имлад-Гален это дело почитали высоким. Ибо сады долины были не простыми. В них росли цветы, что цвели со времён, когда мир был молод; деревья, помнившие песни Перворождённых; травы, чей аромат пробуждал в сердце память о вещах, которых ты никогда не видел. Хранить всё это, поддерживать угасающую древнюю жизнь — вот в чём состоял труд Нэрвен, и она отдавала ему дни и ночи.

Но мир менялся, и даже за туманами Имлад-Гален это чувствовалось всё сильнее. Эпоха эльфов клонилась к закату. Кольца Власти теряли силу, и вместе с ними угасало волшебство, что хранило долину вне течения времени. Старшие эльфы говорили об этом всё чаще — тихо, с печалью, — и в их речах звучало одно слово, от которого у Нэрвен сжималось сердце: Море. Время уплыть на Запад, в Бессмертные земли, приближалось.

Нэрвен знала, что однажды этот день настанет. Но знать — одно, а услышать решение вслух — совсем другое. И когда владыка долины созвал всех и объявил, что с первым осенним полнолунием эльфы Имлад-Гален покинут эти земли навсегда, чтобы уйти за Море, Нэрвен впервые в жизни почувствовала, что значит — разрываться надвое.

Ибо за Морем, в Бессмертных землях, её ждал свет, вечность и покой, какого не сыскать в умирающем Средиземье. Так говорили старшие, и она им верила. Но за Морем не было её садов. Не было древних дерев, которые она хранила всю свою недолгую жизнь. Не было этой долины, единственного дома, что она знала. Уплыть — значило обрести вечность ценой всего, что она любила.

Той ночью Нэрвен не пошла в чертоги, где сородичи пели прощальные песни и готовились в путь. Она ушла в сад — в самое его сердце, где росли два дерева, посаженные ею самой в первые годы её жизни. Серебряное и золотое, они стояли рядом, переплетясь ветвями, и были ей дороже всех сокровищ долины. Нэрвен опустилась меж ними на траву и подняла глаза к звёздам, ища ответ, которого не было.

Уйти и угаснуть от тоски в вечном свете? Или остаться и угаснуть вместе с долиной, когда последняя магия покинет её? Юная эльфийка сидела меж двух своих дерев, меж двух своих судеб, и впервые в долгой эльфийской жизни не знала, какую песню петь дальше.', 'published', '2026-03-24T12:00:00+00:00', '2026-03-24T13:00:00+00:00');
    INSERT INTO chapters (id, story_id, title, content, draft_title, draft_content, status, created_at, updated_at) VALUES (
        'b7fda22b-0227-5c88-abcb-773daf0ad5f5', 'c529dc1e-878e-56f9-9caa-698addcf1cd4', 'Голос старшего', 'Её нашёл Маэглор — старейший эльф долины, тот, кто помнил ещё свет Двух Древ Валинора, сиявших до того, как мир изменился. Он опустился рядом с Нэрвен под переплетёнными ветвями, и долго оба молчали, слушая, как ветер перебирает серебряные и золотые листья.

— Ты не пришла к прощальным песням, дитя, — сказал он наконец. — Сердце твоё в смятении. Я вижу.

— Я не знаю, что выбрать, Маэглор, — призналась Нэрвен. — Все говорят о Море, как о доме. Но мой дом здесь. Эти деревья — я сажала их сама. Эти сады — я хранила их всю жизнь. Как же я уплыву и оставлю их угасать в одиночестве? И как останусь, зная, что долина обречена, а сородичи мои — далеко за Морем?

Старый эльф помолчал, перебирая в пальцах опавший золотой лист.

Нэрвен смотрела на него и думала о том, как много он повидал. Маэглор был стар даже по меркам эльфов — он застал века, о которых младшие знали лишь из песен. В его глазах, светлых и спокойных, лежала такая глубина прожитого, что рядом с ней любая скорбь Нэрвен казалась мелкой, как рябь на воде против бездны морской. И всё же он не отмахнулся от её смятения, не назвал его пустяком. Он сел рядом, под её деревьями, как равный, — и от одного этого юной хранительнице стало чуть легче дышать.

— Я расскажу тебе то, чего ты не знаешь, ибо родилась слишком поздно, — сказал он. — Я видел гибель Двух Древ Валинора. Видел, как угас свет, прекраснее которого не было и не будет в мире. Тогда мне казалось, что с этим светом кончилось всё. Что красота ушла из мира навсегда и впереди — лишь тьма.

— И что же? — тихо спросила Нэрвен.

— А то, что я ошибался, — мягко улыбнулся Маэглор. — Из последнего цвета Древ создали Солнце и Луну. Свет, который я считал погибшим, не исчез — он переменился и поныне сияет над миром, над всеми его землями. Вот чему научила меня та древняя скорбь, дитя: ничто истинно прекрасное не гибнет до конца. Оно лишь меняет облик. Уходит в одном месте, чтобы взойти в другом.

Нэрвен слушала, и в груди её что-то медленно сдвигалось.

— Ты думаешь, я должна уплыть, — сказала она. — Оставить сады.

— Я не сказал этого, — покачал головой старый эльф. — Выбор твой, и только твой. Я лишь говорю: не думай, будто красота, которую ты хранишь, погибнет, если ты выберешь одно или другое. Красота не так хрупка, как тебе кажется в твоей юной скорби. Подумай не о том, где будешь ты. Подумай о том, где сможет жить дальше то, что ты любишь. И тогда, быть может, выбор откроется тебе сам.

Он поднялся, легко, как умеют только эльфы, и оставил Нэрвен наедине с её деревьями и его словами. А она сидела, глядя на серебряные и золотые листья, и думала о свете Древ, что не погиб, а взошёл Солнцем и Луной. И мало-помалу в смятённом её сердце начинал брезжить ответ — пока ещё смутный, как рассвет за дальними горами.',
        'Голос старшего', 'Её нашёл Маэглор — старейший эльф долины, тот, кто помнил ещё свет Двух Древ Валинора, сиявших до того, как мир изменился. Он опустился рядом с Нэрвен под переплетёнными ветвями, и долго оба молчали, слушая, как ветер перебирает серебряные и золотые листья.

— Ты не пришла к прощальным песням, дитя, — сказал он наконец. — Сердце твоё в смятении. Я вижу.

— Я не знаю, что выбрать, Маэглор, — призналась Нэрвен. — Все говорят о Море, как о доме. Но мой дом здесь. Эти деревья — я сажала их сама. Эти сады — я хранила их всю жизнь. Как же я уплыву и оставлю их угасать в одиночестве? И как останусь, зная, что долина обречена, а сородичи мои — далеко за Морем?

Старый эльф помолчал, перебирая в пальцах опавший золотой лист.

Нэрвен смотрела на него и думала о том, как много он повидал. Маэглор был стар даже по меркам эльфов — он застал века, о которых младшие знали лишь из песен. В его глазах, светлых и спокойных, лежала такая глубина прожитого, что рядом с ней любая скорбь Нэрвен казалась мелкой, как рябь на воде против бездны морской. И всё же он не отмахнулся от её смятения, не назвал его пустяком. Он сел рядом, под её деревьями, как равный, — и от одного этого юной хранительнице стало чуть легче дышать.

— Я расскажу тебе то, чего ты не знаешь, ибо родилась слишком поздно, — сказал он. — Я видел гибель Двух Древ Валинора. Видел, как угас свет, прекраснее которого не было и не будет в мире. Тогда мне казалось, что с этим светом кончилось всё. Что красота ушла из мира навсегда и впереди — лишь тьма.

— И что же? — тихо спросила Нэрвен.

— А то, что я ошибался, — мягко улыбнулся Маэглор. — Из последнего цвета Древ создали Солнце и Луну. Свет, который я считал погибшим, не исчез — он переменился и поныне сияет над миром, над всеми его землями. Вот чему научила меня та древняя скорбь, дитя: ничто истинно прекрасное не гибнет до конца. Оно лишь меняет облик. Уходит в одном месте, чтобы взойти в другом.

Нэрвен слушала, и в груди её что-то медленно сдвигалось.

— Ты думаешь, я должна уплыть, — сказала она. — Оставить сады.

— Я не сказал этого, — покачал головой старый эльф. — Выбор твой, и только твой. Я лишь говорю: не думай, будто красота, которую ты хранишь, погибнет, если ты выберешь одно или другое. Красота не так хрупка, как тебе кажется в твоей юной скорби. Подумай не о том, где будешь ты. Подумай о том, где сможет жить дальше то, что ты любишь. И тогда, быть может, выбор откроется тебе сам.

Он поднялся, легко, как умеют только эльфы, и оставил Нэрвен наедине с её деревьями и его словами. А она сидела, глядя на серебряные и золотые листья, и думала о свете Древ, что не погиб, а взошёл Солнцем и Луной. И мало-помалу в смятённом её сердце начинал брезжить ответ — пока ещё смутный, как рассвет за дальними горами.', 'published', '2026-03-25T12:00:00+00:00', '2026-03-25T13:00:00+00:00');
    INSERT INTO chapters (id, story_id, title, content, draft_title, draft_content, status, created_at, updated_at) VALUES (
        'de2e3389-608b-570a-aa39-233efae28b50', 'c529dc1e-878e-56f9-9caa-698addcf1cd4', 'Семена за Море', 'Решение пришло к Нэрвен на рассвете, и было оно не таким, какого ждали и старшие, и она сама. Она не выбрала ни уплыть, бросив сады, ни остаться, угасая с долиной. Она нашла третий путь — тот, что подсказали ей слова Маэглора о свете, который не гибнет, а меняет облик.

Нэрвен поняла: ей не нужно выбирать между долиной и Морем. Нужно перенести то, что она любит, туда, где оно сможет жить дальше. Сады Имлад-Гален обречены угаснуть, когда уйдёт последняя магия. Но их можно не похоронить, а пересадить — за Море, в Бессмертные земли, где древняя жизнь не вянет вовек.

Всю последнюю неделю перед отплытием она работала не покладая рук. Бережно собирала семена древних цветов, что цвели со времён юности мира. Срезала черенки с деревьев, помнивших песни Перворождённых. Выкапывала с комом родной земли самые драгоценные травы. Она готовила не корабль с сокровищами — она готовила в дорогу саму душу долины, укладывая её в лёгкие свёртки и берестяные коробы, чтобы увезти за Море и там возродить.

А труднее всего было с двумя деревьями — серебряным и золотым, теми, что она посадила в детстве. Перевезти их целиком было нельзя. И тогда Нэрвен сделала то, что под силу лишь хранителю, любящему свой сад больше себя: она собрала с них семена, до последнего, и бережно завернула в листья мэллорна. Сами деревья останутся здесь и угаснут вместе с долиной. Но их дети уплывут за Море и поднимутся вновь под немеркнущими звёздами Запада.

В ночь прощания Нэрвен в последний раз пришла к двум своим деревьям. Она обняла серебряный ствол, прижалась щекой к золотой коре и долго стояла так, прощаясь.

Под ладонями она чувствовала тепло живой коры — то самое тепло, что было ей знакомо с первых лет жизни, когда она, совсем юная, опускала в эту землю два хрупких ростка и не верила, что они приживутся. А они прижились, поднялись, переплелись ветвями и стали ей дороже всего на свете. Теперь предстояло оставить их умирать вместе с долиной — и не было в её жизни решения тяжелее. Но Нэрвен держала в свёртке их семена, у самого сердца, и знала, что прощается не насовсем. Это придавало ей сил не разрыдаться в голос.

— Я не бросаю вас, — прошептала она. — Я увожу с собой самое главное в вас. Ваши дети будут расти там, где ничто не вянет. И, может быть, через века кто-нибудь будет сидеть под золотым деревом за Морем и не узнает, что оно родом отсюда, из маленькой долины, которой давно нет на свете. Но оно будет жить. И значит, и вы будете жить — в нём.

Деревья качнули ветвями, словно поняли и простились в ответ. А Нэрвен утёрла слёзы, взяла свёртки с семенами древней жизни и пошла к кораблю — не с пустыми руками беженки, а с грузом надежды, который один лишь садовник и умеет ценить по достоинству.',
        'Семена за Море', 'Решение пришло к Нэрвен на рассвете, и было оно не таким, какого ждали и старшие, и она сама. Она не выбрала ни уплыть, бросив сады, ни остаться, угасая с долиной. Она нашла третий путь — тот, что подсказали ей слова Маэглора о свете, который не гибнет, а меняет облик.

Нэрвен поняла: ей не нужно выбирать между долиной и Морем. Нужно перенести то, что она любит, туда, где оно сможет жить дальше. Сады Имлад-Гален обречены угаснуть, когда уйдёт последняя магия. Но их можно не похоронить, а пересадить — за Море, в Бессмертные земли, где древняя жизнь не вянет вовек.

Всю последнюю неделю перед отплытием она работала не покладая рук. Бережно собирала семена древних цветов, что цвели со времён юности мира. Срезала черенки с деревьев, помнивших песни Перворождённых. Выкапывала с комом родной земли самые драгоценные травы. Она готовила не корабль с сокровищами — она готовила в дорогу саму душу долины, укладывая её в лёгкие свёртки и берестяные коробы, чтобы увезти за Море и там возродить.

А труднее всего было с двумя деревьями — серебряным и золотым, теми, что она посадила в детстве. Перевезти их целиком было нельзя. И тогда Нэрвен сделала то, что под силу лишь хранителю, любящему свой сад больше себя: она собрала с них семена, до последнего, и бережно завернула в листья мэллорна. Сами деревья останутся здесь и угаснут вместе с долиной. Но их дети уплывут за Море и поднимутся вновь под немеркнущими звёздами Запада.

В ночь прощания Нэрвен в последний раз пришла к двум своим деревьям. Она обняла серебряный ствол, прижалась щекой к золотой коре и долго стояла так, прощаясь.

Под ладонями она чувствовала тепло живой коры — то самое тепло, что было ей знакомо с первых лет жизни, когда она, совсем юная, опускала в эту землю два хрупких ростка и не верила, что они приживутся. А они прижились, поднялись, переплелись ветвями и стали ей дороже всего на свете. Теперь предстояло оставить их умирать вместе с долиной — и не было в её жизни решения тяжелее. Но Нэрвен держала в свёртке их семена, у самого сердца, и знала, что прощается не насовсем. Это придавало ей сил не разрыдаться в голос.

— Я не бросаю вас, — прошептала она. — Я увожу с собой самое главное в вас. Ваши дети будут расти там, где ничто не вянет. И, может быть, через века кто-нибудь будет сидеть под золотым деревом за Морем и не узнает, что оно родом отсюда, из маленькой долины, которой давно нет на свете. Но оно будет жить. И значит, и вы будете жить — в нём.

Деревья качнули ветвями, словно поняли и простились в ответ. А Нэрвен утёрла слёзы, взяла свёртки с семенами древней жизни и пошла к кораблю — не с пустыми руками беженки, а с грузом надежды, который один лишь садовник и умеет ценить по достоинству.', 'published', '2026-03-26T12:00:00+00:00', '2026-03-26T13:00:00+00:00');
    INSERT INTO chapters (id, story_id, title, content, draft_title, draft_content, status, created_at, updated_at) VALUES (
        'fea2d75f-0288-5d01-90af-ea7250bafd80', 'c529dc1e-878e-56f9-9caa-698addcf1cd4', 'Свет, что не гаснет', 'Корабль отплыл с первым осенним полнолунием. Эльфы Имлад-Гален стояли на палубе, глядя, как тает за кормой берег Средиземья, и пели — тихо, печально, прощаясь с землями, где прошли тысячи их лет. Нэрвен стояла среди них, прижимая к груди свёртки с семенами, и не отрывала глаз от исчезающего во тьме берега, где осталась её долина и её два дерева.

Сердце её разрывалось — она не пыталась это скрыть. Но впервые за долгие дни в нём не было прежнего отчаяния. Потому что она увозила с собой не память о погибшем, а семя будущего. Скорбь и надежда уживались в ней рядом, как серебряное и золотое деревья, переплётшиеся ветвями, — и Нэрвен понимала теперь, что так оно и должно быть. Что в этом, должно быть, и состоит мудрость старших, которой ей так не хватало.

Маэглор нашёл её на палубе и встал рядом, глядя на лунную дорожку, бегущую по тёмной воде на Запад.

— Ты выбрала хорошо, дитя, — сказал он. — Лучше, чем выбрал бы я в твои годы. Ты не стала спорить с уходящей эпохой и не дала ей всё забрать. Ты взяла из неё семя и понесла дальше. Так поступает мудрый садовник. И так, по правде, поступает сама жизнь.

— Я долго не понимала твоих слов о свете Древ, — ответила Нэрвен. — А теперь, кажется, поняла. Свет не погиб, когда угасли Древа. Он стал Солнцем и Луной. И мои деревья не погибнут, когда угаснет долина. Они станут садами за Морем. Ничто истинно прекрасное не гибнет до конца.

— Оно лишь меняет облик, — закончил за неё старый эльф, и оба улыбнулись.

Прошли годы — а для эльфов годы как дни. И в Бессмертных землях, в садах за Морем, поднялись два дерева, серебряное и золотое, переплётшиеся ветвями, — выросшие из семян, что юная хранительница увезла из маленькой долины, которой давно нет на картах Средиземья. Под ними растут цветы, что цвели со времён юности мира, и травы, чей аромат будит память о вещах, которых ты никогда не видел.

А Нэрвен, уже не юная, но всё такая же светлая, хранит эти сады — как хранила те, первые. И когда кто-нибудь из молодых эльфов, родившихся уже здесь, за Морем, спрашивает её, откуда взялись эти дивные деревья, она улыбается и рассказывает им песнь о двух деревьях — о долине в тумане, о свете, что не гаснет, и о том, что любовь садовника сильнее даже конца целой эпохи. И они слушают, не зная, что сидят в тени той самой долины, которую она увезла с собой через Море — в горстке семян и в верном сердце.',
        'Свет, что не гаснет', 'Корабль отплыл с первым осенним полнолунием. Эльфы Имлад-Гален стояли на палубе, глядя, как тает за кормой берег Средиземья, и пели — тихо, печально, прощаясь с землями, где прошли тысячи их лет. Нэрвен стояла среди них, прижимая к груди свёртки с семенами, и не отрывала глаз от исчезающего во тьме берега, где осталась её долина и её два дерева.

Сердце её разрывалось — она не пыталась это скрыть. Но впервые за долгие дни в нём не было прежнего отчаяния. Потому что она увозила с собой не память о погибшем, а семя будущего. Скорбь и надежда уживались в ней рядом, как серебряное и золотое деревья, переплётшиеся ветвями, — и Нэрвен понимала теперь, что так оно и должно быть. Что в этом, должно быть, и состоит мудрость старших, которой ей так не хватало.

Маэглор нашёл её на палубе и встал рядом, глядя на лунную дорожку, бегущую по тёмной воде на Запад.

— Ты выбрала хорошо, дитя, — сказал он. — Лучше, чем выбрал бы я в твои годы. Ты не стала спорить с уходящей эпохой и не дала ей всё забрать. Ты взяла из неё семя и понесла дальше. Так поступает мудрый садовник. И так, по правде, поступает сама жизнь.

— Я долго не понимала твоих слов о свете Древ, — ответила Нэрвен. — А теперь, кажется, поняла. Свет не погиб, когда угасли Древа. Он стал Солнцем и Луной. И мои деревья не погибнут, когда угаснет долина. Они станут садами за Морем. Ничто истинно прекрасное не гибнет до конца.

— Оно лишь меняет облик, — закончил за неё старый эльф, и оба улыбнулись.

Прошли годы — а для эльфов годы как дни. И в Бессмертных землях, в садах за Морем, поднялись два дерева, серебряное и золотое, переплётшиеся ветвями, — выросшие из семян, что юная хранительница увезла из маленькой долины, которой давно нет на картах Средиземья. Под ними растут цветы, что цвели со времён юности мира, и травы, чей аромат будит память о вещах, которых ты никогда не видел.

А Нэрвен, уже не юная, но всё такая же светлая, хранит эти сады — как хранила те, первые. И когда кто-нибудь из молодых эльфов, родившихся уже здесь, за Морем, спрашивает её, откуда взялись эти дивные деревья, она улыбается и рассказывает им песнь о двух деревьях — о долине в тумане, о свете, что не гаснет, и о том, что любовь садовника сильнее даже конца целой эпохи. И они слушают, не зная, что сидят в тени той самой долины, которую она увезла с собой через Море — в горстке семян и в верном сердце.', 'published', '2026-03-27T12:00:00+00:00', '2026-03-27T13:00:00+00:00');

    -- [15] Гном и звёздная карта (lord-of-the-rings)
    INSERT INTO stories (id, slug, title, status, author_id, ai_summary, created_at, updated_at) VALUES (
        'b4984ed5-b404-5fe3-a449-ab50890841ac', 'lotr-gnom-i-zvyozdnaya-karta', 'Гном и звёздная карта', 'published', v_author_id, 'Упрямый гном-картограф уверен, что под горами спрятан утраченный чертог его предков. Все смеются над его картой — все, кроме одного любопытного хоббита и одной очень старой загадки.',
        '2026-03-22T12:00:00+00:00', '2026-05-05T08:00:00+00:00');
    INSERT INTO story_tags (story_id, tag_id) VALUES ('b4984ed5-b404-5fe3-a449-ab50890841ac', '10000001-0001-4001-8001-000000000003');
    INSERT INTO story_tags (story_id, tag_id) VALUES ('b4984ed5-b404-5fe3-a449-ab50890841ac', '10000004-0004-4004-8004-000000000001');
    INSERT INTO story_tags (story_id, tag_id) VALUES ('b4984ed5-b404-5fe3-a449-ab50890841ac', '10000005-0005-4005-8005-000000000003');
    INSERT INTO story_tags (story_id, tag_id) VALUES ('b4984ed5-b404-5fe3-a449-ab50890841ac', '10000006-0006-4006-8006-000000000002');
    INSERT INTO story_tags (story_id, tag_id) VALUES ('b4984ed5-b404-5fe3-a449-ab50890841ac', '10000002-0002-4002-8002-000000000006');
    INSERT INTO story_tags (story_id, tag_id) VALUES ('b4984ed5-b404-5fe3-a449-ab50890841ac', '10000002-0002-4002-8002-000000000002');
    INSERT INTO chapters (id, story_id, title, content, draft_title, draft_content, status, created_at, updated_at) VALUES (
        '3c61a2e7-5b8f-53bd-8400-594100846406', 'b4984ed5-b404-5fe3-a449-ab50890841ac', 'Карта, над которой смеялись', 'Двалин, сын Дворри, был, мягко говоря, не самым уважаемым гномом в своём роду. И всё из-за карты. Точнее, из-за упрямства, с каким он в неё верил, не слушая ни насмешек, ни увещеваний почтенных родичей.

Карта досталась ему от деда, а тому — от его деда, и так в глубь времён, что и не сосчитать. Была она нарисована на куске потемневшей от старости кожи и изображала не горы и не подземелья, как подобает порядочной гномьей карте, а звёзды. Россыпь созвездий, аккуратно выведенных серебряной краской, с непонятными значками и древними рунами по краям. И гласило предание, что карта эта указывает путь к Кхазад-думрозу — утраченному чертогу, который основали и покинули предки рода ещё в незапамятные времена, унеся с собой великое сокровище.

Беда была в том, что никто, кроме Двалина, в Кхазад-думроз не верил. Старейшины рода считали чертог сказкой для малых детей. «Звёздная карта! — фыркали они в бороды. — Видано ли, чтоб гном искал дорогу под землю, глядя в небо? Дорогу под землю ищут под землёй, молодой осёл, а не задрав голову к звёздам, как полоумный эльф!»

Двалин злился, спорил, доказывал — и всё без толку. Над ним смеялись на пирах, его вышучивали в кузнях. Гном-картограф, который чертит карты не подземелий, а небес, стал в роду притчей во языцех. И в конце концов, устав от насмешек, Двалин собрал котомку, сунул за пазуху драгоценную кожаную карту, вскинул на плечо кирку и ушёл из родных чертогов — искать Кхазад-думроз в одиночку, раз уж никто не желал искать его вместе.

Путь его лежал на запад, через земли, населённые невысоким и хлопотливым народцем — хоббитами. Двалин не очень-то жаловал чужаков, но дорога была дорогой, а к вечеру первого дня в чужом краю заморосил дождь, и гном, ворча в бороду, постучался в первую попавшуюся круглую дверь, чтобы попроситься на ночлег.

Дверь открыл хоббит — молодой, любопытный, с чернильными пятнами на пальцах, выдававшими в нём редкого среди этого народа любителя книг. Звали его Перегрин Грифель, и он, к удивлению Двалина, ничуть не испугался хмурого гнома на пороге, а, напротив, обрадовался так, словно всю жизнь мечтал о госте с киркой.

— Гном! — воскликнул он. — Настоящий гном! Заходите, заходите скорее, обсохните у очага! Я столько читал про ваш народ, но живого гнома вижу впервые. У вас, верно, пропасть удивительных историй? А что это у вас за кожаный свиток торчит из-за пазухи? Похоже на карту! Вы кладоискатель? Ой, простите, я заболтал вас на пороге.

Двалин, привыкший к насмешкам, опешил от такого искреннего радушия. И, переступая порог тёплой хоббичьей норы, впервые за долгое время подумал, что, может быть, не так уж одинок в своём чудачестве.',
        'Карта, над которой смеялись', 'Двалин, сын Дворри, был, мягко говоря, не самым уважаемым гномом в своём роду. И всё из-за карты. Точнее, из-за упрямства, с каким он в неё верил, не слушая ни насмешек, ни увещеваний почтенных родичей.

Карта досталась ему от деда, а тому — от его деда, и так в глубь времён, что и не сосчитать. Была она нарисована на куске потемневшей от старости кожи и изображала не горы и не подземелья, как подобает порядочной гномьей карте, а звёзды. Россыпь созвездий, аккуратно выведенных серебряной краской, с непонятными значками и древними рунами по краям. И гласило предание, что карта эта указывает путь к Кхазад-думрозу — утраченному чертогу, который основали и покинули предки рода ещё в незапамятные времена, унеся с собой великое сокровище.

Беда была в том, что никто, кроме Двалина, в Кхазад-думроз не верил. Старейшины рода считали чертог сказкой для малых детей. «Звёздная карта! — фыркали они в бороды. — Видано ли, чтоб гном искал дорогу под землю, глядя в небо? Дорогу под землю ищут под землёй, молодой осёл, а не задрав голову к звёздам, как полоумный эльф!»

Двалин злился, спорил, доказывал — и всё без толку. Над ним смеялись на пирах, его вышучивали в кузнях. Гном-картограф, который чертит карты не подземелий, а небес, стал в роду притчей во языцех. И в конце концов, устав от насмешек, Двалин собрал котомку, сунул за пазуху драгоценную кожаную карту, вскинул на плечо кирку и ушёл из родных чертогов — искать Кхазад-думроз в одиночку, раз уж никто не желал искать его вместе.

Путь его лежал на запад, через земли, населённые невысоким и хлопотливым народцем — хоббитами. Двалин не очень-то жаловал чужаков, но дорога была дорогой, а к вечеру первого дня в чужом краю заморосил дождь, и гном, ворча в бороду, постучался в первую попавшуюся круглую дверь, чтобы попроситься на ночлег.

Дверь открыл хоббит — молодой, любопытный, с чернильными пятнами на пальцах, выдававшими в нём редкого среди этого народа любителя книг. Звали его Перегрин Грифель, и он, к удивлению Двалина, ничуть не испугался хмурого гнома на пороге, а, напротив, обрадовался так, словно всю жизнь мечтал о госте с киркой.

— Гном! — воскликнул он. — Настоящий гном! Заходите, заходите скорее, обсохните у очага! Я столько читал про ваш народ, но живого гнома вижу впервые. У вас, верно, пропасть удивительных историй? А что это у вас за кожаный свиток торчит из-за пазухи? Похоже на карту! Вы кладоискатель? Ой, простите, я заболтал вас на пороге.

Двалин, привыкший к насмешкам, опешил от такого искреннего радушия. И, переступая порог тёплой хоббичьей норы, впервые за долгое время подумал, что, может быть, не так уж одинок в своём чудачестве.', 'published', '2026-03-22T12:00:00+00:00', '2026-03-22T13:00:00+00:00');
    INSERT INTO chapters (id, story_id, title, content, draft_title, draft_content, status, created_at, updated_at) VALUES (
        '107af7b1-fe8d-5063-bcd9-41f4b9bb7381', 'b4984ed5-b404-5fe3-a449-ab50890841ac', 'Хоббит, который поверил', 'За ужином — а ужин у хоббитов, даже у книжников, был делом основательным — Двалин, разомлев от тепла и сытости, рассказал Перегрину всё. И про карту, и про утраченный чертог, и про насмешки родни. Он ждал, что хоббит, как и все, начнёт хихикать над звёздной картой, ведущей под землю. Но случилось обратное.

Перегрин слушал, затаив дыхание, а когда Двалин закончил, попросил позволения взглянуть на карту — да так бережно, так уважительно, что гном не смог отказать. Хоббит разложил древнюю кожу на столе, придвинул свечу и склонился над созвездиями, разглядывая каждый значок.

— Но это же замечательно! — выдохнул он наконец. — Господин Двалин, да ведь ваши родичи просто ничего не поняли! Они смеялись, потому что думали, будто карта показывает дорогу по звёздам, как мореходы плывут. А она вовсе не про это!

— А про что же? — буркнул Двалин, хотя сердце у него ёкнуло.

— Смотрите! — Перегрин ткнул чернильным пальцем в россыпь серебряных точек. — Эти звёзды расположены не как на небе. Я знаю небо, я ночами его зарисовываю. А тут созвездия искажены, понимаете? Будто кто-то нарочно сдвинул их. Зачем сдвигать звёзды? Незачем — если это карта неба. Но если это вовсе не небо... если это план пещеры, где каждая «звезда» — это отметка, скажем, кристалл в своде или светящийся камень... тогда искажение — это просто перспектива! Это вид снизу вверх, с пола огромного чертога, на его потолок!

Двалин замер с куском хлеба в руке. За сто лет, что он вглядывался в эту карту, такая простая мысль ни разу не пришла ему в голову. Гномы искали в ней дорогу. А это была не дорога. Это был портрет. Портрет потолка Кхазад-думроза, усыпанного звёздами-кристаллами, — чтобы тот, кто однажды войдёт в верный чертог, поднял глаза и узнал его по узору над головой.

— Ах ты ж борода Дурина, — пробормотал гном, и голос его дрогнул. — Сто лет... сто лет мы держали её не так, как надо. Не дорогу искали — а потолок! Малыш, да ты хоть понимаешь, что ты сейчас сделал?

— Не совсем, — честно признался Перегрин, сияя. — Но звучит ужасно увлекательно! А значит ли это, что мы можем найти ваш чертог? Если, конечно, отыщем пещеру с таким же узором на потолке?

— «Мы»? — переспросил Двалин, подняв кустистую бровь.

Хоббит смутился, но глаз не отвёл.

— Ну, я подумал... вам ведь нужен кто-то, кто умеет читать звёзды. А я умею. И мне ужасно, ужасно хочется увидеть настоящий гномий чертог. Я всю жизнь о таком только читал. Возьмёте меня с собой, господин Двалин? Я не помеха, честное хоббичье!

Двалин оглядел маленького книжника — нелепого, восторженного, разгадавшего за один вечер то, над чем целый род ломал голову век. И впервые с ухода из дома улыбнулся в бороду по-настоящему.',
        'Хоббит, который поверил', 'За ужином — а ужин у хоббитов, даже у книжников, был делом основательным — Двалин, разомлев от тепла и сытости, рассказал Перегрину всё. И про карту, и про утраченный чертог, и про насмешки родни. Он ждал, что хоббит, как и все, начнёт хихикать над звёздной картой, ведущей под землю. Но случилось обратное.

Перегрин слушал, затаив дыхание, а когда Двалин закончил, попросил позволения взглянуть на карту — да так бережно, так уважительно, что гном не смог отказать. Хоббит разложил древнюю кожу на столе, придвинул свечу и склонился над созвездиями, разглядывая каждый значок.

— Но это же замечательно! — выдохнул он наконец. — Господин Двалин, да ведь ваши родичи просто ничего не поняли! Они смеялись, потому что думали, будто карта показывает дорогу по звёздам, как мореходы плывут. А она вовсе не про это!

— А про что же? — буркнул Двалин, хотя сердце у него ёкнуло.

— Смотрите! — Перегрин ткнул чернильным пальцем в россыпь серебряных точек. — Эти звёзды расположены не как на небе. Я знаю небо, я ночами его зарисовываю. А тут созвездия искажены, понимаете? Будто кто-то нарочно сдвинул их. Зачем сдвигать звёзды? Незачем — если это карта неба. Но если это вовсе не небо... если это план пещеры, где каждая «звезда» — это отметка, скажем, кристалл в своде или светящийся камень... тогда искажение — это просто перспектива! Это вид снизу вверх, с пола огромного чертога, на его потолок!

Двалин замер с куском хлеба в руке. За сто лет, что он вглядывался в эту карту, такая простая мысль ни разу не пришла ему в голову. Гномы искали в ней дорогу. А это была не дорога. Это был портрет. Портрет потолка Кхазад-думроза, усыпанного звёздами-кристаллами, — чтобы тот, кто однажды войдёт в верный чертог, поднял глаза и узнал его по узору над головой.

— Ах ты ж борода Дурина, — пробормотал гном, и голос его дрогнул. — Сто лет... сто лет мы держали её не так, как надо. Не дорогу искали — а потолок! Малыш, да ты хоть понимаешь, что ты сейчас сделал?

— Не совсем, — честно признался Перегрин, сияя. — Но звучит ужасно увлекательно! А значит ли это, что мы можем найти ваш чертог? Если, конечно, отыщем пещеру с таким же узором на потолке?

— «Мы»? — переспросил Двалин, подняв кустистую бровь.

Хоббит смутился, но глаз не отвёл.

— Ну, я подумал... вам ведь нужен кто-то, кто умеет читать звёзды. А я умею. И мне ужасно, ужасно хочется увидеть настоящий гномий чертог. Я всю жизнь о таком только читал. Возьмёте меня с собой, господин Двалин? Я не помеха, честное хоббичье!

Двалин оглядел маленького книжника — нелепого, восторженного, разгадавшего за один вечер то, над чем целый род ломал голову век. И впервые с ухода из дома улыбнулся в бороду по-настоящему.', 'published', '2026-03-23T12:00:00+00:00', '2026-03-23T13:00:00+00:00');
    INSERT INTO chapters (id, story_id, title, content, draft_title, draft_content, status, created_at, updated_at) VALUES (
        'b6794582-941c-584e-a991-96e19f072501', 'b4984ed5-b404-5fe3-a449-ab50890841ac', 'Узор на потолке', 'Так и вышло, что хмурый гном-картограф и любопытный хоббит-книжник отправились в путь вдвоём — самая, должно быть, нелепая пара кладоискателей за всю историю Средиземья. Двалин ворчал, что от хоббита в дороге не будет толку, но втайне радовался спутнику. А Перегрин не уставал восхищаться всем подряд и записывал в потрёпанную книжицу каждую мелочь, отчего гном то закатывал глаза, то ловил себя на том, что и сам с интересом слушает собственные рассказы.

Карта, прочитанная по-новому, повела их в Мглистые горы — туда, где, по преданиям, и стоял когда-то Кхазад-думроз. Но теперь они искали не вход и не дорогу. Они искали пещеру, на потолке которой звёзды-кристаллы складывались бы в тот самый узор с древней кожи. Это было всё равно что искать одну-единственную снежинку в метель, и без острого глаза Перегрина, привыкшего читать ночное небо, гном не справился бы нипочём.

Они обошли десятки пещер. В одних потолок был гол, в других кристаллы росли как попало, не складываясь ни в какой узор. Двалин начинал падать духом, и тогда Перегрин подбадривал его на свой лад — заваривал чай на привале, читал вслух смешные места из своей книжицы, напоминал, что великие открытия даются не сразу.

И вот однажды, в глубине безымянной пещеры, куда они забрели почти наугад, Перегрин вдруг застыл, задрав голову, и выронил факел.

— Господин Двалин, — прошептал он. — Поднимите глаза. Только медленно.

Гном поднял. Над ними, в вышине тёмного свода, мерцали кристаллы — десятки, сотни, холодным голубоватым светом. И складывались они в узор. В тот самый узор. Двалин выхватил из-за пазухи карту дрожащими руками, поднёс к свету факела — и сличил. Созвездие к созвездию, точка к точке. Совпадало всё. До последней звезды.

Сто лет насмешек разом обрушились на Двалина и схлынули, оставив лёгкость, какой он не знал никогда. Он вспомнил все те пиры, на которых над ним хихикали; всех почтенных родичей, крутивших пальцем у виска; деда, что передал ему карту со слезами на глазах, так и не дождавшись, чтобы кто-то поверил. «Видишь, дед, — подумал гном, глядя в звёздный свод. — Видишь? Не сказка. Всё правда, до последнего камешка». И слёзы текли свободно, и не было в них больше горечи — одна только огромная, чистая радость наконец-то оправданной веры.

— Это он, — выдохнул гном, и по обветренным щекам в густую бороду покатились слёзы, которых он не стыдился. — Сто лет, малыш. Сто лет надо мной смеялись. А он всё это время был здесь. Под этими самыми звёздами.

Перегрин, и сам не сдержав восторженного писка, схватил гнома за рукав.

— Значит, вход где-то здесь, рядом! Чертог должен быть прямо под этим узором! Ищите дверь, господин Двалин, ищите рычаг, тайный знак — что там у вас, у гномов, бывает?

Двалин утёр слёзы рукавом, спрятал карту и решительно сжал кирку. Сто лет насмешек остались позади. Впереди, за этой стеной, под этим звёздным сводом, ждал утраченный чертог его предков — и сокровище, о котором пелось в преданиях.

— Ищем, — пробасил он. — Оба. И вот что, Перегрин Грифель... что бы мы там ни нашли — половина твоя. Без тебя я бы вечно держал эту карту вверх ногами.

(продолжение следует)',
        'Узор на потолке', 'Так и вышло, что хмурый гном-картограф и любопытный хоббит-книжник отправились в путь вдвоём — самая, должно быть, нелепая пара кладоискателей за всю историю Средиземья. Двалин ворчал, что от хоббита в дороге не будет толку, но втайне радовался спутнику. А Перегрин не уставал восхищаться всем подряд и записывал в потрёпанную книжицу каждую мелочь, отчего гном то закатывал глаза, то ловил себя на том, что и сам с интересом слушает собственные рассказы.

Карта, прочитанная по-новому, повела их в Мглистые горы — туда, где, по преданиям, и стоял когда-то Кхазад-думроз. Но теперь они искали не вход и не дорогу. Они искали пещеру, на потолке которой звёзды-кристаллы складывались бы в тот самый узор с древней кожи. Это было всё равно что искать одну-единственную снежинку в метель, и без острого глаза Перегрина, привыкшего читать ночное небо, гном не справился бы нипочём.

Они обошли десятки пещер. В одних потолок был гол, в других кристаллы росли как попало, не складываясь ни в какой узор. Двалин начинал падать духом, и тогда Перегрин подбадривал его на свой лад — заваривал чай на привале, читал вслух смешные места из своей книжицы, напоминал, что великие открытия даются не сразу.

И вот однажды, в глубине безымянной пещеры, куда они забрели почти наугад, Перегрин вдруг застыл, задрав голову, и выронил факел.

— Господин Двалин, — прошептал он. — Поднимите глаза. Только медленно.

Гном поднял. Над ними, в вышине тёмного свода, мерцали кристаллы — десятки, сотни, холодным голубоватым светом. И складывались они в узор. В тот самый узор. Двалин выхватил из-за пазухи карту дрожащими руками, поднёс к свету факела — и сличил. Созвездие к созвездию, точка к точке. Совпадало всё. До последней звезды.

Сто лет насмешек разом обрушились на Двалина и схлынули, оставив лёгкость, какой он не знал никогда. Он вспомнил все те пиры, на которых над ним хихикали; всех почтенных родичей, крутивших пальцем у виска; деда, что передал ему карту со слезами на глазах, так и не дождавшись, чтобы кто-то поверил. «Видишь, дед, — подумал гном, глядя в звёздный свод. — Видишь? Не сказка. Всё правда, до последнего камешка». И слёзы текли свободно, и не было в них больше горечи — одна только огромная, чистая радость наконец-то оправданной веры.

— Это он, — выдохнул гном, и по обветренным щекам в густую бороду покатились слёзы, которых он не стыдился. — Сто лет, малыш. Сто лет надо мной смеялись. А он всё это время был здесь. Под этими самыми звёздами.

Перегрин, и сам не сдержав восторженного писка, схватил гнома за рукав.

— Значит, вход где-то здесь, рядом! Чертог должен быть прямо под этим узором! Ищите дверь, господин Двалин, ищите рычаг, тайный знак — что там у вас, у гномов, бывает?

Двалин утёр слёзы рукавом, спрятал карту и решительно сжал кирку. Сто лет насмешек остались позади. Впереди, за этой стеной, под этим звёздным сводом, ждал утраченный чертог его предков — и сокровище, о котором пелось в преданиях.

— Ищем, — пробасил он. — Оба. И вот что, Перегрин Грифель... что бы мы там ни нашли — половина твоя. Без тебя я бы вечно держал эту карту вверх ногами.

(продолжение следует)', 'published', '2026-03-24T12:00:00+00:00', '2026-03-24T13:00:00+00:00');

    -- [16] Свиток без техник (naruto)
    INSERT INTO stories (id, slug, title, status, author_id, ai_summary, created_at, updated_at) VALUES (
        '198b8fdb-bebd-5056-8772-2a4f6a1199f8', 'naruto-svitok-bez-tehnik', 'Свиток без техник', 'published', v_author_id, 'Юный генин Кэта получает в наследство от деда-легенды запечатанный свиток и мечтает найти в нём могущественную технику. Но внутри оказываются письма — и они меняют всё.',
        '2026-03-20T12:00:00+00:00', '2026-05-04T12:00:00+00:00');
    INSERT INTO story_tags (story_id, tag_id) VALUES ('198b8fdb-bebd-5056-8772-2a4f6a1199f8', '10000001-0001-4001-8001-000000000004');
    INSERT INTO story_tags (story_id, tag_id) VALUES ('198b8fdb-bebd-5056-8772-2a4f6a1199f8', '10000004-0004-4004-8004-000000000001');
    INSERT INTO story_tags (story_id, tag_id) VALUES ('198b8fdb-bebd-5056-8772-2a4f6a1199f8', '10000005-0005-4005-8005-000000000003');
    INSERT INTO story_tags (story_id, tag_id) VALUES ('198b8fdb-bebd-5056-8772-2a4f6a1199f8', '10000006-0006-4006-8006-000000000001');
    INSERT INTO story_tags (story_id, tag_id) VALUES ('198b8fdb-bebd-5056-8772-2a4f6a1199f8', '10000002-0002-4002-8002-000000000001');
    INSERT INTO story_tags (story_id, tag_id) VALUES ('198b8fdb-bebd-5056-8772-2a4f6a1199f8', '10000002-0002-4002-8002-000000000004');
    INSERT INTO chapters (id, story_id, title, content, draft_title, draft_content, status, created_at, updated_at) VALUES (
        '56af7b17-3854-5867-b1fd-13949243563d', '198b8fdb-bebd-5056-8772-2a4f6a1199f8', 'Наследство', 'Кэта ждал этого дня сколько себя помнил. По обычаю их деревни, в день, когда юный шиноби впервые получал ранг генина, ему передавали наследство ушедших родичей. А дед Кэты был не просто родичем — он был легендой. Старики у костров до сих пор шёпотом рассказывали о его подвигах, о техниках, которым он не учил никого.

Кэта вырос на этих рассказах, как другие дети вырастают на сказках. Дед умер, когда мальчик был совсем мал, и в памяти остался лишь смутный образ — большая тёплая рука, низкий голос, запах трав и стали. Зато легенда о деде была огромной, и Кэта с малолетства жил в её тени, мечтая дорасти до неё. Каждый насмешник, дразнивший его слабым, каждый наставник, качавший головой над его неудачами, — все они только распаляли в нём желание однажды доказать, что он достоин своего великого предка. И вот этот день, казалось, настал — оставалось лишь распечатать свиток.

И вот теперь, держа в дрожащих руках старый запечатанный свиток, перевязанный выцветшим шнуром, Кэта едва дышал от волнения. В этом свитке, не сомневался он, скрыта та самая техника. Тайное искусство деда, секрет его силы. Мальчик уже видел, как осваивает её, как поражает наставников, как становится сильнейшим генином деревни.

Распечатать свиток оказалось непросто. Печать была хитрой, дедовской работы, и Кэта провозился полночи, пробуя разные сложения пальцев и потоки чакры. Когда наконец печать с тихим хлопком поддалась и свиток развернулся, мальчик жадно впился глазами в ровные столбцы иероглифов.

И замер в недоумении. Это были не схемы печатей. Не описания дзюцу. Не формулы потоков чакры. Это были... письма. Десятки писем, написанных рукой деда, аккуратным мелким почерком, с датами в углу. Письма, обращённые к разным людям, — но ни одно из них, судя по всему, так и не было отправлено.

Кэта перечитывал первые строки снова и снова, не веря. Где же техника? Где сила, ради которой он ждал этот день целую жизнь? Дед, величайший шиноби, оставил внуку не тайное искусство, а связку каких-то старых писем? Это казалось насмешкой. Это казалось почти обидой.

Первым порывом было свернуть свиток и сунуть в дальний угол. Кэта так и сделал — лёг спать, кипя от разочарования, твердя себе, что добудет силу сам, без всякого бесполезного наследства. Но среди ночи он проснулся и долго лежал, глядя в потолок. Что-то не давало ему покоя. Зачем деду — расчётливому, мудрому деду — было запечатывать хитрой печатью простые письма? Так берегут не пустяки. Так берегут самое важное.

В предрассветной тишине любопытство всё-таки победило обиду. Кэта снова развернул свиток, придвинул свечу и начал читать — на этот раз не ища технику, а просто читая. И с первых же писем понял, что держит в руках нечто куда более редкое, чем любое дзюцу. Он держал в руках душу человека, которого знал лишь по легендам.',
        'Наследство', 'Кэта ждал этого дня сколько себя помнил. По обычаю их деревни, в день, когда юный шиноби впервые получал ранг генина, ему передавали наследство ушедших родичей. А дед Кэты был не просто родичем — он был легендой. Старики у костров до сих пор шёпотом рассказывали о его подвигах, о техниках, которым он не учил никого.

Кэта вырос на этих рассказах, как другие дети вырастают на сказках. Дед умер, когда мальчик был совсем мал, и в памяти остался лишь смутный образ — большая тёплая рука, низкий голос, запах трав и стали. Зато легенда о деде была огромной, и Кэта с малолетства жил в её тени, мечтая дорасти до неё. Каждый насмешник, дразнивший его слабым, каждый наставник, качавший головой над его неудачами, — все они только распаляли в нём желание однажды доказать, что он достоин своего великого предка. И вот этот день, казалось, настал — оставалось лишь распечатать свиток.

И вот теперь, держа в дрожащих руках старый запечатанный свиток, перевязанный выцветшим шнуром, Кэта едва дышал от волнения. В этом свитке, не сомневался он, скрыта та самая техника. Тайное искусство деда, секрет его силы. Мальчик уже видел, как осваивает её, как поражает наставников, как становится сильнейшим генином деревни.

Распечатать свиток оказалось непросто. Печать была хитрой, дедовской работы, и Кэта провозился полночи, пробуя разные сложения пальцев и потоки чакры. Когда наконец печать с тихим хлопком поддалась и свиток развернулся, мальчик жадно впился глазами в ровные столбцы иероглифов.

И замер в недоумении. Это были не схемы печатей. Не описания дзюцу. Не формулы потоков чакры. Это были... письма. Десятки писем, написанных рукой деда, аккуратным мелким почерком, с датами в углу. Письма, обращённые к разным людям, — но ни одно из них, судя по всему, так и не было отправлено.

Кэта перечитывал первые строки снова и снова, не веря. Где же техника? Где сила, ради которой он ждал этот день целую жизнь? Дед, величайший шиноби, оставил внуку не тайное искусство, а связку каких-то старых писем? Это казалось насмешкой. Это казалось почти обидой.

Первым порывом было свернуть свиток и сунуть в дальний угол. Кэта так и сделал — лёг спать, кипя от разочарования, твердя себе, что добудет силу сам, без всякого бесполезного наследства. Но среди ночи он проснулся и долго лежал, глядя в потолок. Что-то не давало ему покоя. Зачем деду — расчётливому, мудрому деду — было запечатывать хитрой печатью простые письма? Так берегут не пустяки. Так берегут самое важное.

В предрассветной тишине любопытство всё-таки победило обиду. Кэта снова развернул свиток, придвинул свечу и начал читать — на этот раз не ища технику, а просто читая. И с первых же писем понял, что держит в руках нечто куда более редкое, чем любое дзюцу. Он держал в руках душу человека, которого знал лишь по легендам.', 'published', '2026-03-20T12:00:00+00:00', '2026-03-20T13:00:00+00:00');
    INSERT INTO chapters (id, story_id, title, content, draft_title, draft_content, status, created_at, updated_at) VALUES (
        '94e3c2d2-8070-5973-bb4f-dcee93f76a98', '198b8fdb-bebd-5056-8772-2a4f6a1199f8', 'Письма живым', 'Письма были разные. Одни — короткие, в две-три строчки; другие — длинные, на целую страницу. Но объединяло их одно: каждое было обращено к живому человеку, которому дед так и не решился сказать что-то важное вслух.

Было письмо товарищу по команде, с которым дед в юности крепко поссорился и не помирился до самой его гибели на задании. «Я был неправ в тот день, — писал дед. — Гордость не дала мне попросить прощения, а потом тебя не стало, и просить было поздно. Я ношу это в себе уже тридцать лет». Кэта читал, и у него сжималось горло. Великий шиноби, гроза врагов, — и тридцать лет немой вины из-за непрошеного прощения.

Было письмо женщине — бабушке Кэты, умершей задолго до его рождения. В нём дед, суровый воин, писал такие нежные, такие простые слова, что мальчику стало неловко, будто он подглядывает в чужое окно. «Я столько раз собирался сказать тебе, как ты мне дорога, — и всё откладывал, думал, успею. Шиноби привыкли думать, что времени всегда хватит на ещё одну битву. А вот на самое главное его как раз и не хватает».

Кэта опустил свиток на колени и долго сидел в тишине. За окном брезжил рассвет, пели первые птицы, а он не мог отделаться от мысли, до чего же это страшно — прожить большую, славную жизнь и в конце остаться наедине с горсткой непроизнесённых слов. Дед побеждал в сражениях, перед которыми трепетали целые армии. И при этом так и не сумел сказать жене, что любит её. Не сумел помириться с другом. Не сумел согреть сына. Сила, что внушала ужас врагам, оказалась бессильна перед самым простым — перед тем, чтобы открыть сердце близкому человеку.

Было письмо сыну — отцу Кэты, тоже погибшему молодым. Дед писал в нём, как гордится им, как боится за него, как жалеет, что между ними так мало тёплых слов и так много суровых наставлений. Это письмо Кэта перечитал трижды, и каждый раз глаза щипало сильнее. Ведь и его собственный отец погиб, не успев сказать сыну многого. Молчание, выходит, переходило в их роду по наследству вернее любой техники.

И тут Кэта начал понимать. Все эти письма дед написал, но не отправил. Не успел, побоялся, отложил «на потом», которое так и не наступило. А в конце жизни собрал их вместе, запечатал хитрой печатью и оставил внуку — не как технику, а как предостережение. Как самый горький урок, какой только может передать старый воин молодому.

В самом конце свитка Кэта нашёл короткую приписку, обращённую уже прямо к нему. «Внук, — писал дед. — Если ты читаешь это, значит, меня уже нет, и снова осталось несказанное. Ты искал в свитке силу. Прости, что разочаровал. Но самая сильная техника из всех, что я знал, — это умение сказать дорогим людям главное, пока они живы. Этим дзюцу я так и не овладел. Овладей ты. Это моё единственное наследство».',
        'Письма живым', 'Письма были разные. Одни — короткие, в две-три строчки; другие — длинные, на целую страницу. Но объединяло их одно: каждое было обращено к живому человеку, которому дед так и не решился сказать что-то важное вслух.

Было письмо товарищу по команде, с которым дед в юности крепко поссорился и не помирился до самой его гибели на задании. «Я был неправ в тот день, — писал дед. — Гордость не дала мне попросить прощения, а потом тебя не стало, и просить было поздно. Я ношу это в себе уже тридцать лет». Кэта читал, и у него сжималось горло. Великий шиноби, гроза врагов, — и тридцать лет немой вины из-за непрошеного прощения.

Было письмо женщине — бабушке Кэты, умершей задолго до его рождения. В нём дед, суровый воин, писал такие нежные, такие простые слова, что мальчику стало неловко, будто он подглядывает в чужое окно. «Я столько раз собирался сказать тебе, как ты мне дорога, — и всё откладывал, думал, успею. Шиноби привыкли думать, что времени всегда хватит на ещё одну битву. А вот на самое главное его как раз и не хватает».

Кэта опустил свиток на колени и долго сидел в тишине. За окном брезжил рассвет, пели первые птицы, а он не мог отделаться от мысли, до чего же это страшно — прожить большую, славную жизнь и в конце остаться наедине с горсткой непроизнесённых слов. Дед побеждал в сражениях, перед которыми трепетали целые армии. И при этом так и не сумел сказать жене, что любит её. Не сумел помириться с другом. Не сумел согреть сына. Сила, что внушала ужас врагам, оказалась бессильна перед самым простым — перед тем, чтобы открыть сердце близкому человеку.

Было письмо сыну — отцу Кэты, тоже погибшему молодым. Дед писал в нём, как гордится им, как боится за него, как жалеет, что между ними так мало тёплых слов и так много суровых наставлений. Это письмо Кэта перечитал трижды, и каждый раз глаза щипало сильнее. Ведь и его собственный отец погиб, не успев сказать сыну многого. Молчание, выходит, переходило в их роду по наследству вернее любой техники.

И тут Кэта начал понимать. Все эти письма дед написал, но не отправил. Не успел, побоялся, отложил «на потом», которое так и не наступило. А в конце жизни собрал их вместе, запечатал хитрой печатью и оставил внуку — не как технику, а как предостережение. Как самый горький урок, какой только может передать старый воин молодому.

В самом конце свитка Кэта нашёл короткую приписку, обращённую уже прямо к нему. «Внук, — писал дед. — Если ты читаешь это, значит, меня уже нет, и снова осталось несказанное. Ты искал в свитке силу. Прости, что разочаровал. Но самая сильная техника из всех, что я знал, — это умение сказать дорогим людям главное, пока они живы. Этим дзюцу я так и не овладел. Овладей ты. Это моё единственное наследство».', 'published', '2026-03-21T12:00:00+00:00', '2026-03-21T13:00:00+00:00');
    INSERT INTO chapters (id, story_id, title, content, draft_title, draft_content, status, created_at, updated_at) VALUES (
        '4f5d9c25-610d-5b0c-acc9-211142133d0d', '198b8fdb-bebd-5056-8772-2a4f6a1199f8', 'Невыученный урок', 'Несколько дней Кэта ходил сам не свой. Свиток деда перевернул в нём что-то важное, и теперь, глядя на привычный мир деревни, он видел его иначе. Он видел, сколько вокруг несказанного.

Видел, как его лучший друг Дайки, с которым они вечно соперничали, на самом деле восхищается им — и стесняется в этом признаться, пряча восхищение за колкостями. Видел, как наставница их команды, строгая и неулыбчивая, тревожится за учеников куда больше, чем показывает. Видел, как старушка-соседка, у которой давно никого не осталось, радуется каждому, кто перекинется с ней словом у калитки.

Прежде Кэта попросту не замечал всего этого — мир для него делился на сильных, которыми он восхищался, и слабых, которых не стоило брать в расчёт. Теперь же он будто прозрел. За каждым лицом, мимо которого он раньше пробегал, обнаружилась целая невидимая жизнь, полная невысказанного, недосказанного, отложенного на потом. Деревня, казавшаяся ему скучной и понятной насквозь, вдруг открылась как место, где сотни людей носят в себе слова, которые могли бы согреть других, — и молчат, в точности как молчал когда-то его дед. И Кэта впервые задумался, сколько же тепла на свете так и не доходит до тех, кому предназначено.

Раньше Кэта пробежал бы мимо всего этого, поглощённый мечтами о силе. Теперь письма деда не давали ему пробежать. «Шиноби привыкли думать, что времени всегда хватит на ещё одну битву». Эти слова звенели у него в голове всякий раз, когда он собирался промолчать о чём-то важном.

И Кэта начал говорить. Сначала неловко, через силу, краснея и запинаясь. Он сказал Дайки, что считает его сильным и что рад их соперничеству, потому что оно делает лучше их обоих. Дайки опешил, буркнул что-то насмешливое — а потом вдруг улыбнулся так искренне, как не улыбался никогда, и в их дружбе что-то навсегда переменилось к лучшему.

Он поблагодарил наставницу — за то, что она терпеливо возится с ними, неумелыми генинами, хотя могла бы давно перейти к ученикам посильнее. Суровая женщина отвернулась, помолчала, а потом сказала чуть слышно, что они — лучшая команда, какая у неё была. Кэта понял, что и она годами носила в себе эти слова, не находя случая их сказать.

Он стал чаще останавливаться у калитки одинокой соседки — просто поговорить, спросить о здоровье, послушать её долгие истории. Это не стоило ему почти ничего, а старушка расцветала на глазах, и Кэта понимал, что для неё эти короткие разговоры — едва ли не самое светлое в дне.

Странное дело: он не выучил ни одной новой техники, а чувствовал себя сильнее, чем когда-либо. Будто свиток деда и впрямь передал ему какое-то искусство — только действовало оно не на врагов, а на собственное сердце и на сердца тех, кто рядом. И Кэта впервые задумался, что, может быть, дед был прав. Что это и есть самое трудное дзюцу из всех.',
        'Невыученный урок', 'Несколько дней Кэта ходил сам не свой. Свиток деда перевернул в нём что-то важное, и теперь, глядя на привычный мир деревни, он видел его иначе. Он видел, сколько вокруг несказанного.

Видел, как его лучший друг Дайки, с которым они вечно соперничали, на самом деле восхищается им — и стесняется в этом признаться, пряча восхищение за колкостями. Видел, как наставница их команды, строгая и неулыбчивая, тревожится за учеников куда больше, чем показывает. Видел, как старушка-соседка, у которой давно никого не осталось, радуется каждому, кто перекинется с ней словом у калитки.

Прежде Кэта попросту не замечал всего этого — мир для него делился на сильных, которыми он восхищался, и слабых, которых не стоило брать в расчёт. Теперь же он будто прозрел. За каждым лицом, мимо которого он раньше пробегал, обнаружилась целая невидимая жизнь, полная невысказанного, недосказанного, отложенного на потом. Деревня, казавшаяся ему скучной и понятной насквозь, вдруг открылась как место, где сотни людей носят в себе слова, которые могли бы согреть других, — и молчат, в точности как молчал когда-то его дед. И Кэта впервые задумался, сколько же тепла на свете так и не доходит до тех, кому предназначено.

Раньше Кэта пробежал бы мимо всего этого, поглощённый мечтами о силе. Теперь письма деда не давали ему пробежать. «Шиноби привыкли думать, что времени всегда хватит на ещё одну битву». Эти слова звенели у него в голове всякий раз, когда он собирался промолчать о чём-то важном.

И Кэта начал говорить. Сначала неловко, через силу, краснея и запинаясь. Он сказал Дайки, что считает его сильным и что рад их соперничеству, потому что оно делает лучше их обоих. Дайки опешил, буркнул что-то насмешливое — а потом вдруг улыбнулся так искренне, как не улыбался никогда, и в их дружбе что-то навсегда переменилось к лучшему.

Он поблагодарил наставницу — за то, что она терпеливо возится с ними, неумелыми генинами, хотя могла бы давно перейти к ученикам посильнее. Суровая женщина отвернулась, помолчала, а потом сказала чуть слышно, что они — лучшая команда, какая у неё была. Кэта понял, что и она годами носила в себе эти слова, не находя случая их сказать.

Он стал чаще останавливаться у калитки одинокой соседки — просто поговорить, спросить о здоровье, послушать её долгие истории. Это не стоило ему почти ничего, а старушка расцветала на глазах, и Кэта понимал, что для неё эти короткие разговоры — едва ли не самое светлое в дне.

Странное дело: он не выучил ни одной новой техники, а чувствовал себя сильнее, чем когда-либо. Будто свиток деда и впрямь передал ему какое-то искусство — только действовало оно не на врагов, а на собственное сердце и на сердца тех, кто рядом. И Кэта впервые задумался, что, может быть, дед был прав. Что это и есть самое трудное дзюцу из всех.', 'published', '2026-03-22T12:00:00+00:00', '2026-03-22T13:00:00+00:00');
    INSERT INTO chapters (id, story_id, title, content, draft_title, draft_content, status, created_at, updated_at) VALUES (
        '7f56aa56-e516-5bda-a180-5505869706fd', '198b8fdb-bebd-5056-8772-2a4f6a1199f8', 'Сильнейшая техника', 'Прошёл год. Кэта вырос, окреп, освоил немало настоящих боевых техник — он ведь не забросил путь шиноби, а, напротив, шёл по нему упорнее прежнего. Но свиток деда он по-прежнему хранил у самого сердца и перечитывал в трудные дни.

Он не стал из-за этих писем мягче или слабее как воин — напротив, со временем Кэта вырос в шиноби, которого уважали за крепость духа. Но к боевой выучке прибавилось то, чего недоставало деду: умение не копить главного в себе. Товарищи дивились, до чего легко этому суровому с виду парню даются тёплые слова, до чего он не боится сказать вслух, что дорожит кем-то. Они не знали, какой ценой далось ему это умение и через какой горький свиток оно к нему пришло. А Кэта не объяснял. Просто берёг наследство деда и старался не повторить его единственной ошибки.

Однажды их команде выпало тяжёлое задание, и впервые Кэта по-настоящему ощутил, как близко ходит смерть в жизни шиноби. Они выбрались, все трое, — но лишь чудом, на пределе сил. И той ночью, сидя у костра, Кэта вдруг с пронзительной ясностью понял, что любая из их вылазок может стать последней. Что «потом», на которое все мы откладываем главное, не гарантировано никому, а воину — меньше всех.

Он оглядел спящих товарищей — Дайки и тихую Михо, третью в их команде, к которой за этот год привязался, как к сестре. И, вместо того чтобы промолчать, как промолчал бы год назад, разбудил их и сказал то, что было на сердце: что дорожит ими больше всего на свете, что без них не представляет своего пути, что благодарен судьбе за такую команду. Сонные, растерянные, они слушали его — а потом Дайки сгрёб обоих в неуклюжие объятия, и Михо смеялась и плакала разом, и у костра стало так тепло, как не бывает от одного лишь огня.

— С чего это ты вдруг? — спросил потом Дайки, шмыгая носом.

— Дед научил, — ответил Кэта. — Самой сильной технике из всех. Говорить дорогим людям главное, пока они живы.

Он рассказал им про свиток — про письма, которые так и не были отправлены, про горький урок старого воина. Дайки и Михо слушали молча, и в их глазах Кэта видел то же, что пережил сам год назад: тихое потрясение от простой и страшной правды.

Вернувшись с задания, Кэта сделал то, что давно задумал. Он переписал письма деда набело, бережно, в новый свиток. А рядом, на чистых страницах, начал писать свои собственные — но с одной важной разницей. Свои письма он не запечатывал. Он их отправлял. Говорил вслух. Доносил до тех, кому они предназначались, пока те были живы и могли услышать.

И когда годы спустя у Кэты появились свои ученики, он передал им не свиток с боевыми техниками. Он передал им этот, дедовский, — со старыми письмами и своей припиской в конце. «Ищите силу, — писал он. — Это правильно. Но не забудьте за поисками силы сказать главное тем, кого любите. Этому дзюцу нет равных. Я знаю. Меня научил мой дед — письмами, которые так и не отправил».',
        'Сильнейшая техника', 'Прошёл год. Кэта вырос, окреп, освоил немало настоящих боевых техник — он ведь не забросил путь шиноби, а, напротив, шёл по нему упорнее прежнего. Но свиток деда он по-прежнему хранил у самого сердца и перечитывал в трудные дни.

Он не стал из-за этих писем мягче или слабее как воин — напротив, со временем Кэта вырос в шиноби, которого уважали за крепость духа. Но к боевой выучке прибавилось то, чего недоставало деду: умение не копить главного в себе. Товарищи дивились, до чего легко этому суровому с виду парню даются тёплые слова, до чего он не боится сказать вслух, что дорожит кем-то. Они не знали, какой ценой далось ему это умение и через какой горький свиток оно к нему пришло. А Кэта не объяснял. Просто берёг наследство деда и старался не повторить его единственной ошибки.

Однажды их команде выпало тяжёлое задание, и впервые Кэта по-настоящему ощутил, как близко ходит смерть в жизни шиноби. Они выбрались, все трое, — но лишь чудом, на пределе сил. И той ночью, сидя у костра, Кэта вдруг с пронзительной ясностью понял, что любая из их вылазок может стать последней. Что «потом», на которое все мы откладываем главное, не гарантировано никому, а воину — меньше всех.

Он оглядел спящих товарищей — Дайки и тихую Михо, третью в их команде, к которой за этот год привязался, как к сестре. И, вместо того чтобы промолчать, как промолчал бы год назад, разбудил их и сказал то, что было на сердце: что дорожит ими больше всего на свете, что без них не представляет своего пути, что благодарен судьбе за такую команду. Сонные, растерянные, они слушали его — а потом Дайки сгрёб обоих в неуклюжие объятия, и Михо смеялась и плакала разом, и у костра стало так тепло, как не бывает от одного лишь огня.

— С чего это ты вдруг? — спросил потом Дайки, шмыгая носом.

— Дед научил, — ответил Кэта. — Самой сильной технике из всех. Говорить дорогим людям главное, пока они живы.

Он рассказал им про свиток — про письма, которые так и не были отправлены, про горький урок старого воина. Дайки и Михо слушали молча, и в их глазах Кэта видел то же, что пережил сам год назад: тихое потрясение от простой и страшной правды.

Вернувшись с задания, Кэта сделал то, что давно задумал. Он переписал письма деда набело, бережно, в новый свиток. А рядом, на чистых страницах, начал писать свои собственные — но с одной важной разницей. Свои письма он не запечатывал. Он их отправлял. Говорил вслух. Доносил до тех, кому они предназначались, пока те были живы и могли услышать.

И когда годы спустя у Кэты появились свои ученики, он передал им не свиток с боевыми техниками. Он передал им этот, дедовский, — со старыми письмами и своей припиской в конце. «Ищите силу, — писал он. — Это правильно. Но не забудьте за поисками силы сказать главное тем, кого любите. Этому дзюцу нет равных. Я знаю. Меня научил мой дед — письмами, которые так и не отправил».', 'published', '2026-03-23T12:00:00+00:00', '2026-03-23T13:00:00+00:00');

    -- [17] Команда из троих (naruto)
    INSERT INTO stories (id, slug, title, status, author_id, ai_summary, created_at, updated_at) VALUES (
        '873a21c6-f5b6-5645-a892-138ecc17d302', 'naruto-komanda-iz-troih', 'Команда из троих', 'published', v_author_id, 'Трое новоиспечённых генинов, которые терпеть не могут друг друга, получают первое настоящее задание. Чтобы выжить, им придётся научиться тому, чему не учат в академии, — доверию.',
        '2026-03-18T12:00:00+00:00', '2026-05-03T11:00:00+00:00');
    INSERT INTO story_tags (story_id, tag_id) VALUES ('873a21c6-f5b6-5645-a892-138ecc17d302', '10000001-0001-4001-8001-000000000004');
    INSERT INTO story_tags (story_id, tag_id) VALUES ('873a21c6-f5b6-5645-a892-138ecc17d302', '10000004-0004-4004-8004-000000000002');
    INSERT INTO story_tags (story_id, tag_id) VALUES ('873a21c6-f5b6-5645-a892-138ecc17d302', '10000005-0005-4005-8005-000000000003');
    INSERT INTO story_tags (story_id, tag_id) VALUES ('873a21c6-f5b6-5645-a892-138ecc17d302', '10000006-0006-4006-8006-000000000001');
    INSERT INTO story_tags (story_id, tag_id) VALUES ('873a21c6-f5b6-5645-a892-138ecc17d302', '10000002-0002-4002-8002-000000000006');
    INSERT INTO story_tags (story_id, tag_id) VALUES ('873a21c6-f5b6-5645-a892-138ecc17d302', '10000002-0002-4002-8002-000000000001');
    INSERT INTO story_tags (story_id, tag_id) VALUES ('873a21c6-f5b6-5645-a892-138ecc17d302', '10000003-0003-4003-8003-000000000002');
    INSERT INTO chapters (id, story_id, title, content, draft_title, draft_content, status, created_at, updated_at) VALUES (
        '6f301d58-71a5-5388-aaa0-29fd101e10e1', '873a21c6-f5b6-5645-a892-138ecc17d302', 'Худшая команда деревни', 'Когда наставник Рэн увидел список своей новой команды, он застонал вслух. Судьба, видно, решила над ним подшутить, собрав вместе троих генинов, которые подходили друг другу хуже, чем огонь воде.

Первым был Така — заносчивый отпрыск знатного клана, лучший на курсе, привыкший, что всё даётся ему легко, и не упускавший случая это подчеркнуть. Второй — Юки, угрюмая одиночка с окраины деревни, которая работала вдвое усерднее всех, потому что у неё не было ни знатного имени, ни связей, и которая на дух не переносила таких, как Така. Третий — Помару, добродушный увалень, вечно опаздывающий, вечно что-то жующий, над которым потешались оба.

На первой же встрече они умудрились поссориться трижды. Така отпустил колкость про происхождение Юки. Юки в ответ назвала его избалованным барчуком, который не продержался бы и дня без слуг. Помару попытался их помирить, всех насмешил неуклюжей шуткой — и тут же получил от обоих.

Наставник Рэн смотрел на эту троицу и думал, что проще обучить драться троих разъярённых барсуков. Но приказ есть приказ, а в деревне не хватало рук. И потому уже через неделю, едва кое-как сладив команду, Рэн получил для них первое настоящее задание — сопроводить торговца с грузом до соседнего селения. Дело пустяковое, годное как раз для новичков. Так все думали.

— Запомните одно, — сказал Рэн ученикам перед выходом. — В академии вас учили техникам. Но техники не спасут команду, которая не доверяет друг другу. На задании вы не трое одиночек. Вы — одно целое. Спина к спине. Если каждый будет тянуть в свою сторону, вас перебьют поодиночке, какими бы вы ни были талантливыми.

Слова эти были не пустым наставлением — наставник Рэн знал им цену по собственному опыту. В молодости он сам потерял команду из-за того, что каждый тянул одеяло на себя, и шрам этой потери носил всю жизнь. Глядя на троих своих подопечных, грызущихся, как кошка с собакой, он видел не их таланты, а их слабое место — разобщённость, которая на настоящем задании убивает вернее любого врага. Беда была в том, что объяснить это словами невозможно. Такие вещи доходят до молодых только через пережитое. И Рэн с тяжёлым сердцем понимал, что урок этот его ученикам ещё предстоит — и обойдётся он недёшево.

Така фыркнул, давая понять, что уж он-то справится и без всякой команды. Юки отвернулась. Помару закивал, но было видно, что мысли его уже о припрятанном в сумке обеде. Наставник Рэн тяжело вздохнул. Он слишком хорошо знал, что слова до этих троих пока не доходят. До них дойдёт другое — то, что всегда доходит до молодых шиноби слишком поздно и слишком дорогой ценой. Опасность. Настоящая, не учебная.

И, как назло, именно она поджидала их в пути. Потому что задание, казавшееся пустяковым, было не таким простым, как значилось в свитке.',
        'Худшая команда деревни', 'Когда наставник Рэн увидел список своей новой команды, он застонал вслух. Судьба, видно, решила над ним подшутить, собрав вместе троих генинов, которые подходили друг другу хуже, чем огонь воде.

Первым был Така — заносчивый отпрыск знатного клана, лучший на курсе, привыкший, что всё даётся ему легко, и не упускавший случая это подчеркнуть. Второй — Юки, угрюмая одиночка с окраины деревни, которая работала вдвое усерднее всех, потому что у неё не было ни знатного имени, ни связей, и которая на дух не переносила таких, как Така. Третий — Помару, добродушный увалень, вечно опаздывающий, вечно что-то жующий, над которым потешались оба.

На первой же встрече они умудрились поссориться трижды. Така отпустил колкость про происхождение Юки. Юки в ответ назвала его избалованным барчуком, который не продержался бы и дня без слуг. Помару попытался их помирить, всех насмешил неуклюжей шуткой — и тут же получил от обоих.

Наставник Рэн смотрел на эту троицу и думал, что проще обучить драться троих разъярённых барсуков. Но приказ есть приказ, а в деревне не хватало рук. И потому уже через неделю, едва кое-как сладив команду, Рэн получил для них первое настоящее задание — сопроводить торговца с грузом до соседнего селения. Дело пустяковое, годное как раз для новичков. Так все думали.

— Запомните одно, — сказал Рэн ученикам перед выходом. — В академии вас учили техникам. Но техники не спасут команду, которая не доверяет друг другу. На задании вы не трое одиночек. Вы — одно целое. Спина к спине. Если каждый будет тянуть в свою сторону, вас перебьют поодиночке, какими бы вы ни были талантливыми.

Слова эти были не пустым наставлением — наставник Рэн знал им цену по собственному опыту. В молодости он сам потерял команду из-за того, что каждый тянул одеяло на себя, и шрам этой потери носил всю жизнь. Глядя на троих своих подопечных, грызущихся, как кошка с собакой, он видел не их таланты, а их слабое место — разобщённость, которая на настоящем задании убивает вернее любого врага. Беда была в том, что объяснить это словами невозможно. Такие вещи доходят до молодых только через пережитое. И Рэн с тяжёлым сердцем понимал, что урок этот его ученикам ещё предстоит — и обойдётся он недёшево.

Така фыркнул, давая понять, что уж он-то справится и без всякой команды. Юки отвернулась. Помару закивал, но было видно, что мысли его уже о припрятанном в сумке обеде. Наставник Рэн тяжело вздохнул. Он слишком хорошо знал, что слова до этих троих пока не доходят. До них дойдёт другое — то, что всегда доходит до молодых шиноби слишком поздно и слишком дорогой ценой. Опасность. Настоящая, не учебная.

И, как назло, именно она поджидала их в пути. Потому что задание, казавшееся пустяковым, было не таким простым, как значилось в свитке.', 'published', '2026-03-18T12:00:00+00:00', '2026-03-18T13:00:00+00:00');
    INSERT INTO chapters (id, story_id, title, content, draft_title, draft_content, status, created_at, updated_at) VALUES (
        '3f8004c9-773a-5e6b-8a1b-f0b1e94e2040', '873a21c6-f5b6-5645-a892-138ecc17d302', 'Засада', 'Беда нагрянула на второй день пути, в узком ущелье, где дорога сжималась меж двух скал. Торговец, которого они сопровождали, вёз, как выяснилось, не простой товар, а ценные documents — и за ним охотились. Из-за камней разом высыпали вражеские шиноби, куда более опытные, чем трое генинов.

Первые секунды решили многое. Така, привыкший полагаться только на себя, рванулся вперёд в одиночку, желая показать класс, — и тут же оказался окружён. Юки, по привычке одиночки, метнулась в другую сторону, прикрывая себя. Помару растерянно застыл посреди дороги. Команда, как и предупреждал наставник, рассыпалась на троих одиночек в первый же миг.

Наставник Рэн отбивался от троих сразу, не успевая прикрыть учеников. Така, окружённый, понял, что переоценил себя, — враги были быстрее и опытнее, и его хвалёные техники не помогали против слаженной атаки. Впервые в жизни заносчивый мальчишка ощутил настоящий, холодный страх.

Этот страх был не похож ни на что, испытанное на тренировках. Там, в безопасности учебного зала, поражение означало синяк да колкость наставника. Здесь, в ущелье, оно означало смерть — настоящую, окончательную. И в этот ледяной миг вся заносчивость слетела с Таки разом, как шелуха. Он вдруг с ужасающей ясностью понял, что один, что хвалёные таланты не спасают, что опытные враги переиграют его в два счёта. Гордость, которая всю жизнь не давала ему просить помощи, треснула под напором этого первобытного страха. И сквозь трещину вырвалось то единственное слово, которое он скорее откусил бы себе язык, чем произнёс ещё минуту назад.

— Помогите! — вырвалось у него прежде, чем гордость успела зажать ему рот.

И случилось то, чего никто из троих не ожидал. Юки, которая терпеть не могла Таку, услышала этот крик — и, вместо того чтобы спасать себя, бросилась к нему. Не потому, что простила его колкости. А потому, что в этот миг сработало что-то глубже обиды: он был свой, а своих не бросают. Её внезапный удар сбоку отвлёк врагов ровно настолько, чтобы Така вырвался из кольца.

А Помару, увалень Помару, над которым все потешались, вдруг показал, на что способен. Пока остальные дрались, он один сохранил холодную голову — заметил, что враги оттесняют их от торговца, разгадал их замысел и тяжёлым, неуклюжим, но точным приёмом обрушил на головы нападающих подрубленный заранее каменный карниз. Грохот, пыль, смятение — и расклад боя качнулся.

— Спина к спине! — заорал наставник Рэн, пробиваясь к ученикам. — Сейчас или никогда! Вместе!

И на этот раз они услышали. Трое генинов, минуту назад разбежавшихся в стороны, сошлись наконец вместе — Така, Юки и Помару, спина к спине, лицом к врагам со всех сторон. И вдруг оказалось, что вместе они — совсем не то, что порознь. Сила Таки, упорство Юки, смекалка Помару, сложенные воедино, дали то, чего не было ни у одного из них поодиночке. Бой ещё не был выигран. Но впервые они дрались как команда.',
        'Засада', 'Беда нагрянула на второй день пути, в узком ущелье, где дорога сжималась меж двух скал. Торговец, которого они сопровождали, вёз, как выяснилось, не простой товар, а ценные documents — и за ним охотились. Из-за камней разом высыпали вражеские шиноби, куда более опытные, чем трое генинов.

Первые секунды решили многое. Така, привыкший полагаться только на себя, рванулся вперёд в одиночку, желая показать класс, — и тут же оказался окружён. Юки, по привычке одиночки, метнулась в другую сторону, прикрывая себя. Помару растерянно застыл посреди дороги. Команда, как и предупреждал наставник, рассыпалась на троих одиночек в первый же миг.

Наставник Рэн отбивался от троих сразу, не успевая прикрыть учеников. Така, окружённый, понял, что переоценил себя, — враги были быстрее и опытнее, и его хвалёные техники не помогали против слаженной атаки. Впервые в жизни заносчивый мальчишка ощутил настоящий, холодный страх.

Этот страх был не похож ни на что, испытанное на тренировках. Там, в безопасности учебного зала, поражение означало синяк да колкость наставника. Здесь, в ущелье, оно означало смерть — настоящую, окончательную. И в этот ледяной миг вся заносчивость слетела с Таки разом, как шелуха. Он вдруг с ужасающей ясностью понял, что один, что хвалёные таланты не спасают, что опытные враги переиграют его в два счёта. Гордость, которая всю жизнь не давала ему просить помощи, треснула под напором этого первобытного страха. И сквозь трещину вырвалось то единственное слово, которое он скорее откусил бы себе язык, чем произнёс ещё минуту назад.

— Помогите! — вырвалось у него прежде, чем гордость успела зажать ему рот.

И случилось то, чего никто из троих не ожидал. Юки, которая терпеть не могла Таку, услышала этот крик — и, вместо того чтобы спасать себя, бросилась к нему. Не потому, что простила его колкости. А потому, что в этот миг сработало что-то глубже обиды: он был свой, а своих не бросают. Её внезапный удар сбоку отвлёк врагов ровно настолько, чтобы Така вырвался из кольца.

А Помару, увалень Помару, над которым все потешались, вдруг показал, на что способен. Пока остальные дрались, он один сохранил холодную голову — заметил, что враги оттесняют их от торговца, разгадал их замысел и тяжёлым, неуклюжим, но точным приёмом обрушил на головы нападающих подрубленный заранее каменный карниз. Грохот, пыль, смятение — и расклад боя качнулся.

— Спина к спине! — заорал наставник Рэн, пробиваясь к ученикам. — Сейчас или никогда! Вместе!

И на этот раз они услышали. Трое генинов, минуту назад разбежавшихся в стороны, сошлись наконец вместе — Така, Юки и Помару, спина к спине, лицом к врагам со всех сторон. И вдруг оказалось, что вместе они — совсем не то, что порознь. Сила Таки, упорство Юки, смекалка Помару, сложенные воедино, дали то, чего не было ни у одного из них поодиночке. Бой ещё не был выигран. Но впервые они дрались как команда.', 'published', '2026-03-19T12:00:00+00:00', '2026-03-19T13:00:00+00:00');
    INSERT INTO chapters (id, story_id, title, content, draft_title, draft_content, status, created_at, updated_at) VALUES (
        '7fe7653b-dd84-5d50-bb35-acaf346677aa', '873a21c6-f5b6-5645-a892-138ecc17d302', 'Спина к спине', 'Бой в ущелье был тяжёлым и долгим. Враги превосходили их числом и опытом, и не раз кому-то из троих приходилось туго. Но теперь, стоя спина к спине, они прикрывали друг друга — и это меняло всё.

Така, всю жизнь привыкший блистать в одиночку, вдруг обнаружил, до чего проще драться, когда твою спину стережёт кто-то надёжный. Ему больше не нужно было оглядываться, тратить силы на оборону со всех сторон, — за спиной была Юки, и он мог отдаться нападению целиком, зная, что сзади не ударят. Это знание удваивало его силу.

Удивительнее всего было то, что эта простая истина — сражаться вместе легче, чем порознь — никак не давалась им на тренировках, сколько ни втолковывал её наставник. А тут, в настоящем бою, где цена ошибки была жизнью, она вдруг открылась сама собой, мгновенно и навсегда. Тело раньше разума поняло: чужая надёжная спина дороже любого личного таланта. Така, Юки и Помару, ещё вчера видевшие друг в друге досадную помеху, теперь цеплялись друг за друга, как утопающие за плот, — и обнаруживали, что вместе держатся на плаву там, где поодиночке давно пошли бы ко дну. Вражда, копившаяся неделями, сгорела в этом бою без остатка.

Юки, привыкшая никому не доверять, ловила себя на том, что доверяет — впервые. Когда враг заходил ей за спину, его встречал Така. Когда её теснили, рядом оказывался Помару. Не нужно было прикрывать себя со всех сторон одной. Можно было положиться на других — и она, к собственному изумлению, полагалась, и это работало.

А Помару, увалень и шут, оказался настоящим сердцем этой команды. Он держал голову холодной, когда остальных захлёстывал жар боя. Он видел поле целиком и подсказывал, куда бить, кого прикрыть, когда отступить. Над ним больше никто не смеялся. В смертельной схватке выяснилось, что его насмешники остро нуждаются в его спокойной смекалке.

Они выстояли. Измотанные, израненные, но живые, они отбили нападение — и не потому, что вдруг стали сильнее врагов. Они победили потому, что перестали быть тремя одиночками и стали наконец одним целым. Тем самым, о чём твердил наставник Рэн и чего они никак не желали слышать.

Когда последний враг отступил, трое генинов рухнули на землю прямо там, где стояли, тяжело дыша, перепачканные пылью и кровью из мелких ран. Несколько минут все молчали, приходя в себя. А потом Така, гордый, заносчивый Така, повернулся к Юки.

— Ты вернулась за мной, — сказал он. — Хотя я... хотя я наговорил тебе всякого. Почему?

Юки пожала плечами, отводя взгляд.

— Потому что ты теперь мой, — буркнула она. — Дурак заносчивый. А своих не бросают. Даже таких невыносимых.

Помару, лёжа между ними, расхохотался — устало и счастливо. И, как ни странно, оба его вечных обидчика рассмеялись тоже. Что-то между ними тремя в этот миг переменилось навсегда.',
        'Спина к спине', 'Бой в ущелье был тяжёлым и долгим. Враги превосходили их числом и опытом, и не раз кому-то из троих приходилось туго. Но теперь, стоя спина к спине, они прикрывали друг друга — и это меняло всё.

Така, всю жизнь привыкший блистать в одиночку, вдруг обнаружил, до чего проще драться, когда твою спину стережёт кто-то надёжный. Ему больше не нужно было оглядываться, тратить силы на оборону со всех сторон, — за спиной была Юки, и он мог отдаться нападению целиком, зная, что сзади не ударят. Это знание удваивало его силу.

Удивительнее всего было то, что эта простая истина — сражаться вместе легче, чем порознь — никак не давалась им на тренировках, сколько ни втолковывал её наставник. А тут, в настоящем бою, где цена ошибки была жизнью, она вдруг открылась сама собой, мгновенно и навсегда. Тело раньше разума поняло: чужая надёжная спина дороже любого личного таланта. Така, Юки и Помару, ещё вчера видевшие друг в друге досадную помеху, теперь цеплялись друг за друга, как утопающие за плот, — и обнаруживали, что вместе держатся на плаву там, где поодиночке давно пошли бы ко дну. Вражда, копившаяся неделями, сгорела в этом бою без остатка.

Юки, привыкшая никому не доверять, ловила себя на том, что доверяет — впервые. Когда враг заходил ей за спину, его встречал Така. Когда её теснили, рядом оказывался Помару. Не нужно было прикрывать себя со всех сторон одной. Можно было положиться на других — и она, к собственному изумлению, полагалась, и это работало.

А Помару, увалень и шут, оказался настоящим сердцем этой команды. Он держал голову холодной, когда остальных захлёстывал жар боя. Он видел поле целиком и подсказывал, куда бить, кого прикрыть, когда отступить. Над ним больше никто не смеялся. В смертельной схватке выяснилось, что его насмешники остро нуждаются в его спокойной смекалке.

Они выстояли. Измотанные, израненные, но живые, они отбили нападение — и не потому, что вдруг стали сильнее врагов. Они победили потому, что перестали быть тремя одиночками и стали наконец одним целым. Тем самым, о чём твердил наставник Рэн и чего они никак не желали слышать.

Когда последний враг отступил, трое генинов рухнули на землю прямо там, где стояли, тяжело дыша, перепачканные пылью и кровью из мелких ран. Несколько минут все молчали, приходя в себя. А потом Така, гордый, заносчивый Така, повернулся к Юки.

— Ты вернулась за мной, — сказал он. — Хотя я... хотя я наговорил тебе всякого. Почему?

Юки пожала плечами, отводя взгляд.

— Потому что ты теперь мой, — буркнула она. — Дурак заносчивый. А своих не бросают. Даже таких невыносимых.

Помару, лёжа между ними, расхохотался — устало и счастливо. И, как ни странно, оба его вечных обидчика рассмеялись тоже. Что-то между ними тремя в этот миг переменилось навсегда.', 'published', '2026-03-20T12:00:00+00:00', '2026-03-20T13:00:00+00:00');
    INSERT INTO chapters (id, story_id, title, content, draft_title, draft_content, status, created_at, updated_at) VALUES (
        '023ebbc9-1121-531c-9c91-6e9e79cb0b48', '873a21c6-f5b6-5645-a892-138ecc17d302', 'Чему не учат в академии', 'Они доставили торговца и его груз в целости — задание было выполнено. Но не это было главным итогом вылазки, и все четверо это понимали. Главным было то, что обратно из ущелья вышла уже не наспех собранная троица одиночек, а настоящая команда.

Перемена была не показной, не на словах — она засела глубоко, в самой основе их отношений. Пережив вместе настоящую опасность, выручив друг друга на грани, они обрели то, что не купишь и не выучишь: безоговорочное доверие. Теперь Така знал, что Юки прикроет, как бы они ни ссорились прежде. Юки знала, что на Помару можно положиться в самую трудную минуту. А Помару знал, что больше не один и не лишний, что его ценят, — и от этого знания расцветал на глазах. Три осколка, которые судьба свела вместе наобум, сплавились наконец в единое целое — и целое это оказалось куда крепче и сильнее суммы своих частей.

Перемена была видна во всём. Они больше не цеплялись друг к другу. Така перестал сыпать колкостями — поход показал ему цену надёжного товарища, и оказалось, что эта цена выше любого знатного имени. Юки оттаяла, понемногу подпуская других ближе, чем подпускала кого-либо за всю свою одинокую жизнь. А Помару, почувствовав, что его наконец ценят, расцвёл и стал тем, кем был всегда, — душой и опорой команды.

Наставник Рэн наблюдал за этой переменой с тихим удовлетворением. Он знал, что так будет. Знал, что слова до молодых не доходят, а доходит только пережитое вместе. Можно сто раз повторять на тренировках «доверяйте друг другу» — впустую. Но один настоящий бой спина к спине учит этому вернее любых наставлений. Потому что доверие — не техника, которую разучивают по свитку. Доверие выковывается в общей беде.

— Помните, что я говорил вам перед выходом? — спросил Рэн, когда они отдыхали на обратном пути. — Про то, что вы не трое одиночек, а одно целое?

— Помним, — отозвался Така. — Тогда мы вас не слушали.

— А теперь? — усмехнулся наставник.

Трое генинов переглянулись. И впервые за всё время — без колкостей, без насмешек, без вражды — улыбнулись друг другу по-настоящему.

— А теперь знаем, — ответила за всех Юки. — Спина к спине. Не порознь.

Наставник Рэн кивнул, довольный. Из этой невыносимой троицы, понял он, выйдет толк. Может быть, лучшая команда, какая у него была. Потому что они прошли вместе через настоящую опасность и вышли из неё связанными крепче, чем связывают любые клановые узы и любые таланты.

А три юных шиноби шагали по дороге домой — усталые, израненные, но впервые по-настоящему сильные. Они так и не выучили в той вылазке ни одной новой техники. Зато научились главному, чему не учат в академии: что один в поле не воин, а трое, что стоят друг за друга, способны выстоять там, где поодиночке сгинул бы каждый. И эту науку они не забудут до конца своего пути.',
        'Чему не учат в академии', 'Они доставили торговца и его груз в целости — задание было выполнено. Но не это было главным итогом вылазки, и все четверо это понимали. Главным было то, что обратно из ущелья вышла уже не наспех собранная троица одиночек, а настоящая команда.

Перемена была не показной, не на словах — она засела глубоко, в самой основе их отношений. Пережив вместе настоящую опасность, выручив друг друга на грани, они обрели то, что не купишь и не выучишь: безоговорочное доверие. Теперь Така знал, что Юки прикроет, как бы они ни ссорились прежде. Юки знала, что на Помару можно положиться в самую трудную минуту. А Помару знал, что больше не один и не лишний, что его ценят, — и от этого знания расцветал на глазах. Три осколка, которые судьба свела вместе наобум, сплавились наконец в единое целое — и целое это оказалось куда крепче и сильнее суммы своих частей.

Перемена была видна во всём. Они больше не цеплялись друг к другу. Така перестал сыпать колкостями — поход показал ему цену надёжного товарища, и оказалось, что эта цена выше любого знатного имени. Юки оттаяла, понемногу подпуская других ближе, чем подпускала кого-либо за всю свою одинокую жизнь. А Помару, почувствовав, что его наконец ценят, расцвёл и стал тем, кем был всегда, — душой и опорой команды.

Наставник Рэн наблюдал за этой переменой с тихим удовлетворением. Он знал, что так будет. Знал, что слова до молодых не доходят, а доходит только пережитое вместе. Можно сто раз повторять на тренировках «доверяйте друг другу» — впустую. Но один настоящий бой спина к спине учит этому вернее любых наставлений. Потому что доверие — не техника, которую разучивают по свитку. Доверие выковывается в общей беде.

— Помните, что я говорил вам перед выходом? — спросил Рэн, когда они отдыхали на обратном пути. — Про то, что вы не трое одиночек, а одно целое?

— Помним, — отозвался Така. — Тогда мы вас не слушали.

— А теперь? — усмехнулся наставник.

Трое генинов переглянулись. И впервые за всё время — без колкостей, без насмешек, без вражды — улыбнулись друг другу по-настоящему.

— А теперь знаем, — ответила за всех Юки. — Спина к спине. Не порознь.

Наставник Рэн кивнул, довольный. Из этой невыносимой троицы, понял он, выйдет толк. Может быть, лучшая команда, какая у него была. Потому что они прошли вместе через настоящую опасность и вышли из неё связанными крепче, чем связывают любые клановые узы и любые таланты.

А три юных шиноби шагали по дороге домой — усталые, израненные, но впервые по-настоящему сильные. Они так и не выучили в той вылазке ни одной новой техники. Зато научились главному, чему не учат в академии: что один в поле не воин, а трое, что стоят друг за друга, способны выстоять там, где поодиночке сгинул бы каждый. И эту науку они не забудут до конца своего пути.', 'published', '2026-03-21T12:00:00+00:00', '2026-03-21T13:00:00+00:00');

    -- [18] Чайная на границе (naruto)
    INSERT INTO stories (id, slug, title, status, author_id, ai_summary, created_at, updated_at) VALUES (
        '891d5637-f3c4-5096-b4d7-38557e4a86f3', 'naruto-chaynaya-na-granice', 'Чайная на границе', 'published', v_author_id, 'Бывший шиноби, уставший от войны, держит маленькую чайную на границе двух земель. К нему заходят и друзья, и враги — и за чашкой чая он находит способ мирить тех, кого развела вражда.',
        '2026-03-16T12:00:00+00:00', '2026-05-02T10:00:00+00:00');
    INSERT INTO story_tags (story_id, tag_id) VALUES ('891d5637-f3c4-5096-b4d7-38557e4a86f3', '10000001-0001-4001-8001-000000000004');
    INSERT INTO story_tags (story_id, tag_id) VALUES ('891d5637-f3c4-5096-b4d7-38557e4a86f3', '10000004-0004-4004-8004-000000000001');
    INSERT INTO story_tags (story_id, tag_id) VALUES ('891d5637-f3c4-5096-b4d7-38557e4a86f3', '10000005-0005-4005-8005-000000000002');
    INSERT INTO story_tags (story_id, tag_id) VALUES ('891d5637-f3c4-5096-b4d7-38557e4a86f3', '10000006-0006-4006-8006-000000000001');
    INSERT INTO story_tags (story_id, tag_id) VALUES ('891d5637-f3c4-5096-b4d7-38557e4a86f3', '10000002-0002-4002-8002-000000000004');
    INSERT INTO story_tags (story_id, tag_id) VALUES ('891d5637-f3c4-5096-b4d7-38557e4a86f3', '10000002-0002-4002-8002-000000000001');
    INSERT INTO chapters (id, story_id, title, content, draft_title, draft_content, status, created_at, updated_at) VALUES (
        '29c3c557-c6f9-599c-8b1c-a4e00032621e', '891d5637-f3c4-5096-b4d7-38557e4a86f3', 'Чайник вместо клинка', 'Когда-то Дзиро был грозным шиноби — из тех, чьё имя заставляло врагов вздрагивать. Он прошёл войну от первого дня до последнего, потерял на ней друзей и часть себя, а когда всё кончилось, понял, что больше не может поднять оружие. Не от слабости. От усталости сердца, которую не лечат ни отдых, ни время.

И тогда Дзиро сделал то, чего от него никто не ждал. Он сложил клинки в сундук, запер его и открыл маленькую чайную — там, где меньше всего ждёшь встретить покой, на самой границе двух земель, что веками враждовали друг с другом. Деревянный домик у перекрёстка дорог, очаг, котелок, ряды чашек на полке да сад с травами за окном — вот и всё его новое царство.

Многие крутили пальцем у виска. Граница — место беспокойное. Здесь сходились пути шиноби обеих враждующих земель, здесь чаще, чем где-либо, могла вспыхнуть стычка. Открывать тут чайную, говорили Дзиро, всё равно что ставить хрупкую чашку на острие меча. Но Дзиро только улыбался в ответ и продолжал заваривать чай.

В этой невозмутимости и крылась тайна Дзиро. Он повидал на войне столько, что мирная угроза стычки в чайной попросту не пугала его — после настоящих сражений всё прочее казалось мелким. А ещё он твёрдо знал то, чего не знали крутившие пальцем у виска: вражда не вечна, она держится на усталости и страхе, и стоит дать человеку передышку, тепло и чашку чая, как самый озлобленный воин вспоминает, что он прежде всего человек. Дзиро не спорил с теми, кто звал его затею безумной. Он просто день за днём топил очаг, кипятил воду и ждал, твёрдо веря, что его хрупкая чашка на острие меча окажется крепче, чем кажется.

У него был дар — не боевой, особый. Дзиро умел слушать. За годы войны он насмотрелся на людей в их худшие и лучшие минуты и научился видеть за угрюмым лицом усталость, за грубым словом — боль, за враждой — застарелую обиду, которую никто не решается высказать. И теперь этот дар он обратил на пользу. К нему в чайную заходили разные люди — торговцы, странники, шиноби обеих земель, — и каждому Дзиро наливал чашку чая и слушал. Просто слушал.

Удивительное дело: за горячей чашкой, в тепле очага, под спокойным взглядом хозяина люди оттаивали. Грозные воины, привыкшие держать лицо, вдруг начинали говорить о наболевшем. О тоске по дому. О погибших товарищах. О том, как устали воевать, но не знают, как остановиться. Чайная Дзиро незаметно стала местом, где снимали доспехи не только с тела, но и с души.

Сам Дзиро говорил мало. Он наливал чай, подбрасывал поленья в очаг, кивал, изредка вставлял тихое слово. Но люди уходили от него другими, чем приходили, — будто оставляли в этой чайной часть своей тяжести. И постепенно по обе стороны границы поползла молва: есть, мол, на перекрёстке место, где можно перевести дух. Где никто не спросит, друг ты или враг. Где просто нальют чаю и выслушают.',
        'Чайник вместо клинка', 'Когда-то Дзиро был грозным шиноби — из тех, чьё имя заставляло врагов вздрагивать. Он прошёл войну от первого дня до последнего, потерял на ней друзей и часть себя, а когда всё кончилось, понял, что больше не может поднять оружие. Не от слабости. От усталости сердца, которую не лечат ни отдых, ни время.

И тогда Дзиро сделал то, чего от него никто не ждал. Он сложил клинки в сундук, запер его и открыл маленькую чайную — там, где меньше всего ждёшь встретить покой, на самой границе двух земель, что веками враждовали друг с другом. Деревянный домик у перекрёстка дорог, очаг, котелок, ряды чашек на полке да сад с травами за окном — вот и всё его новое царство.

Многие крутили пальцем у виска. Граница — место беспокойное. Здесь сходились пути шиноби обеих враждующих земель, здесь чаще, чем где-либо, могла вспыхнуть стычка. Открывать тут чайную, говорили Дзиро, всё равно что ставить хрупкую чашку на острие меча. Но Дзиро только улыбался в ответ и продолжал заваривать чай.

В этой невозмутимости и крылась тайна Дзиро. Он повидал на войне столько, что мирная угроза стычки в чайной попросту не пугала его — после настоящих сражений всё прочее казалось мелким. А ещё он твёрдо знал то, чего не знали крутившие пальцем у виска: вражда не вечна, она держится на усталости и страхе, и стоит дать человеку передышку, тепло и чашку чая, как самый озлобленный воин вспоминает, что он прежде всего человек. Дзиро не спорил с теми, кто звал его затею безумной. Он просто день за днём топил очаг, кипятил воду и ждал, твёрдо веря, что его хрупкая чашка на острие меча окажется крепче, чем кажется.

У него был дар — не боевой, особый. Дзиро умел слушать. За годы войны он насмотрелся на людей в их худшие и лучшие минуты и научился видеть за угрюмым лицом усталость, за грубым словом — боль, за враждой — застарелую обиду, которую никто не решается высказать. И теперь этот дар он обратил на пользу. К нему в чайную заходили разные люди — торговцы, странники, шиноби обеих земель, — и каждому Дзиро наливал чашку чая и слушал. Просто слушал.

Удивительное дело: за горячей чашкой, в тепле очага, под спокойным взглядом хозяина люди оттаивали. Грозные воины, привыкшие держать лицо, вдруг начинали говорить о наболевшем. О тоске по дому. О погибших товарищах. О том, как устали воевать, но не знают, как остановиться. Чайная Дзиро незаметно стала местом, где снимали доспехи не только с тела, но и с души.

Сам Дзиро говорил мало. Он наливал чай, подбрасывал поленья в очаг, кивал, изредка вставлял тихое слово. Но люди уходили от него другими, чем приходили, — будто оставляли в этой чайной часть своей тяжести. И постепенно по обе стороны границы поползла молва: есть, мол, на перекрёстке место, где можно перевести дух. Где никто не спросит, друг ты или враг. Где просто нальют чаю и выслушают.', 'published', '2026-03-16T12:00:00+00:00', '2026-03-16T13:00:00+00:00');
    INSERT INTO chapters (id, story_id, title, content, draft_title, draft_content, status, created_at, updated_at) VALUES (
        '3f6e355b-e7c0-527f-a155-dbef7cddf9a6', '891d5637-f3c4-5096-b4d7-38557e4a86f3', 'Двое у одного очага', 'Однажды вечером, в дождь, в чайную Дзиро вошли двое — почти одновременно, с разных дорог. И хозяин с первого взгляда понял: беда. Это были шиноби враждующих земель, и оба узнали друг друга мгновенно. Руки разом метнулись к оружию, в тесной чайной запахло близкой схваткой.

— Не здесь, — спокойно, но твёрдо сказал Дзиро, заступая им дорогу. — В моей чайной не дерутся. Таково единственное правило. Кто хочет драться — на улицу, под дождь. А кто хочет чаю — садитесь. Оба.

Что-то в его голосе — спокойствие человека, повидавшего слишком много, чтобы бояться двух разъярённых воинов, — заставило обоих помедлить. А Дзиро уже хлопотал у очага, будто ничего не случилось, и вскоре перед каждым из непрошеных гостей дымилась чашка.

Это был его излюбленный приём, выработанный годами, — не уговаривать, не разнимать, не читать нотаций о вреде вражды, а просто поставить перед человеком горячую чашку и заняться обыденным делом, будто ничего особенного не происходит. Будничность обезоруживала лучше любых слов. Трудно держать клинок наготове, когда хозяин рядом невозмутимо подбрасывает дрова в очаг и толкует о распутице на горных тропах. Гнев, не находя ни отклика, ни противника, понемногу выдыхался сам собой, как остывает забытый на холоде уголёк. Дзиро знал это и потому никогда не торопил своих гостей — ни словом, ни взглядом. Время и тепло, верил он, сделают всё лучше всякого увещевания.

Они сели — по разные стороны, как можно дальше друг от друга, не сводя враждебных глаз. Дзиро не торопил. Он подбросил дров, заварил себе чаю и завёл неспешный разговор — ни о чём, о погоде, о дожде, о том, как тяжело в распутицу идти по горным тропам. Мало-помалу напряжение в чайной стало спадать.

А потом Дзиро, как бы между прочим, спросил одного из них, далеко ли тот держит путь. Шиноби нехотя ответил: домой, к больной матери, которую не видел три года из-за войны. И второй, услышав это, вдруг вздрогнул. У него самого мать слегла прошлой зимой, и он так же рвался к ней сквозь все кордоны. Два врага, сами того не желая, обнаружили, что тоскуют об одном и том же.

Дзиро молчал и подливал чай. А разговор, начавшись с матерей, потёк дальше — о доме, о детях, о деревнях, о том, как все они устали от бесконечной вражды, причин которой уже никто толком и не помнит. Два человека, явившиеся убить друг друга, сидели у одного очага и говорили, как говорят усталые путники, — и оружие давно лежало забытым.

К полуночи, когда дождь стих, они вышли из чайной вместе. Не друзьями — для дружбы слишком много крови лежало между их землями. Но и не врагами. Просто двумя людьми, которые увидели друг в друге не мишень, а человека с такой же матерью, таким же домом, такой же усталостью. И каждый пошёл своей дорогой, унося с собой не злобу, а странное, непривычное тепло.

Дзиро убирал чашки и тихо улыбался. Вот она, думал он, его новая война — за каждого, кого удаётся хоть на вечер вырвать из круга ненависти. Война, которую ведут не клинком, а чайником. И в этой войне он одерживал победы куда более прочные, чем все те, что добывал когда-то оружием.',
        'Двое у одного очага', 'Однажды вечером, в дождь, в чайную Дзиро вошли двое — почти одновременно, с разных дорог. И хозяин с первого взгляда понял: беда. Это были шиноби враждующих земель, и оба узнали друг друга мгновенно. Руки разом метнулись к оружию, в тесной чайной запахло близкой схваткой.

— Не здесь, — спокойно, но твёрдо сказал Дзиро, заступая им дорогу. — В моей чайной не дерутся. Таково единственное правило. Кто хочет драться — на улицу, под дождь. А кто хочет чаю — садитесь. Оба.

Что-то в его голосе — спокойствие человека, повидавшего слишком много, чтобы бояться двух разъярённых воинов, — заставило обоих помедлить. А Дзиро уже хлопотал у очага, будто ничего не случилось, и вскоре перед каждым из непрошеных гостей дымилась чашка.

Это был его излюбленный приём, выработанный годами, — не уговаривать, не разнимать, не читать нотаций о вреде вражды, а просто поставить перед человеком горячую чашку и заняться обыденным делом, будто ничего особенного не происходит. Будничность обезоруживала лучше любых слов. Трудно держать клинок наготове, когда хозяин рядом невозмутимо подбрасывает дрова в очаг и толкует о распутице на горных тропах. Гнев, не находя ни отклика, ни противника, понемногу выдыхался сам собой, как остывает забытый на холоде уголёк. Дзиро знал это и потому никогда не торопил своих гостей — ни словом, ни взглядом. Время и тепло, верил он, сделают всё лучше всякого увещевания.

Они сели — по разные стороны, как можно дальше друг от друга, не сводя враждебных глаз. Дзиро не торопил. Он подбросил дров, заварил себе чаю и завёл неспешный разговор — ни о чём, о погоде, о дожде, о том, как тяжело в распутицу идти по горным тропам. Мало-помалу напряжение в чайной стало спадать.

А потом Дзиро, как бы между прочим, спросил одного из них, далеко ли тот держит путь. Шиноби нехотя ответил: домой, к больной матери, которую не видел три года из-за войны. И второй, услышав это, вдруг вздрогнул. У него самого мать слегла прошлой зимой, и он так же рвался к ней сквозь все кордоны. Два врага, сами того не желая, обнаружили, что тоскуют об одном и том же.

Дзиро молчал и подливал чай. А разговор, начавшись с матерей, потёк дальше — о доме, о детях, о деревнях, о том, как все они устали от бесконечной вражды, причин которой уже никто толком и не помнит. Два человека, явившиеся убить друг друга, сидели у одного очага и говорили, как говорят усталые путники, — и оружие давно лежало забытым.

К полуночи, когда дождь стих, они вышли из чайной вместе. Не друзьями — для дружбы слишком много крови лежало между их землями. Но и не врагами. Просто двумя людьми, которые увидели друг в друге не мишень, а человека с такой же матерью, таким же домом, такой же усталостью. И каждый пошёл своей дорогой, унося с собой не злобу, а странное, непривычное тепло.

Дзиро убирал чашки и тихо улыбался. Вот она, думал он, его новая война — за каждого, кого удаётся хоть на вечер вырвать из круга ненависти. Война, которую ведут не клинком, а чайником. И в этой войне он одерживал победы куда более прочные, чем все те, что добывал когда-то оружием.', 'published', '2026-03-17T12:00:00+00:00', '2026-03-17T13:00:00+00:00');
    INSERT INTO chapters (id, story_id, title, content, draft_title, draft_content, status, created_at, updated_at) VALUES (
        '05de40d2-1c8d-5ad1-bb49-ab53f75ea651', '891d5637-f3c4-5096-b4d7-38557e4a86f3', 'Мир за чашкой чая', 'Годы шли, и чайная на границе стала местом почти легендарным. О ней рассказывали по обе стороны рубежа — о тихом хозяине, что не спрашивает, друг ты или враг, и наливает чай каждому. Сюда стали нарочно приходить те, кто устал враждовать. Здесь, за низким столом у очага, не раз начинались разговоры, которые потом меняли многое.

Сам Дзиро не считал это своей заслугой и смущался, когда его благодарили. Он искренне полагал, что не делает ничего особенного, — всего лишь заваривает чай да слушает. Но в этом «всего лишь» и крылась редкая мудрость. Большие люди вели войны и подписывали договоры, гремели именами и творили историю; а где-то на безвестном перекрёстке тихий бывший воин делал то, без чего любые договоры рассыпались бы в прах, — возвращал враждующим способность видеть друг в друге людей. Без этой малости не бывает мира. И Дзиро, не помышляя о славе, день за днём творил её своим чайником — терпеливо, упрямо, по одной спасённой от ненависти душе за раз.

Дзиро не вёл переговоров и не подписывал договоров — он был всего лишь чайным мастером. Но он создал то, без чего не бывает никакого мира: место, где враги могли встретиться не как враги. Где можно было снять доспех, отложить клинок и просто посмотреть друг другу в глаза за горячей чашкой. А когда люди видят друг в друге людей, воевать становится куда труднее.

Однажды к нему зашёл старый знакомец — бывший соратник по войне, ставший теперь большим человеком в своей деревне. Он оглядел скромную чайную, покачал головой и сказал:

— Дзиро, я не понимаю тебя. Ты был одним из сильнейших. Ты мог бы командовать отрядами, учить молодых, греметь на весь край. А ты завариваешь чай на богом забытом перекрёстке. Не жаль тебе своей силы?

Дзиро задумчиво помешал угли в очаге.

— Знаешь, — ответил он наконец, — я долго думал, в чём моя сила. Считал, что в клинке. А оказалось — в умении слушать. Клинком я отнял немало жизней. А этим чайником, — он кивнул на котелок, — я, может быть, спас не меньше. Только об этом не слагают песен, и память о таком не гремит на весь край. Зато по ночам я сплю спокойно. А раньше — не спал.

Соратник долго молчал, глядя в свою чашку.

— А ведь и я не сплю, — признался он вдруг тихо, и в голосе грозного человека послышалась давняя, спрятанная боль. — С самой войны.

Дзиро подлил ему чаю.

— Рассказывай, — сказал он мягко. — Я слушаю. Спешить нам некуда.

И его старый товарищ, большой и важный человек, начал говорить — то, что носил в себе годами и не мог сказать никому. А Дзиро слушал, кивал и подливал чай, как делал это для сотен других. За окном садилось солнце, в очаге потрескивали дрова, и в маленькой чайной на границе двух враждующих земель снова, как и каждый день, тихо и незаметно творилось то, что важнее любых побед, — человек переставал быть один на один со своей болью. А значит, в мире становилось чуть больше мира.',
        'Мир за чашкой чая', 'Годы шли, и чайная на границе стала местом почти легендарным. О ней рассказывали по обе стороны рубежа — о тихом хозяине, что не спрашивает, друг ты или враг, и наливает чай каждому. Сюда стали нарочно приходить те, кто устал враждовать. Здесь, за низким столом у очага, не раз начинались разговоры, которые потом меняли многое.

Сам Дзиро не считал это своей заслугой и смущался, когда его благодарили. Он искренне полагал, что не делает ничего особенного, — всего лишь заваривает чай да слушает. Но в этом «всего лишь» и крылась редкая мудрость. Большие люди вели войны и подписывали договоры, гремели именами и творили историю; а где-то на безвестном перекрёстке тихий бывший воин делал то, без чего любые договоры рассыпались бы в прах, — возвращал враждующим способность видеть друг в друге людей. Без этой малости не бывает мира. И Дзиро, не помышляя о славе, день за днём творил её своим чайником — терпеливо, упрямо, по одной спасённой от ненависти душе за раз.

Дзиро не вёл переговоров и не подписывал договоров — он был всего лишь чайным мастером. Но он создал то, без чего не бывает никакого мира: место, где враги могли встретиться не как враги. Где можно было снять доспех, отложить клинок и просто посмотреть друг другу в глаза за горячей чашкой. А когда люди видят друг в друге людей, воевать становится куда труднее.

Однажды к нему зашёл старый знакомец — бывший соратник по войне, ставший теперь большим человеком в своей деревне. Он оглядел скромную чайную, покачал головой и сказал:

— Дзиро, я не понимаю тебя. Ты был одним из сильнейших. Ты мог бы командовать отрядами, учить молодых, греметь на весь край. А ты завариваешь чай на богом забытом перекрёстке. Не жаль тебе своей силы?

Дзиро задумчиво помешал угли в очаге.

— Знаешь, — ответил он наконец, — я долго думал, в чём моя сила. Считал, что в клинке. А оказалось — в умении слушать. Клинком я отнял немало жизней. А этим чайником, — он кивнул на котелок, — я, может быть, спас не меньше. Только об этом не слагают песен, и память о таком не гремит на весь край. Зато по ночам я сплю спокойно. А раньше — не спал.

Соратник долго молчал, глядя в свою чашку.

— А ведь и я не сплю, — признался он вдруг тихо, и в голосе грозного человека послышалась давняя, спрятанная боль. — С самой войны.

Дзиро подлил ему чаю.

— Рассказывай, — сказал он мягко. — Я слушаю. Спешить нам некуда.

И его старый товарищ, большой и важный человек, начал говорить — то, что носил в себе годами и не мог сказать никому. А Дзиро слушал, кивал и подливал чай, как делал это для сотен других. За окном садилось солнце, в очаге потрескивали дрова, и в маленькой чайной на границе двух враждующих земель снова, как и каждый день, тихо и незаметно творилось то, что важнее любых побед, — человек переставал быть один на один со своей болью. А значит, в мире становилось чуть больше мира.', 'published', '2026-03-18T12:00:00+00:00', '2026-03-18T13:00:00+00:00');

    -- [19] Печать на сердце (naruto)
    INSERT INTO stories (id, slug, title, status, author_id, ai_summary, created_at, updated_at) VALUES (
        '09e83347-ec2d-56d8-a150-a22593a037c7', 'naruto-pechat-na-serdce', 'Печать на сердце', 'published', v_author_id, 'Девочка, в которой с рождения запечатан могучий и опасный дух, растёт изгоем — пока не встречает того, кто видит в ней не оружие и не угрозу, а просто человека.',
        '2026-03-14T12:00:00+00:00', '2026-05-01T09:00:00+00:00');
    INSERT INTO story_tags (story_id, tag_id) VALUES ('09e83347-ec2d-56d8-a150-a22593a037c7', '10000001-0001-4001-8001-000000000004');
    INSERT INTO story_tags (story_id, tag_id) VALUES ('09e83347-ec2d-56d8-a150-a22593a037c7', '10000004-0004-4004-8004-000000000002');
    INSERT INTO story_tags (story_id, tag_id) VALUES ('09e83347-ec2d-56d8-a150-a22593a037c7', '10000005-0005-4005-8005-000000000003');
    INSERT INTO story_tags (story_id, tag_id) VALUES ('09e83347-ec2d-56d8-a150-a22593a037c7', '10000006-0006-4006-8006-000000000002');
    INSERT INTO story_tags (story_id, tag_id) VALUES ('09e83347-ec2d-56d8-a150-a22593a037c7', '10000002-0002-4002-8002-000000000001');
    INSERT INTO story_tags (story_id, tag_id) VALUES ('09e83347-ec2d-56d8-a150-a22593a037c7', '10000002-0002-4002-8002-000000000003');
    INSERT INTO chapters (id, story_id, title, content, draft_title, draft_content, status, created_at, updated_at) VALUES (
        '73afb160-022a-514e-9dd9-082dcc4e7715', '09e83347-ec2d-56d8-a150-a22593a037c7', 'Та, кого боятся', 'Аои выросла, зная, что её боятся. Это знание было с ней всегда — раньше, чем она научилась говорить, раньше, чем поняла причину. Взрослые отводили детей в сторону, когда она проходила мимо. Старики делали охранные знаки за её спиной. Сверстники не звали играть, а если она подходила сама, разбегались.

Причину ей объяснили рано — слишком рано для ребёнка. В ночь, когда Аои родилась, деревню едва не уничтожил вырвавшийся на волю древний дух — свирепое существо из легенд, воплощение ярости и разрушения. Чтобы спасти всех, старейшины запечатали этот дух в новорождённой девочке. Так Аои стала живой темницей для чудовища — и в глазах односельчан навсегда срослась с ним воедино. Они смотрели на неё и видели не ребёнка. Они видели зверя за решёткой её тела и ждали, что однажды решётка падёт.

Это и было самое страшное в её одиночестве — не то, что её ненавидели, а то, что её словно не считали человеком вовсе. Ненависть хотя бы признаёт в тебе личность, пусть и враждебную. А на Аои смотрели сквозь, как сквозь клетку, замечая лишь зверя внутри. Для неё не находилось ни доброго слова, ни злого по-настоящему — только опасливая отстранённость, какой сторонятся не врага, а стихийной угрозы, вроде грозовой тучи или трясины. И от этого делалось особенно горько. Можно вытерпеть, когда тебя бьют. Куда труднее вытерпеть, когда тебя попросту вычёркивают из числа людей, не дав ни единого шанса доказать обратное.

Аои не помнила той ночи, не чувствовала в себе никакого зверя, не желала никому зла. Она была обычной девочкой — любила сладкое, боялась грозы, мечтала о друге. Но никто не желал видеть в ней обычную девочку. Печать на её животе, скрытая под одеждой, для всех была печатью на самой её душе — клеймом, отделявшим её от людей.

Хуже всего были не злые слова. К злым словам Аои притерпелась. Хуже всего было одиночество — глухое, ровное, безнадёжное. Сидеть одной на краю площадки, глядя, как играют другие. Есть в одиночестве. Возвращаться в пустой дом. Никто не брал её за руку, не звал по имени с теплом в голосе, не радовался, увидев её. Аои росла в толпе — и была в ней совершенно одна.

Она научилась прятать боль за равнодушием. Перестала подходить к другим детям, чтобы не видеть, как они разбегаются. Перестала улыбаться, чтобы улыбку не приняли за оскал чудовища. Маленькая девочка выстроила вокруг сердца стену потолще любой печати — и за этой стеной потихоньку черствела, превращаясь в то самое холодное, замкнутое существо, каким её и считали.

И, может быть, дух внутри неё и вправду дождался бы своего часа — не вырвавшись наружу, а просто заполнив пустоту, которую оставляет в человеке вечное одиночество. Ведь озлобиться от боли куда легче, чем остаться добрым. Аои стояла на этом краю, сама того не зная, в свои неполные десять лет.

А потом в деревне появился он — и всё начало меняться.',
        'Та, кого боятся', 'Аои выросла, зная, что её боятся. Это знание было с ней всегда — раньше, чем она научилась говорить, раньше, чем поняла причину. Взрослые отводили детей в сторону, когда она проходила мимо. Старики делали охранные знаки за её спиной. Сверстники не звали играть, а если она подходила сама, разбегались.

Причину ей объяснили рано — слишком рано для ребёнка. В ночь, когда Аои родилась, деревню едва не уничтожил вырвавшийся на волю древний дух — свирепое существо из легенд, воплощение ярости и разрушения. Чтобы спасти всех, старейшины запечатали этот дух в новорождённой девочке. Так Аои стала живой темницей для чудовища — и в глазах односельчан навсегда срослась с ним воедино. Они смотрели на неё и видели не ребёнка. Они видели зверя за решёткой её тела и ждали, что однажды решётка падёт.

Это и было самое страшное в её одиночестве — не то, что её ненавидели, а то, что её словно не считали человеком вовсе. Ненависть хотя бы признаёт в тебе личность, пусть и враждебную. А на Аои смотрели сквозь, как сквозь клетку, замечая лишь зверя внутри. Для неё не находилось ни доброго слова, ни злого по-настоящему — только опасливая отстранённость, какой сторонятся не врага, а стихийной угрозы, вроде грозовой тучи или трясины. И от этого делалось особенно горько. Можно вытерпеть, когда тебя бьют. Куда труднее вытерпеть, когда тебя попросту вычёркивают из числа людей, не дав ни единого шанса доказать обратное.

Аои не помнила той ночи, не чувствовала в себе никакого зверя, не желала никому зла. Она была обычной девочкой — любила сладкое, боялась грозы, мечтала о друге. Но никто не желал видеть в ней обычную девочку. Печать на её животе, скрытая под одеждой, для всех была печатью на самой её душе — клеймом, отделявшим её от людей.

Хуже всего были не злые слова. К злым словам Аои притерпелась. Хуже всего было одиночество — глухое, ровное, безнадёжное. Сидеть одной на краю площадки, глядя, как играют другие. Есть в одиночестве. Возвращаться в пустой дом. Никто не брал её за руку, не звал по имени с теплом в голосе, не радовался, увидев её. Аои росла в толпе — и была в ней совершенно одна.

Она научилась прятать боль за равнодушием. Перестала подходить к другим детям, чтобы не видеть, как они разбегаются. Перестала улыбаться, чтобы улыбку не приняли за оскал чудовища. Маленькая девочка выстроила вокруг сердца стену потолще любой печати — и за этой стеной потихоньку черствела, превращаясь в то самое холодное, замкнутое существо, каким её и считали.

И, может быть, дух внутри неё и вправду дождался бы своего часа — не вырвавшись наружу, а просто заполнив пустоту, которую оставляет в человеке вечное одиночество. Ведь озлобиться от боли куда легче, чем остаться добрым. Аои стояла на этом краю, сама того не зная, в свои неполные десять лет.

А потом в деревне появился он — и всё начало меняться.', 'published', '2026-03-14T12:00:00+00:00', '2026-03-14T13:00:00+00:00');
    INSERT INTO chapters (id, story_id, title, content, draft_title, draft_content, status, created_at, updated_at) VALUES (
        '98e1ed1a-fa5b-5125-bb6d-aec7575ffa37', '09e83347-ec2d-56d8-a150-a22593a037c7', 'Тот, кто не боится', 'Его звали Хару, и он был новенький — приехал в деревню с родителями-лекарями откуда-то издалека. Он не знал местных правил. Не знал, что Аои надо бояться. Не знал, что с ней не разговаривают.

И потому в первый же день, увидев девочку, одиноко сидящую на краю площадки, он просто подошёл и сел рядом. Аои напряглась, ожидая обычного: вот сейчас кто-нибудь шепнёт ему правду, и он отшатнётся, как все. Но Хару не отшатнулся. Он достал из кармана два леденца, один протянул ей и спросил, как её зовут.

Аои смотрела на леденец, не веря. Никто никогда не делился с ней сладким. Никто не спрашивал её имени так — просто, по-доброму, будто она обыкновенная.

— Аои, — выговорила она наконец сипло, отвыкнув разговаривать. — Меня зовут Аои. И тебе не надо со мной сидеть. Меня все боятся. Скоро и ты будешь.

— Почему? — удивился Хару, грызя свой леденец.

И Аои, сама не понимая зачем, рассказала ему правду — про дух, про печать, про ту страшную ночь. Рассказала жёстко, нарочно, чтобы он испугался сразу и ушёл, не растягивая. Чтобы не привыкать к нему и не терять потом.

Хару выслушал. Помолчал. А потом сказал то, чего Аои не слышала ни разу в жизни:

— Ну и что? Дух — это дух, а ты — это ты. Внутри почтового свитка может лежать приказ о войне, а сам свиток в этом не виноват, он просто бумага. Вот и ты просто Аои. То, что в тебе что-то заперли, не делает тебя этим чем-то. Глупо бояться человека за то, что он, оказывается, ещё и храбрее всех, раз держит в себе такое. По-моему, ты не страшная. По-моему, ты сильная.

Аои сидела, оглушённая. Стена, которую она годами строила вокруг сердца, дала трещину от этих простых слов. Никто и никогда не смотрел на неё так — не как на темницу зверя, а как на человека, который несёт тяжёлую ношу и не ломается. Глаза защипало, и она торопливо отвернулась, чтобы Хару не увидел слёз.

— Ты ещё пожалеешь, что подошёл, — пробормотала она, но в голосе уже не было прежнего холода. — Все жалеют.

— Не пожалею, — беспечно ответил Хару и положил ей в ладонь второй леденец. — На, держи ещё. У тебя такой вид, будто тебя сто лет никто ничем не угощал.

Что-то в этом мальчишке было такое, чему Аои не находила названия. Не жалость — жалости она навидалась и научилась её ненавидеть. Не любопытство — любопытные глазели на неё издали, как на диковинного зверя в клетке. Хару смотрел иначе: ровно, спокойно, как смотрят на обыкновенного человека, с которым приятно посидеть рядом. От этого простого, незнакомого взгляда у неё перехватывало дыхание. Она вдруг поняла, как же отчаянно соскучилась по тому, чтобы хоть кто-нибудь посмотрел на неё именно так — не сквозь печать, не на зверя внутри, а прямо ей в глаза, как смотрят на своего.

И это была чистая правда. Аои сжала в кулаке леденец, тёплый от его руки, и почувствовала, как впервые за всю её одинокую жизнь оттаивает что-то заледеневшее в самой глубине.',
        'Тот, кто не боится', 'Его звали Хару, и он был новенький — приехал в деревню с родителями-лекарями откуда-то издалека. Он не знал местных правил. Не знал, что Аои надо бояться. Не знал, что с ней не разговаривают.

И потому в первый же день, увидев девочку, одиноко сидящую на краю площадки, он просто подошёл и сел рядом. Аои напряглась, ожидая обычного: вот сейчас кто-нибудь шепнёт ему правду, и он отшатнётся, как все. Но Хару не отшатнулся. Он достал из кармана два леденца, один протянул ей и спросил, как её зовут.

Аои смотрела на леденец, не веря. Никто никогда не делился с ней сладким. Никто не спрашивал её имени так — просто, по-доброму, будто она обыкновенная.

— Аои, — выговорила она наконец сипло, отвыкнув разговаривать. — Меня зовут Аои. И тебе не надо со мной сидеть. Меня все боятся. Скоро и ты будешь.

— Почему? — удивился Хару, грызя свой леденец.

И Аои, сама не понимая зачем, рассказала ему правду — про дух, про печать, про ту страшную ночь. Рассказала жёстко, нарочно, чтобы он испугался сразу и ушёл, не растягивая. Чтобы не привыкать к нему и не терять потом.

Хару выслушал. Помолчал. А потом сказал то, чего Аои не слышала ни разу в жизни:

— Ну и что? Дух — это дух, а ты — это ты. Внутри почтового свитка может лежать приказ о войне, а сам свиток в этом не виноват, он просто бумага. Вот и ты просто Аои. То, что в тебе что-то заперли, не делает тебя этим чем-то. Глупо бояться человека за то, что он, оказывается, ещё и храбрее всех, раз держит в себе такое. По-моему, ты не страшная. По-моему, ты сильная.

Аои сидела, оглушённая. Стена, которую она годами строила вокруг сердца, дала трещину от этих простых слов. Никто и никогда не смотрел на неё так — не как на темницу зверя, а как на человека, который несёт тяжёлую ношу и не ломается. Глаза защипало, и она торопливо отвернулась, чтобы Хару не увидел слёз.

— Ты ещё пожалеешь, что подошёл, — пробормотала она, но в голосе уже не было прежнего холода. — Все жалеют.

— Не пожалею, — беспечно ответил Хару и положил ей в ладонь второй леденец. — На, держи ещё. У тебя такой вид, будто тебя сто лет никто ничем не угощал.

Что-то в этом мальчишке было такое, чему Аои не находила названия. Не жалость — жалости она навидалась и научилась её ненавидеть. Не любопытство — любопытные глазели на неё издали, как на диковинного зверя в клетке. Хару смотрел иначе: ровно, спокойно, как смотрят на обыкновенного человека, с которым приятно посидеть рядом. От этого простого, незнакомого взгляда у неё перехватывало дыхание. Она вдруг поняла, как же отчаянно соскучилась по тому, чтобы хоть кто-нибудь посмотрел на неё именно так — не сквозь печать, не на зверя внутри, а прямо ей в глаза, как смотрят на своего.

И это была чистая правда. Аои сжала в кулаке леденец, тёплый от его руки, и почувствовала, как впервые за всю её одинокую жизнь оттаивает что-то заледеневшее в самой глубине.', 'published', '2026-03-15T12:00:00+00:00', '2026-03-15T13:00:00+00:00');
    INSERT INTO chapters (id, story_id, title, content, draft_title, draft_content, status, created_at, updated_at) VALUES (
        'fbcdb7f0-68cf-590a-ac6d-30649150af01', '09e83347-ec2d-56d8-a150-a22593a037c7', 'Трещина в стене', 'Дружба Хару не убила в Аои настороженности сразу — слишком глубоко въелась в неё привычка ждать беды. Каждый день она просыпалась с мыслью, что сегодня он наконец поймёт, как все, и отвернётся. Каждый день готовилась к этому. И каждый день Хару приходил снова — с леденцами, с болтовнёй, с предложением поиграть, — и не отворачивался.

Мало-помалу стена вокруг её сердца осыпалась. Аои начала улыбаться — сперва робко, украдкой, потом всё свободнее. Начала смеяться над шутками Хару. Начала ждать встреч, вместо того чтобы их бояться. Она словно заново училась быть ребёнком — тем, кем ей не давали быть все эти годы.

Конечно, деревня не смирилась так легко. Взрослые косились на Хару, отводили в сторону, предостерегали: держись, мол, подальше от этой, добром не кончится. Родители других детей жаловались его родителям. Но Хару, к чести его, не поддавался. А его родители-лекари, люди мудрые и повидавшие мир, не стали запрещать сыну дружить. «Девочка ни в чём не виновата, — сказали они. — На неё взвалили чужую беду, а потом ещё и наказали за то, что взвалили. Если наш сын видит в ней друга, мы не станем ему мешать. Мир жесток к таким и без нашей помощи».

Эти слова, переданные ей Хару, Аои запомнила навсегда. Впервые взрослые встали на её сторону. Впервые кто-то назвал вслух то, что она смутно чувствовала всю жизнь, но не умела выразить: что с ней поступили несправедливо. Что нести в себе чужую беду — не вина, а подвиг, пусть и невольный.

Однажды, набравшись смелости, Аои спросила Хару о том, что давно её мучило:

— А тебе не страшно, что я однажды... не удержу его? Дух ведь сильный. Вдруг печать ослабнет, и я наврежу тебе? Все этого боятся. Может, и правильно боятся.

Хару задумался — серьёзнее обычного.

— Знаешь, что я думаю? — сказал он наконец. — Я думаю, печать держит не только сила старейшин. Я думаю, её держишь и ты сама — тем, что не злишься, не мстишь, остаёшься доброй, хотя все дали тебе тысячу причин озлобиться. Злоба — вот что кормит таких духов. А доброта — морит голодом. Так что, по-моему, чем ты добрее, тем крепче печать. И значит, я с тобой в большей безопасности, чем все эти трусы, которые тебя травят. Это они расшатывают печать своей ненавистью. А я её укрепляю. Дружбой.

Аои сидела ошеломлённая. Эта мысль была так проста и так переворачивала всё, что она привыкла думать о себе. Всю жизнь ей твердили, что она — ходячая угроза, бочка с порохом, которая однажды рванёт. А Хару вывернул это наизнанку: выходит, не печать держит зверя, а её собственная доброта; не одни старейшины уберегли деревню, а и она сама — тем, что не озлобилась, хотя имела на это тысячу причин. Получалось, что годы её одинокого терпения были не слабостью, а тихим, незаметным подвигом. И что те, кто её травил, не оберегали себя, а наоборот — расшатывали единственную настоящую преграду между деревней и бедой.

Аои смотрела на друга и думала, что он, сам того не зная, сказал, может быть, самую глубокую правду из всех, что она слышала. И что, кажется, именно из-за таких, как он, стоит оставаться доброй — назло всему миру.

(продолжение следует)',
        'Трещина в стене', 'Дружба Хару не убила в Аои настороженности сразу — слишком глубоко въелась в неё привычка ждать беды. Каждый день она просыпалась с мыслью, что сегодня он наконец поймёт, как все, и отвернётся. Каждый день готовилась к этому. И каждый день Хару приходил снова — с леденцами, с болтовнёй, с предложением поиграть, — и не отворачивался.

Мало-помалу стена вокруг её сердца осыпалась. Аои начала улыбаться — сперва робко, украдкой, потом всё свободнее. Начала смеяться над шутками Хару. Начала ждать встреч, вместо того чтобы их бояться. Она словно заново училась быть ребёнком — тем, кем ей не давали быть все эти годы.

Конечно, деревня не смирилась так легко. Взрослые косились на Хару, отводили в сторону, предостерегали: держись, мол, подальше от этой, добром не кончится. Родители других детей жаловались его родителям. Но Хару, к чести его, не поддавался. А его родители-лекари, люди мудрые и повидавшие мир, не стали запрещать сыну дружить. «Девочка ни в чём не виновата, — сказали они. — На неё взвалили чужую беду, а потом ещё и наказали за то, что взвалили. Если наш сын видит в ней друга, мы не станем ему мешать. Мир жесток к таким и без нашей помощи».

Эти слова, переданные ей Хару, Аои запомнила навсегда. Впервые взрослые встали на её сторону. Впервые кто-то назвал вслух то, что она смутно чувствовала всю жизнь, но не умела выразить: что с ней поступили несправедливо. Что нести в себе чужую беду — не вина, а подвиг, пусть и невольный.

Однажды, набравшись смелости, Аои спросила Хару о том, что давно её мучило:

— А тебе не страшно, что я однажды... не удержу его? Дух ведь сильный. Вдруг печать ослабнет, и я наврежу тебе? Все этого боятся. Может, и правильно боятся.

Хару задумался — серьёзнее обычного.

— Знаешь, что я думаю? — сказал он наконец. — Я думаю, печать держит не только сила старейшин. Я думаю, её держишь и ты сама — тем, что не злишься, не мстишь, остаёшься доброй, хотя все дали тебе тысячу причин озлобиться. Злоба — вот что кормит таких духов. А доброта — морит голодом. Так что, по-моему, чем ты добрее, тем крепче печать. И значит, я с тобой в большей безопасности, чем все эти трусы, которые тебя травят. Это они расшатывают печать своей ненавистью. А я её укрепляю. Дружбой.

Аои сидела ошеломлённая. Эта мысль была так проста и так переворачивала всё, что она привыкла думать о себе. Всю жизнь ей твердили, что она — ходячая угроза, бочка с порохом, которая однажды рванёт. А Хару вывернул это наизнанку: выходит, не печать держит зверя, а её собственная доброта; не одни старейшины уберегли деревню, а и она сама — тем, что не озлобилась, хотя имела на это тысячу причин. Получалось, что годы её одинокого терпения были не слабостью, а тихим, незаметным подвигом. И что те, кто её травил, не оберегали себя, а наоборот — расшатывали единственную настоящую преграду между деревней и бедой.

Аои смотрела на друга и думала, что он, сам того не зная, сказал, может быть, самую глубокую правду из всех, что она слышала. И что, кажется, именно из-за таких, как он, стоит оставаться доброй — назло всему миру.

(продолжение следует)', 'published', '2026-03-16T12:00:00+00:00', '2026-03-16T13:00:00+00:00');

    -- [20] Экзамен на стойкость (naruto)
    INSERT INTO stories (id, slug, title, status, author_id, ai_summary, created_at, updated_at) VALUES (
        '02addfa3-7940-5beb-bc25-1bb81fbcf8f8', 'naruto-ekzamen-na-stoykost', 'Экзамен на стойкость', 'published', v_author_id, 'На экзамене для будущих чунинов главное испытание оказывается не в силе техник, а в выборе: победить любой ценой — или остаться тем, кем хочешь быть.',
        '2026-03-12T12:00:00+00:00', '2026-04-30T08:00:00+00:00');
    INSERT INTO story_tags (story_id, tag_id) VALUES ('02addfa3-7940-5beb-bc25-1bb81fbcf8f8', '10000001-0001-4001-8001-000000000004');
    INSERT INTO story_tags (story_id, tag_id) VALUES ('02addfa3-7940-5beb-bc25-1bb81fbcf8f8', '10000004-0004-4004-8004-000000000002');
    INSERT INTO story_tags (story_id, tag_id) VALUES ('02addfa3-7940-5beb-bc25-1bb81fbcf8f8', '10000005-0005-4005-8005-000000000003');
    INSERT INTO story_tags (story_id, tag_id) VALUES ('02addfa3-7940-5beb-bc25-1bb81fbcf8f8', '10000006-0006-4006-8006-000000000001');
    INSERT INTO story_tags (story_id, tag_id) VALUES ('02addfa3-7940-5beb-bc25-1bb81fbcf8f8', '10000002-0002-4002-8002-000000000006');
    INSERT INTO story_tags (story_id, tag_id) VALUES ('02addfa3-7940-5beb-bc25-1bb81fbcf8f8', '10000002-0002-4002-8002-000000000001');
    INSERT INTO story_tags (story_id, tag_id) VALUES ('02addfa3-7940-5beb-bc25-1bb81fbcf8f8', '10000003-0003-4003-8003-000000000002');
    INSERT INTO chapters (id, story_id, title, content, draft_title, draft_content, status, created_at, updated_at) VALUES (
        '036be5e8-4fe9-5a19-afd4-79963514f6c7', '02addfa3-7940-5beb-bc25-1bb81fbcf8f8', 'Лес испытаний', 'Экзамен на звание чунина славился своей жестокостью. Из множества генинов, что съезжались на него со всех окрестных деревень, повышение получали единицы. Остальные уходили ни с чем — а кое-кто и вовсе не уходил, потому что испытания были не понарошку.

Главным этапом был Лес — огромная, дикая чаща, куда экзаменуемых забрасывали с одним заданием: добыть особый свиток. Свитков было ровно вполовину меньше, чем участников. А это означало простую и жёсткую арифметику: чтобы пройти, ты должен был отнять свиток у другого. Экзамен нарочно сталкивал генинов лбами, проверяя не только силу, но и то, на что они готовы пойти ради победы.

Сора вошёл в Лес с твёрдым намерением пройти. Он был способным генином, упорно тренировался, и звание чунина значило для него очень много — это был шаг к мечте, к признанию, к тому, чтобы из мальчишки стать настоящим шиноби. Но был у Соры один принцип, который он усвоил от наставника и держал крепко: сила существует, чтобы защищать, а не чтобы отнимать. И этот принцип Лес испытаний собирался проверить на прочность.

Первые два дня прошли в выживании. Сора прятался, выслеживал, уходил от стычек, искал способ добыть свиток, не нападая на слабых. Это оказалось почти невозможно. Сильные команды охотились на одиночек. Хитрые расставляли ловушки. Лес быстро превращал вчерашних товарищей по академии в соперников, а кое-кого — и во врагов. Сора видел, как меняются лица знакомых ребят, как азарт и страх вытесняют в них всё человеческое, и ему делалось не по себе.

Лес работал именно так, как и был задуман, — он обнажал в людях то, что они прятали даже от себя. Под давлением голода, усталости и страха с генинов слетала всякая шелуха, и наружу проступала их истинная суть. Кто-то оказывался хитрее, кто-то — жёстче, чем можно было подумать в мирной академии. Сора с тревогой наблюдал эту перемену в знакомых лицах и всё чаще ловил себя на вопросе, которого прежде не задавал: а что Лес обнажит в нём самом? Устоит ли его принцип, когда дойдёт до дела, или тоже окажется шелухой, слетающей при первом серьёзном соблазне? Он не знал ответа. И это незнание тревожило его сильнее любого врага.

На третий день, измотанный и голодный, он всё ещё был без свитка. Время поджимало. Соблазн нарастал: вокруг то и дело попадались ослабевшие, раненые, отбившиеся генины — лёгкая добыча. Отними у такого свиток, и ты прошёл. Все так делали. Это было по правилам. Никто не осудил бы.

И вот наконец судьба подбросила ему такой случай. На лесной поляне Сора набрёл на генина из чужой деревни — раненого, обессиленного, лежащего без чувств у корней дерева. А рядом, выпавший из ослабевшей руки, лежал тот самый свиток. Бери — не хочу. Один шаг, и Сора пройдёт экзамен.

Он шагнул вперёд. И замер.',
        'Лес испытаний', 'Экзамен на звание чунина славился своей жестокостью. Из множества генинов, что съезжались на него со всех окрестных деревень, повышение получали единицы. Остальные уходили ни с чем — а кое-кто и вовсе не уходил, потому что испытания были не понарошку.

Главным этапом был Лес — огромная, дикая чаща, куда экзаменуемых забрасывали с одним заданием: добыть особый свиток. Свитков было ровно вполовину меньше, чем участников. А это означало простую и жёсткую арифметику: чтобы пройти, ты должен был отнять свиток у другого. Экзамен нарочно сталкивал генинов лбами, проверяя не только силу, но и то, на что они готовы пойти ради победы.

Сора вошёл в Лес с твёрдым намерением пройти. Он был способным генином, упорно тренировался, и звание чунина значило для него очень много — это был шаг к мечте, к признанию, к тому, чтобы из мальчишки стать настоящим шиноби. Но был у Соры один принцип, который он усвоил от наставника и держал крепко: сила существует, чтобы защищать, а не чтобы отнимать. И этот принцип Лес испытаний собирался проверить на прочность.

Первые два дня прошли в выживании. Сора прятался, выслеживал, уходил от стычек, искал способ добыть свиток, не нападая на слабых. Это оказалось почти невозможно. Сильные команды охотились на одиночек. Хитрые расставляли ловушки. Лес быстро превращал вчерашних товарищей по академии в соперников, а кое-кого — и во врагов. Сора видел, как меняются лица знакомых ребят, как азарт и страх вытесняют в них всё человеческое, и ему делалось не по себе.

Лес работал именно так, как и был задуман, — он обнажал в людях то, что они прятали даже от себя. Под давлением голода, усталости и страха с генинов слетала всякая шелуха, и наружу проступала их истинная суть. Кто-то оказывался хитрее, кто-то — жёстче, чем можно было подумать в мирной академии. Сора с тревогой наблюдал эту перемену в знакомых лицах и всё чаще ловил себя на вопросе, которого прежде не задавал: а что Лес обнажит в нём самом? Устоит ли его принцип, когда дойдёт до дела, или тоже окажется шелухой, слетающей при первом серьёзном соблазне? Он не знал ответа. И это незнание тревожило его сильнее любого врага.

На третий день, измотанный и голодный, он всё ещё был без свитка. Время поджимало. Соблазн нарастал: вокруг то и дело попадались ослабевшие, раненые, отбившиеся генины — лёгкая добыча. Отними у такого свиток, и ты прошёл. Все так делали. Это было по правилам. Никто не осудил бы.

И вот наконец судьба подбросила ему такой случай. На лесной поляне Сора набрёл на генина из чужой деревни — раненого, обессиленного, лежащего без чувств у корней дерева. А рядом, выпавший из ослабевшей руки, лежал тот самый свиток. Бери — не хочу. Один шаг, и Сора пройдёт экзамен.

Он шагнул вперёд. И замер.', 'published', '2026-03-12T12:00:00+00:00', '2026-03-12T13:00:00+00:00');
    INSERT INTO chapters (id, story_id, title, content, draft_title, draft_content, status, created_at, updated_at) VALUES (
        'a64576cb-7165-57a2-af1f-66b3dc20180f', '02addfa3-7940-5beb-bc25-1bb81fbcf8f8', 'Лёгкая добыча', 'Раненый генин был совсем плох. Бледный, в испарине, он метался в горячке, и Сора с одного взгляда понял: если оставить его так, без помощи, до конца экзамена парень не доживёт. Рана воспалилась, начинался жар, а сам он был без сознания и помочь себе не мог.

Свиток лежал рядом, в траве. Сора смотрел на него и чувствовал, как внутри борются двое. Один говорил голосом честолюбия: бери и уходи, это экзамен, тут каждый сам за себя, ты ничего ему не должен, он чужак, соперник, и оказался слаб — его беда. Возьми свиток и пройди. Ты столько шёл к этому.

Другой голос был тише, но Сора знал его лучше — это был голос наставника, голос его собственного сердца. Сила существует, чтобы защищать, а не чтобы отнимать. Что толку в звании чунина, добытом ценой брошенного умирать человека? Кем ты станешь, переступив через лежащего? Тем самым, в кого Лес превращает всех, — зверем, для которого чужая жизнь дешевле бумажки.

Сора стоял над свитком долго. А потом наклонился — но не за свитком. Он опустился на колени рядом с раненым, достал свои скудные припасы, чистую воду, бинты, которые берёг для себя, и принялся обрабатывать чужую рану. Промыл, перевязал, влил в пересохшие губы воды, остудил жар мокрой тканью. Он возился с врагом-соперником столько, сколько было нужно, забыв и про экзамен, и про время, и про свиток в траве.

Странное это было занятие — выхаживать того, кого по всем правилам полагалось ограбить. Сора и сам не до конца понимал, зачем тратит на чужака свои припасы, своё драгоценное время, свои силы, которых и так оставалось мало. Здравый смысл шиноби вопил, что это глупость, что так экзамен не сдают. Но руки делали своё дело помимо рассудка — промывали рану, меняли повязку, остужали жар, — потому что для Соры оставить человека умирать ради бумажки было попросту немыслимо. Не из расчёта. Не ради высокой цели. А просто потому, что иначе он не умел и не хотел уметь. И в этом, сам того не зная, он и проходил главное испытание Леса.

К ночи раненый пришёл в себя. Открыл мутные глаза, увидел склонившегося над ним Сору, увидел свой свиток, лежащий нетронутым рядом, — и не понял.

— Почему... ты не взял? — прохрипел он. — Свиток. Ты мог. Я был без сознания. Ты бы прошёл.

— Мог, — согласился Сора, поправляя повязку. — Но тогда я перестал бы быть тем, кем хочу быть. А звание чунина того не стоит. Лежи, не дёргайся, рану растревожишь.

Раненый смотрел на него так, будто Сора был самым непонятным существом на свете. В Лесу испытаний, где все грызли друг другу глотки за бумажку, кто-то выхаживал соперника, отказавшись от лёгкой победы. Это не укладывалось в голове.

— Ты дурак, — сказал он наконец, но без злости, скорее с изумлением. — Полный дурак. Из-за меня ты, скорее всего, провалишь экзамен.

— Может быть, — пожал плечами Сора. — Зато я по-прежнему я. Спи. Утром тебе станет легче.',
        'Лёгкая добыча', 'Раненый генин был совсем плох. Бледный, в испарине, он метался в горячке, и Сора с одного взгляда понял: если оставить его так, без помощи, до конца экзамена парень не доживёт. Рана воспалилась, начинался жар, а сам он был без сознания и помочь себе не мог.

Свиток лежал рядом, в траве. Сора смотрел на него и чувствовал, как внутри борются двое. Один говорил голосом честолюбия: бери и уходи, это экзамен, тут каждый сам за себя, ты ничего ему не должен, он чужак, соперник, и оказался слаб — его беда. Возьми свиток и пройди. Ты столько шёл к этому.

Другой голос был тише, но Сора знал его лучше — это был голос наставника, голос его собственного сердца. Сила существует, чтобы защищать, а не чтобы отнимать. Что толку в звании чунина, добытом ценой брошенного умирать человека? Кем ты станешь, переступив через лежащего? Тем самым, в кого Лес превращает всех, — зверем, для которого чужая жизнь дешевле бумажки.

Сора стоял над свитком долго. А потом наклонился — но не за свитком. Он опустился на колени рядом с раненым, достал свои скудные припасы, чистую воду, бинты, которые берёг для себя, и принялся обрабатывать чужую рану. Промыл, перевязал, влил в пересохшие губы воды, остудил жар мокрой тканью. Он возился с врагом-соперником столько, сколько было нужно, забыв и про экзамен, и про время, и про свиток в траве.

Странное это было занятие — выхаживать того, кого по всем правилам полагалось ограбить. Сора и сам не до конца понимал, зачем тратит на чужака свои припасы, своё драгоценное время, свои силы, которых и так оставалось мало. Здравый смысл шиноби вопил, что это глупость, что так экзамен не сдают. Но руки делали своё дело помимо рассудка — промывали рану, меняли повязку, остужали жар, — потому что для Соры оставить человека умирать ради бумажки было попросту немыслимо. Не из расчёта. Не ради высокой цели. А просто потому, что иначе он не умел и не хотел уметь. И в этом, сам того не зная, он и проходил главное испытание Леса.

К ночи раненый пришёл в себя. Открыл мутные глаза, увидел склонившегося над ним Сору, увидел свой свиток, лежащий нетронутым рядом, — и не понял.

— Почему... ты не взял? — прохрипел он. — Свиток. Ты мог. Я был без сознания. Ты бы прошёл.

— Мог, — согласился Сора, поправляя повязку. — Но тогда я перестал бы быть тем, кем хочу быть. А звание чунина того не стоит. Лежи, не дёргайся, рану растревожишь.

Раненый смотрел на него так, будто Сора был самым непонятным существом на свете. В Лесу испытаний, где все грызли друг другу глотки за бумажку, кто-то выхаживал соперника, отказавшись от лёгкой победы. Это не укладывалось в голове.

— Ты дурак, — сказал он наконец, но без злости, скорее с изумлением. — Полный дурак. Из-за меня ты, скорее всего, провалишь экзамен.

— Может быть, — пожал плечами Сора. — Зато я по-прежнему я. Спи. Утром тебе станет легче.', 'published', '2026-03-13T12:00:00+00:00', '2026-03-13T13:00:00+00:00');
    INSERT INTO chapters (id, story_id, title, content, draft_title, draft_content, status, created_at, updated_at) VALUES (
        '2c2e177c-9f99-54bd-ad7c-a17040d8aa8f', '02addfa3-7940-5beb-bc25-1bb81fbcf8f8', 'Цена победы', 'Утром раненому и впрямь стало легче — жар спал, и он уже мог сидеть. Всю ночь Сора продежурил рядом, охраняя сон того, кого по правилам экзамена должен был ограбить. И теперь, на рассвете, перед ним стоял трудный итог: времени почти не осталось, а свитка у него так и не было.

Парень — его звали Кэн — долго смотрел на измученного Сору. А потом сделал то, чего Сора не ожидал. Он взял свой свиток и протянул ему.

— Бери, — сказал он. — Ты заслужил его в сто раз честнее любого, кто отнял силой.

— Не возьму, — покачал головой Сора. — Тогда ты провалишь экзамен. Я не для того тебя выхаживал, чтобы отнять напоследок.

— А я и так его провалю, — усмехнулся Кэн. — Я едва на ногах стою, какой из меня сейчас чунин. А ты цел и силён. Глупо, чтобы свиток пропал зря. Бери, это моя воля, не грабёж. И... спасибо. Ты спас мне жизнь, чужак. Я этого не забуду.

Сора колебался. Но в словах Кэна была правда: раненому до повышения было всё равно далеко, а отказ обесценил бы его благодарность. И Сора принял свиток — не как добычу, а как дар. Они помогли друг другу выбраться из Леса вместе, поддерживая ослабевшего Кэна, и эта дорога связала двух недавних соперников крепче многих лет знакомства.

Есть связи, что выковываются годами, а есть такие, что рождаются в один-единственный решающий миг и оказываются прочнее всего на свете. Между Сорой и Кэном протянулась именно такая. Они были чужаками, соперниками, людьми из разных деревень — а вышли из Леса друзьями, потому что один не бросил другого там, где бросить было и проще, и выгоднее. Кэн запомнил эту ночь на всю жизнь: как очнулся, ожидая ограбления, а нашёл заботу; как чужак отдал ему воду и сон, не взяв взамен ничего. Такое не забывается. И позже, когда жизнь не раз сводила их пути, между ними всегда стояло то лесное доверие, не требующее ни слов, ни проверок.

Когда экзаменаторы подвели итоги, выяснилось странное. Сора прошёл — но не потому, что принёс свиток. Оказалось, за участниками всё время следили скрытые наблюдатели, и главным в экзамене была вовсе не бумажка.

— Свиток — это приманка, — объяснил седой экзаменатор, глядя на удивлённых генинов. — Способных бойцов у нас хватает. Чунин — это не просто сильный шиноби. Это тот, кому доверяют вести за собой других, отвечать за чужие жизни. И весь этот Лес был одним вопросом: кем вы станете, когда никто не смотрит и можно всё? Большинство из вас ответило: хищником. И это тоже ответ. Но повышение получат те немногие, кто в Лесу, полном соблазнов, остался человеком.

Сора стоял, потрясённый. Он шёл через Лес, уверенный, что его принципы стоят ему победы. А оказалось, именно они и были победой.

— Сила, которая отнимает, нам не нужна, — закончил экзаменатор, глядя прямо на Сору. — Нам нужна сила, которая защищает. Помни это, чунин.',
        'Цена победы', 'Утром раненому и впрямь стало легче — жар спал, и он уже мог сидеть. Всю ночь Сора продежурил рядом, охраняя сон того, кого по правилам экзамена должен был ограбить. И теперь, на рассвете, перед ним стоял трудный итог: времени почти не осталось, а свитка у него так и не было.

Парень — его звали Кэн — долго смотрел на измученного Сору. А потом сделал то, чего Сора не ожидал. Он взял свой свиток и протянул ему.

— Бери, — сказал он. — Ты заслужил его в сто раз честнее любого, кто отнял силой.

— Не возьму, — покачал головой Сора. — Тогда ты провалишь экзамен. Я не для того тебя выхаживал, чтобы отнять напоследок.

— А я и так его провалю, — усмехнулся Кэн. — Я едва на ногах стою, какой из меня сейчас чунин. А ты цел и силён. Глупо, чтобы свиток пропал зря. Бери, это моя воля, не грабёж. И... спасибо. Ты спас мне жизнь, чужак. Я этого не забуду.

Сора колебался. Но в словах Кэна была правда: раненому до повышения было всё равно далеко, а отказ обесценил бы его благодарность. И Сора принял свиток — не как добычу, а как дар. Они помогли друг другу выбраться из Леса вместе, поддерживая ослабевшего Кэна, и эта дорога связала двух недавних соперников крепче многих лет знакомства.

Есть связи, что выковываются годами, а есть такие, что рождаются в один-единственный решающий миг и оказываются прочнее всего на свете. Между Сорой и Кэном протянулась именно такая. Они были чужаками, соперниками, людьми из разных деревень — а вышли из Леса друзьями, потому что один не бросил другого там, где бросить было и проще, и выгоднее. Кэн запомнил эту ночь на всю жизнь: как очнулся, ожидая ограбления, а нашёл заботу; как чужак отдал ему воду и сон, не взяв взамен ничего. Такое не забывается. И позже, когда жизнь не раз сводила их пути, между ними всегда стояло то лесное доверие, не требующее ни слов, ни проверок.

Когда экзаменаторы подвели итоги, выяснилось странное. Сора прошёл — но не потому, что принёс свиток. Оказалось, за участниками всё время следили скрытые наблюдатели, и главным в экзамене была вовсе не бумажка.

— Свиток — это приманка, — объяснил седой экзаменатор, глядя на удивлённых генинов. — Способных бойцов у нас хватает. Чунин — это не просто сильный шиноби. Это тот, кому доверяют вести за собой других, отвечать за чужие жизни. И весь этот Лес был одним вопросом: кем вы станете, когда никто не смотрит и можно всё? Большинство из вас ответило: хищником. И это тоже ответ. Но повышение получат те немногие, кто в Лесу, полном соблазнов, остался человеком.

Сора стоял, потрясённый. Он шёл через Лес, уверенный, что его принципы стоят ему победы. А оказалось, именно они и были победой.

— Сила, которая отнимает, нам не нужна, — закончил экзаменатор, глядя прямо на Сору. — Нам нужна сила, которая защищает. Помни это, чунин.', 'published', '2026-03-14T12:00:00+00:00', '2026-03-14T13:00:00+00:00');
    INSERT INTO chapters (id, story_id, title, content, draft_title, draft_content, status, created_at, updated_at) VALUES (
        '535d4d11-e7ae-597d-812e-d982e4cd7753', '02addfa3-7940-5beb-bc25-1bb81fbcf8f8', 'Кем ты хочешь быть', 'Сора получил звание чунина — и не один. Кэн, тот самый раненый соперник, хоть и провалил экзамен в тот раз, сдал его на следующий, окрепнув, и стал Соре верным другом на годы вперёд. Их странная дружба, родившаяся в Лесу испытаний над нетронутым свитком, оказалась прочнее любых клановых уз.

Но главное, что вынес Сора из того экзамена, было не звание и даже не дружба. Главным был ответ на вопрос, который задал ему Лес и который, как он понял позже, жизнь задаёт человеку снова и снова: кем ты станешь, когда никто не смотрит и можно всё?

Сора понял со временем, что Лес был лишь первой, самой наглядной проверкой, а после неё жизнь устраивала их без конца, только не объявляя об этом заранее. Каждый раз, когда можно было схитрить без свидетелей, присвоить чужое без последствий, переступить через слабого ради своей выгоды, — это снова был тот самый Лес и тот самый свиток в траве. Большинство, он замечал, проваливало эти невидимые экзамены легко, не заметив их вовсе. И именно потому по-настоящему надёжных людей, тех, на кого можно опереться в беде, всегда оказывалось так мало. Сора твёрдо решил остаться одним из них — и держал это решение крепче любого оружия.

Сора нашёл свой ответ в чаще, над лежащим без чувств соперником, и пронёс его через всю дальнейшую жизнь шиноби. Сколько бы соблазнов ни подбрасывала ему судьба — а она подбрасывала их немало, — он всякий раз вспоминал ту поляну и тот свиток в траве. И выбирал остаться собой, чего бы это ни стоило.

Годы спустя, став уже опытным наставником, Сора водил собственных учеников на тот самый экзамен. И перед Лесом испытаний всегда говорил им одно и то же — то, что когда-то перевернуло его самого.

— Вас будут проверять на силу, — говорил он. — На технику, на хитрость, на выносливость. Всё это важно. Но запомните: настоящее испытание там — не в том, сумеете ли вы добыть свиток. А в том, кем вы выйдете из этого Леса. Сила без сердца делает не чунина, а зверя. И никакое звание этого не исправит.

Молодые генины слушали его, не вполне понимая, — так же, как не понимал когда-то и сам Сора. Они узнают цену этих слов позже, в чаще, наедине с собственным выбором. Так уж устроены настоящие уроки: их нельзя выучить заранее, их можно только пережить.

Сора смотрел вслед уходящим в Лес ученикам и тихо надеялся, что хотя бы кто-то из них выберет правильно. Что хотя бы один наклонится не за свитком, а к лежащему рядом человеку. И что цепочка, начатая когда-то его собственным наставником и продолженная им, не оборвётся.

Потому что деревни держатся не на сильнейших. Они держатся на тех, кто остаётся человеком, когда никто не смотрит и можно всё. Этому Сора научился в Лесу испытаний. И это, единственное по-настоящему, он хотел передать дальше.',
        'Кем ты хочешь быть', 'Сора получил звание чунина — и не один. Кэн, тот самый раненый соперник, хоть и провалил экзамен в тот раз, сдал его на следующий, окрепнув, и стал Соре верным другом на годы вперёд. Их странная дружба, родившаяся в Лесу испытаний над нетронутым свитком, оказалась прочнее любых клановых уз.

Но главное, что вынес Сора из того экзамена, было не звание и даже не дружба. Главным был ответ на вопрос, который задал ему Лес и который, как он понял позже, жизнь задаёт человеку снова и снова: кем ты станешь, когда никто не смотрит и можно всё?

Сора понял со временем, что Лес был лишь первой, самой наглядной проверкой, а после неё жизнь устраивала их без конца, только не объявляя об этом заранее. Каждый раз, когда можно было схитрить без свидетелей, присвоить чужое без последствий, переступить через слабого ради своей выгоды, — это снова был тот самый Лес и тот самый свиток в траве. Большинство, он замечал, проваливало эти невидимые экзамены легко, не заметив их вовсе. И именно потому по-настоящему надёжных людей, тех, на кого можно опереться в беде, всегда оказывалось так мало. Сора твёрдо решил остаться одним из них — и держал это решение крепче любого оружия.

Сора нашёл свой ответ в чаще, над лежащим без чувств соперником, и пронёс его через всю дальнейшую жизнь шиноби. Сколько бы соблазнов ни подбрасывала ему судьба — а она подбрасывала их немало, — он всякий раз вспоминал ту поляну и тот свиток в траве. И выбирал остаться собой, чего бы это ни стоило.

Годы спустя, став уже опытным наставником, Сора водил собственных учеников на тот самый экзамен. И перед Лесом испытаний всегда говорил им одно и то же — то, что когда-то перевернуло его самого.

— Вас будут проверять на силу, — говорил он. — На технику, на хитрость, на выносливость. Всё это важно. Но запомните: настоящее испытание там — не в том, сумеете ли вы добыть свиток. А в том, кем вы выйдете из этого Леса. Сила без сердца делает не чунина, а зверя. И никакое звание этого не исправит.

Молодые генины слушали его, не вполне понимая, — так же, как не понимал когда-то и сам Сора. Они узнают цену этих слов позже, в чаще, наедине с собственным выбором. Так уж устроены настоящие уроки: их нельзя выучить заранее, их можно только пережить.

Сора смотрел вслед уходящим в Лес ученикам и тихо надеялся, что хотя бы кто-то из них выберет правильно. Что хотя бы один наклонится не за свитком, а к лежащему рядом человеку. И что цепочка, начатая когда-то его собственным наставником и продолженная им, не оборвётся.

Потому что деревни держатся не на сильнейших. Они держатся на тех, кто остаётся человеком, когда никто не смотрит и можно всё. Этому Сора научился в Лесу испытаний. И это, единственное по-настоящему, он хотел передать дальше.', 'published', '2026-03-15T12:00:00+00:00', '2026-03-15T13:00:00+00:00');

    -- [21] Стажёрка Старк Индастриз (marvel)
    INSERT INTO stories (id, slug, title, status, author_id, ai_summary, created_at, updated_at) VALUES (
        '5d6392c5-e92a-578c-beee-0c97566baa70', 'marvel-stazhyorka-stark-industries', 'Стажёрка Старк Индастриз', 'published', v_author_id, 'Лена — обычная стажёрка в башне Старка, без суперсилы и брони. Когда системы здания выходят из строя в самый неподходящий момент, спасать положение приходится не герою, а ей.',
        '2026-03-10T12:00:00+00:00', '2026-04-29T12:00:00+00:00');
    INSERT INTO story_tags (story_id, tag_id) VALUES ('5d6392c5-e92a-578c-beee-0c97566baa70', '10000001-0001-4001-8001-000000000005');
    INSERT INTO story_tags (story_id, tag_id) VALUES ('5d6392c5-e92a-578c-beee-0c97566baa70', '10000004-0004-4004-8004-000000000001');
    INSERT INTO story_tags (story_id, tag_id) VALUES ('5d6392c5-e92a-578c-beee-0c97566baa70', '10000005-0005-4005-8005-000000000003');
    INSERT INTO story_tags (story_id, tag_id) VALUES ('5d6392c5-e92a-578c-beee-0c97566baa70', '10000006-0006-4006-8006-000000000001');
    INSERT INTO story_tags (story_id, tag_id) VALUES ('5d6392c5-e92a-578c-beee-0c97566baa70', '10000002-0002-4002-8002-000000000002');
    INSERT INTO story_tags (story_id, tag_id) VALUES ('5d6392c5-e92a-578c-beee-0c97566baa70', '10000002-0002-4002-8002-000000000004');
    INSERT INTO chapters (id, story_id, title, content, draft_title, draft_content, status, created_at, updated_at) VALUES (
        'f2bfa9d3-9c1e-5913-a835-efa509500ce9', '5d6392c5-e92a-578c-beee-0c97566baa70', 'Первый день', 'Лена Воронова приехала на стажировку в Старк Индастриз с двумя чемоданами, дипломом инженера и твёрдым убеждением, что попала сюда по ошибке. Башня Старка возвышалась над Манхэттеном, сверкая стеклом, и казалась Лене не зданием, а космическим кораблём, случайно приземлившимся среди обычных небоскрёбов.

Её определили в отдел инженерного обеспечения — то есть, как быстро выяснилось, в команду людей, которые следят, чтобы в самом высокотехнологичном здании планеты исправно работали лифты, кондиционеры и кофемашины. Не самая героическая работа. Никаких сражений с пришельцами, никакого спасения мира — только бесконечные журналы обслуживания, проверки систем и ворчливый наставник по имени Гэри, который, кажется, родился сразу пятидесятилетним и недовольным.

— Запомни главное правило, новенькая, — сказал ей Гэри в первый же день, ведя по гудящим техническим этажам, куда не пускали туристов и журналистов. — Эта башня — как живой организм. Снаружи все восхищаются мускулами: бронёй, реакторами, всей этой блестящей мишурой. А мы с тобой — это печень, почки и нервы. Нас никто не замечает, пока всё работает. Но стоит нам сбойнуть — и весь этот хвалёный организм рухнет в обморок. Так что не вешай нос, что ты не в красивом отделе. Без нас красивые отделы сидели бы в темноте и без кофе.

Лена кивала, но в душе была не согласна. Она приехала в Старк Индастриз не фильтры менять — она мечтала проектировать будущее, как те инженеры, чьи имена гремят на конференциях. Отец, простой автомеханик, всю жизнь возился в гараже с чужими моторами и говорил ей: «Большое дело, дочка, складывается из маленьких, сделанных на совесть». Лена любила отца, но втайне хотела другого — не маленьких дел на совесть, а большого, заметного, громкого. Тогда она ещё не знала, что отцовская правда настигнет её совсем скоро — в гудящей темноте девятнадцатого подуровня.

Лена слушала вполуха. Она-то мечтала разрабатывать что-нибудь великое, менять мир, а не менять фильтры в вентиляции. Но работа есть работа, а стажировка в Старк Индастриз — это строчка в резюме, ради которой стоило потерпеть и Гэри, и фильтры.

Первую неделю она честно скучала. Проверяла датчики, заполняла журналы, заучивала схемы здания — а схемы, надо сказать, были чудовищно сложными, потому что мистер Старк обожал лепить гениальные, но абсолютно нелогичные решения везде, где можно и нельзя. Лена ворчала, но схемы всё-таки выучила назубок — отчасти от скуки, отчасти потому, что не умела делать что-либо наполовину. Эта въедливость, доставшаяся ей от отца, вечно казалась ей недостатком: ну зачем зубрить устройство здания, в котором ты временный стажёр? Лена и не подозревала, что именно эта дотошность спустя неделю спасёт не одну жизнь.

А пока она вздыхала над журналом обслуживания, мечтала о великих делах и считала дни до конца смены, не догадываясь, что обычный вторник вот-вот перестанет быть обычным.',
        'Первый день', 'Лена Воронова приехала на стажировку в Старк Индастриз с двумя чемоданами, дипломом инженера и твёрдым убеждением, что попала сюда по ошибке. Башня Старка возвышалась над Манхэттеном, сверкая стеклом, и казалась Лене не зданием, а космическим кораблём, случайно приземлившимся среди обычных небоскрёбов.

Её определили в отдел инженерного обеспечения — то есть, как быстро выяснилось, в команду людей, которые следят, чтобы в самом высокотехнологичном здании планеты исправно работали лифты, кондиционеры и кофемашины. Не самая героическая работа. Никаких сражений с пришельцами, никакого спасения мира — только бесконечные журналы обслуживания, проверки систем и ворчливый наставник по имени Гэри, который, кажется, родился сразу пятидесятилетним и недовольным.

— Запомни главное правило, новенькая, — сказал ей Гэри в первый же день, ведя по гудящим техническим этажам, куда не пускали туристов и журналистов. — Эта башня — как живой организм. Снаружи все восхищаются мускулами: бронёй, реакторами, всей этой блестящей мишурой. А мы с тобой — это печень, почки и нервы. Нас никто не замечает, пока всё работает. Но стоит нам сбойнуть — и весь этот хвалёный организм рухнет в обморок. Так что не вешай нос, что ты не в красивом отделе. Без нас красивые отделы сидели бы в темноте и без кофе.

Лена кивала, но в душе была не согласна. Она приехала в Старк Индастриз не фильтры менять — она мечтала проектировать будущее, как те инженеры, чьи имена гремят на конференциях. Отец, простой автомеханик, всю жизнь возился в гараже с чужими моторами и говорил ей: «Большое дело, дочка, складывается из маленьких, сделанных на совесть». Лена любила отца, но втайне хотела другого — не маленьких дел на совесть, а большого, заметного, громкого. Тогда она ещё не знала, что отцовская правда настигнет её совсем скоро — в гудящей темноте девятнадцатого подуровня.

Лена слушала вполуха. Она-то мечтала разрабатывать что-нибудь великое, менять мир, а не менять фильтры в вентиляции. Но работа есть работа, а стажировка в Старк Индастриз — это строчка в резюме, ради которой стоило потерпеть и Гэри, и фильтры.

Первую неделю она честно скучала. Проверяла датчики, заполняла журналы, заучивала схемы здания — а схемы, надо сказать, были чудовищно сложными, потому что мистер Старк обожал лепить гениальные, но абсолютно нелогичные решения везде, где можно и нельзя. Лена ворчала, но схемы всё-таки выучила назубок — отчасти от скуки, отчасти потому, что не умела делать что-либо наполовину. Эта въедливость, доставшаяся ей от отца, вечно казалась ей недостатком: ну зачем зубрить устройство здания, в котором ты временный стажёр? Лена и не подозревала, что именно эта дотошность спустя неделю спасёт не одну жизнь.

А пока она вздыхала над журналом обслуживания, мечтала о великих делах и считала дни до конца смены, не догадываясь, что обычный вторник вот-вот перестанет быть обычным.', 'published', '2026-03-10T12:00:00+00:00', '2026-03-10T13:00:00+00:00');
    INSERT INTO chapters (id, story_id, title, content, draft_title, draft_content, status, created_at, updated_at) VALUES (
        '88571eaa-1bbb-5512-8a40-0eb931c7bb1b', '5d6392c5-e92a-578c-beee-0c97566baa70', 'Когда всё погасло', 'Всё началось в обеденный перерыв, когда добрая половина сотрудников разъехалась по кафе, а супергерои — те, кто вообще обитал в башне, — как назло, отбыли на какое-то важное задание на другом конце света. В здании оставались в основном офисные работники, посетители да горстка инженеров. И именно в этот момент всё пошло наперекосяк.

Сначала мигнул свет. Потом погасли мониторы на целом этаже. Потом, с тихим зловещим вздохом, остановились лифты — а в башне Старка их было несколько десятков, и в доброй половине застряли люди. Системы жизнеобеспечения начали отключаться одна за другой, как костяшки домино.

В техническом отделе поднялся переполох. Гэри метался от пульта к пульту, бледный, ругаясь сквозь зубы. Главный искусственный интеллект здания — гордость мистера Старка — выдавал ошибку за ошибкой и наконец вовсе ушёл на перезагрузку, оставив башню без управляющего разума.

— Что происходит?! — крикнул кто-то.

— Каскадный сбой, — мрачно отозвался Гэри, вглядываясь в схему. — Полетел один узел питания, за ним потянулись остальные. Без главного ИИ система не может перенаправить нагрузку. Если не восстановить вручную за двадцать минут, отключатся аварийные системы. А в лифтах люди. И на медицинском этаже пациенты на аппаратах. Это... это очень плохо.

Все взгляды заметались. Связаться с мистером Старком не получалось — он был вне зоны доступа. Главные инженеры застряли в тех самых лифтах. В отделе остались Гэри, ещё пара техников и Лена — стажёрка первой недели, которую никто и в расчёт не брал.

— Узел питания, который полетел, — вдруг сказала Лена, и собственный голос показался ей чужим. — Это сектор Д, девятнадцатый подуровень, да? Я его на той неделе проверяла. Там нестандартная разводка, мистер Старк зачем-то пустил резервную линию в обход главного контура. Если перемкнуть резерв напрямую, в обход сгоревшего узла, питание можно вернуть, не дожидаясь перезагрузки ИИ. Я... я помню схему.

В отделе повисла тишина. Все посмотрели на стажёрку первой недели так, будто она вдруг заговорила на чужом языке. Предложить лезть в нестандартную разводку мистера Старка по памяти, без схемы, когда на кону жизни, — это было либо безумием, либо единственным шансом. Гэри переводил взгляд с Лены на мёртвый пульт и обратно, и Лена видела, как в нём борются недоверие к новенькой и отчаяние человека, у которого кончились варианты. Секунды утекали. Где-то наверху, в застрявших лифтах, эти секунды были на вес золота, и все в комнате это понимали.

Гэри уставился на неё. В обычный день он отмахнулся бы от стажёрки. Но день был необычный, и других идей не было ни у кого.

— Ты уверена, что помнишь? — спросил он. — Там тысячи линий. Ошибёшься — устроишь короткое замыкание на весь сектор.

Лена сглотнула. Уверена ли она? Она зубрила эти схемы от скуки, не думая, что они когда-нибудь пригодятся. И вот теперь от того, насколько хорошо она запомнила нудные чертежи, зависели жизни людей в застрявших лифтах.

— Уверена, — сказала она, удивляясь собственной твёрдости. — Дайте мне инструменты и проводите до сектора Д. И помолитесь, чтобы у меня была хорошая память.',
        'Когда всё погасло', 'Всё началось в обеденный перерыв, когда добрая половина сотрудников разъехалась по кафе, а супергерои — те, кто вообще обитал в башне, — как назло, отбыли на какое-то важное задание на другом конце света. В здании оставались в основном офисные работники, посетители да горстка инженеров. И именно в этот момент всё пошло наперекосяк.

Сначала мигнул свет. Потом погасли мониторы на целом этаже. Потом, с тихим зловещим вздохом, остановились лифты — а в башне Старка их было несколько десятков, и в доброй половине застряли люди. Системы жизнеобеспечения начали отключаться одна за другой, как костяшки домино.

В техническом отделе поднялся переполох. Гэри метался от пульта к пульту, бледный, ругаясь сквозь зубы. Главный искусственный интеллект здания — гордость мистера Старка — выдавал ошибку за ошибкой и наконец вовсе ушёл на перезагрузку, оставив башню без управляющего разума.

— Что происходит?! — крикнул кто-то.

— Каскадный сбой, — мрачно отозвался Гэри, вглядываясь в схему. — Полетел один узел питания, за ним потянулись остальные. Без главного ИИ система не может перенаправить нагрузку. Если не восстановить вручную за двадцать минут, отключатся аварийные системы. А в лифтах люди. И на медицинском этаже пациенты на аппаратах. Это... это очень плохо.

Все взгляды заметались. Связаться с мистером Старком не получалось — он был вне зоны доступа. Главные инженеры застряли в тех самых лифтах. В отделе остались Гэри, ещё пара техников и Лена — стажёрка первой недели, которую никто и в расчёт не брал.

— Узел питания, который полетел, — вдруг сказала Лена, и собственный голос показался ей чужим. — Это сектор Д, девятнадцатый подуровень, да? Я его на той неделе проверяла. Там нестандартная разводка, мистер Старк зачем-то пустил резервную линию в обход главного контура. Если перемкнуть резерв напрямую, в обход сгоревшего узла, питание можно вернуть, не дожидаясь перезагрузки ИИ. Я... я помню схему.

В отделе повисла тишина. Все посмотрели на стажёрку первой недели так, будто она вдруг заговорила на чужом языке. Предложить лезть в нестандартную разводку мистера Старка по памяти, без схемы, когда на кону жизни, — это было либо безумием, либо единственным шансом. Гэри переводил взгляд с Лены на мёртвый пульт и обратно, и Лена видела, как в нём борются недоверие к новенькой и отчаяние человека, у которого кончились варианты. Секунды утекали. Где-то наверху, в застрявших лифтах, эти секунды были на вес золота, и все в комнате это понимали.

Гэри уставился на неё. В обычный день он отмахнулся бы от стажёрки. Но день был необычный, и других идей не было ни у кого.

— Ты уверена, что помнишь? — спросил он. — Там тысячи линий. Ошибёшься — устроишь короткое замыкание на весь сектор.

Лена сглотнула. Уверена ли она? Она зубрила эти схемы от скуки, не думая, что они когда-нибудь пригодятся. И вот теперь от того, насколько хорошо она запомнила нудные чертежи, зависели жизни людей в застрявших лифтах.

— Уверена, — сказала она, удивляясь собственной твёрдости. — Дайте мне инструменты и проводите до сектора Д. И помолитесь, чтобы у меня была хорошая память.', 'published', '2026-03-11T12:00:00+00:00', '2026-03-11T13:00:00+00:00');
    INSERT INTO chapters (id, story_id, title, content, draft_title, draft_content, status, created_at, updated_at) VALUES (
        '34a7844b-4570-5408-b4e1-d47c6f031611', '5d6392c5-e92a-578c-beee-0c97566baa70', 'Девятнадцатый подуровень', 'Сектор Д на девятнадцатом подуровне был лабиринтом из кабелей, узлов и мерцающих аварийных огней. Без работающего ИИ здесь царил полумрак, и где-то вдалеке тревожно пищали датчики. Лена пробиралась между стоек оборудования, светя фонариком и восстанавливая в памяти схему, которую заучивала, проклиная свою дотошность.

С каждой минутой воздух в застрявших лифтах становился всё хуже, и Лена знала это, хотя и старалась не думать. Где-то над ней, в стальных коробках, повисших между этажами, задыхались люди — старики, дети, обычные сотрудники, вышедшие в обеденный перерыв. Их жизни сейчас зависели не от брони, не от реактора, не от гениального ИИ, а от того, насколько хорошо приютская скромная стажёрка запомнила нудный чертёж. От этой мысли пальцы начинали дрожать сильнее, и Лена раз за разом заставляла себя дышать ровно и смотреть только на провода перед собой — больше ни на что.

Гэри держался рядом, страхуя, но в этом узком техническом нутре командовала уже она. Лена нашла сгоревший узел — оплавленный, почерневший, бесполезный. Теперь нужно было сделать то, что она держала в голове: перемкнуть резервную линию в обход, не перепутав ни одного из десятков почти одинаковых проводов.

Руки у неё дрожали. Одна ошибка — и короткое замыкание добьёт сектор окончательно, а вместе с ним и аварийные системы. Лена заставила себя дышать ровно, как учил отец, когда возился с ней в гараже над старыми моторами. «Не торопись, дочка, — говорил он. — Спешка в нашем деле дороже лени. Сначала пойми, потом трогай». Сейчас, в гудящей темноте чужой башни, эти простые слова стоили всех учебников.

— Синий в обход красного, — бормотала она себе под нос, прослеживая линии. — Нет, стоп. Тут мистер Старк всё сделал шиворот-навыворот. Резерв помечен красным, а основной — синим. Гениально. Просто гениально. Кто так делает...

Минуты тянулись мучительно. Где-то наверху, в застрявших лифтах, задыхались люди — Лена старалась не думать об этом, потому что от этой мысли руки начинали трястись сильнее. Она сосредоточилась на проводах. Только на проводах. Один за другим, терпеливо, методично, проверяя каждый дважды.

И всё-таки в один момент она замерла в ужасе. Перед ней было два совершенно одинаковых разъёма, и в схеме, которую она помнила, они выглядели идентично. Перемкни не тот — и всё пропало. Лена закрыла глаза, лихорадочно прокручивая в памяти чертёж. И вспомнила крохотную деталь, на которую не обратила бы внимания, если бы не зубрила от скуки: на полях схемы карандашом была сделана пометка, что левый разъём перемаркирован после ремонта. Левый. Не правый.

— Левый, — выдохнула она и соединила контакты.

На долю секунды ничего не происходило. А потом по сектору с нарастающим гулом побежало питание. Вспыхнули огни — ровным, нормальным светом. Зажужжали вентиляторы. Запищали, оживая, мониторы. Где-то наверху, Лена знала, дрогнули и поползли вниз застрявшие лифты.

Гэри издал звук, средний между смехом и всхлипом.

— Получилось, — прошептал он. — Девчонка, у тебя получилось.',
        'Девятнадцатый подуровень', 'Сектор Д на девятнадцатом подуровне был лабиринтом из кабелей, узлов и мерцающих аварийных огней. Без работающего ИИ здесь царил полумрак, и где-то вдалеке тревожно пищали датчики. Лена пробиралась между стоек оборудования, светя фонариком и восстанавливая в памяти схему, которую заучивала, проклиная свою дотошность.

С каждой минутой воздух в застрявших лифтах становился всё хуже, и Лена знала это, хотя и старалась не думать. Где-то над ней, в стальных коробках, повисших между этажами, задыхались люди — старики, дети, обычные сотрудники, вышедшие в обеденный перерыв. Их жизни сейчас зависели не от брони, не от реактора, не от гениального ИИ, а от того, насколько хорошо приютская скромная стажёрка запомнила нудный чертёж. От этой мысли пальцы начинали дрожать сильнее, и Лена раз за разом заставляла себя дышать ровно и смотреть только на провода перед собой — больше ни на что.

Гэри держался рядом, страхуя, но в этом узком техническом нутре командовала уже она. Лена нашла сгоревший узел — оплавленный, почерневший, бесполезный. Теперь нужно было сделать то, что она держала в голове: перемкнуть резервную линию в обход, не перепутав ни одного из десятков почти одинаковых проводов.

Руки у неё дрожали. Одна ошибка — и короткое замыкание добьёт сектор окончательно, а вместе с ним и аварийные системы. Лена заставила себя дышать ровно, как учил отец, когда возился с ней в гараже над старыми моторами. «Не торопись, дочка, — говорил он. — Спешка в нашем деле дороже лени. Сначала пойми, потом трогай». Сейчас, в гудящей темноте чужой башни, эти простые слова стоили всех учебников.

— Синий в обход красного, — бормотала она себе под нос, прослеживая линии. — Нет, стоп. Тут мистер Старк всё сделал шиворот-навыворот. Резерв помечен красным, а основной — синим. Гениально. Просто гениально. Кто так делает...

Минуты тянулись мучительно. Где-то наверху, в застрявших лифтах, задыхались люди — Лена старалась не думать об этом, потому что от этой мысли руки начинали трястись сильнее. Она сосредоточилась на проводах. Только на проводах. Один за другим, терпеливо, методично, проверяя каждый дважды.

И всё-таки в один момент она замерла в ужасе. Перед ней было два совершенно одинаковых разъёма, и в схеме, которую она помнила, они выглядели идентично. Перемкни не тот — и всё пропало. Лена закрыла глаза, лихорадочно прокручивая в памяти чертёж. И вспомнила крохотную деталь, на которую не обратила бы внимания, если бы не зубрила от скуки: на полях схемы карандашом была сделана пометка, что левый разъём перемаркирован после ремонта. Левый. Не правый.

— Левый, — выдохнула она и соединила контакты.

На долю секунды ничего не происходило. А потом по сектору с нарастающим гулом побежало питание. Вспыхнули огни — ровным, нормальным светом. Зажужжали вентиляторы. Запищали, оживая, мониторы. Где-то наверху, Лена знала, дрогнули и поползли вниз застрявшие лифты.

Гэри издал звук, средний между смехом и всхлипом.

— Получилось, — прошептал он. — Девчонка, у тебя получилось.', 'published', '2026-03-12T12:00:00+00:00', '2026-03-12T13:00:00+00:00');
    INSERT INTO chapters (id, story_id, title, content, draft_title, draft_content, status, created_at, updated_at) VALUES (
        '329962a9-bfc0-57a6-9f2f-f9ccee94e87e', '5d6392c5-e92a-578c-beee-0c97566baa70', 'Невидимые герои', 'Когда супергерои вернулись с задания, кризис был давно позади. Лифты работали, пациенты на медицинском этаже были в безопасности, люди, застрявшие было между этажами, давно разъехались по домам, рассказывая родным про страшные двадцать минут в темноте. Башня гудела как ни в чём не бывало.

Мистер Старк, узнав о случившемся, спустился в технический отдел лично — событие почти неслыханное. Он выслушал сбивчивый рассказ Гэри, просмотрел записи, а потом повернулся к Лене, которая стояла в сторонке, не зная, куда деть руки.

Лена ожидала чего угодно — выговора за самоуправство, недоверчивых вопросов, в лучшем случае сухого «спасибо». Но не того, что сам мистер Старк, человек-легенда, спустится в технический подвал ради разговора с временной стажёркой. В башне, полной гениев и сверхлюдей, это казалось почти невероятным. И от того, как он смотрел на неё — без снисхождения, как на равную, как на инженера, сделавшего то, что не смог автоматический разум здания, — у Лены потеплело в груди сильнее, чем от любой похвалы. Впервые она почувствовала, что её скромная, незаметная работа кое-чего стоит.

— Так это ты, стажёрка, перемкнула резерв в секторе Д по памяти? — спросил он, приподняв бровь. — В обход сгоревшего узла? Без схемы под рукой?

— Да, сэр, — пролепетала Лена. — Я... я просто помнила чертёж. Я его на той неделе учила.

— Ты помнила разводку целого сектора наизусть, — медленно проговорил Старк, и в его голосе было что-то, чего Лена не ожидала, — уважение. — Включая мою личную пометку про перемаркированный разъём, которую, кроме меня, кажется, вообще никто не читал. Знаешь, я тут гениальный изобретатель, у меня летающая броня и искусственный интеллект, а сегодня башню спасла стажёрка с хорошей памятью и отвёрткой. Это, пожалуй, ставит меня на место.

Он усмехнулся, но усмешка была доброй.

Лену в тот день не наградили медалью и не сняли о ней сюжет в новостях — про инженеров, в отличие от людей в броне, репортажей не снимают. Зато Гэри, ворчливый Гэри, хлопнул её по плечу так, что она едва устояла, и буркнул, что из неё, пожалуй, выйдет толк. А мистер Старк распорядился перевести её из временных стажёров в постоянный штат — с формулировкой, которую Лена потом долго хранила в рамке на столе.

Но самое важное Лена поняла сама, той же ночью, возвращаясь домой в гудящем от усталости метро. Она вспомнила слова Гэри в первый день — про печень, почки и нервы, которых никто не замечает, пока всё работает. Раньше ей это казалось обидным. Теперь — нет. Мир, поняла она, держится не только на тех, кто красиво летает в броне и попадает в новости. Он держится ещё и на тех, кто незаметно, дотошно, без аплодисментов следит, чтобы лифты ездили, свет горел, а аппараты у постелей больных не отключались в самый страшный миг. Невидимые герои. Без блеска и славы.

И Лена, бывшая стажёрка, мечтавшая о великих делах, впервые подумала, что, может быть, уже их делает. Просто эти дела не блестят. А жизни спасают ничуть не хуже.',
        'Невидимые герои', 'Когда супергерои вернулись с задания, кризис был давно позади. Лифты работали, пациенты на медицинском этаже были в безопасности, люди, застрявшие было между этажами, давно разъехались по домам, рассказывая родным про страшные двадцать минут в темноте. Башня гудела как ни в чём не бывало.

Мистер Старк, узнав о случившемся, спустился в технический отдел лично — событие почти неслыханное. Он выслушал сбивчивый рассказ Гэри, просмотрел записи, а потом повернулся к Лене, которая стояла в сторонке, не зная, куда деть руки.

Лена ожидала чего угодно — выговора за самоуправство, недоверчивых вопросов, в лучшем случае сухого «спасибо». Но не того, что сам мистер Старк, человек-легенда, спустится в технический подвал ради разговора с временной стажёркой. В башне, полной гениев и сверхлюдей, это казалось почти невероятным. И от того, как он смотрел на неё — без снисхождения, как на равную, как на инженера, сделавшего то, что не смог автоматический разум здания, — у Лены потеплело в груди сильнее, чем от любой похвалы. Впервые она почувствовала, что её скромная, незаметная работа кое-чего стоит.

— Так это ты, стажёрка, перемкнула резерв в секторе Д по памяти? — спросил он, приподняв бровь. — В обход сгоревшего узла? Без схемы под рукой?

— Да, сэр, — пролепетала Лена. — Я... я просто помнила чертёж. Я его на той неделе учила.

— Ты помнила разводку целого сектора наизусть, — медленно проговорил Старк, и в его голосе было что-то, чего Лена не ожидала, — уважение. — Включая мою личную пометку про перемаркированный разъём, которую, кроме меня, кажется, вообще никто не читал. Знаешь, я тут гениальный изобретатель, у меня летающая броня и искусственный интеллект, а сегодня башню спасла стажёрка с хорошей памятью и отвёрткой. Это, пожалуй, ставит меня на место.

Он усмехнулся, но усмешка была доброй.

Лену в тот день не наградили медалью и не сняли о ней сюжет в новостях — про инженеров, в отличие от людей в броне, репортажей не снимают. Зато Гэри, ворчливый Гэри, хлопнул её по плечу так, что она едва устояла, и буркнул, что из неё, пожалуй, выйдет толк. А мистер Старк распорядился перевести её из временных стажёров в постоянный штат — с формулировкой, которую Лена потом долго хранила в рамке на столе.

Но самое важное Лена поняла сама, той же ночью, возвращаясь домой в гудящем от усталости метро. Она вспомнила слова Гэри в первый день — про печень, почки и нервы, которых никто не замечает, пока всё работает. Раньше ей это казалось обидным. Теперь — нет. Мир, поняла она, держится не только на тех, кто красиво летает в броне и попадает в новости. Он держится ещё и на тех, кто незаметно, дотошно, без аплодисментов следит, чтобы лифты ездили, свет горел, а аппараты у постелей больных не отключались в самый страшный миг. Невидимые герои. Без блеска и славы.

И Лена, бывшая стажёрка, мечтавшая о великих делах, впервые подумала, что, может быть, уже их делает. Просто эти дела не блестят. А жизни спасают ничуть не хуже.', 'published', '2026-03-13T12:00:00+00:00', '2026-03-13T13:00:00+00:00');

    -- [22] Тихий герой (marvel)
    INSERT INTO stories (id, slug, title, status, author_id, ai_summary, created_at, updated_at) VALUES (
        '834f81fc-c35a-5279-a7f7-7eaf17341abe', 'marvel-tihiy-geroy', 'Тихий герой', 'published', v_author_id, 'У Мартина скромная сила — он чувствует, что у людей на душе, и может ненадолго снять чужую боль. Не спасая мир и не сражаясь со злодеями, он находит способ быть героем по-своему.',
        '2026-03-08T12:00:00+00:00', '2026-04-28T11:00:00+00:00');
    INSERT INTO story_tags (story_id, tag_id) VALUES ('834f81fc-c35a-5279-a7f7-7eaf17341abe', '10000001-0001-4001-8001-000000000005');
    INSERT INTO story_tags (story_id, tag_id) VALUES ('834f81fc-c35a-5279-a7f7-7eaf17341abe', '10000004-0004-4004-8004-000000000002');
    INSERT INTO story_tags (story_id, tag_id) VALUES ('834f81fc-c35a-5279-a7f7-7eaf17341abe', '10000005-0005-4005-8005-000000000003');
    INSERT INTO story_tags (story_id, tag_id) VALUES ('834f81fc-c35a-5279-a7f7-7eaf17341abe', '10000006-0006-4006-8006-000000000001');
    INSERT INTO story_tags (story_id, tag_id) VALUES ('834f81fc-c35a-5279-a7f7-7eaf17341abe', '10000002-0002-4002-8002-000000000001');
    INSERT INTO chapters (id, story_id, title, content, draft_title, draft_content, status, created_at, updated_at) VALUES (
        '5568a7f6-5761-57fe-8658-9f25814bc763', '834f81fc-c35a-5279-a7f7-7eaf17341abe', 'Бесполезный дар', 'Когда у людей просыпались способности, обычно это значило что-то яркое: умение летать, стрелять энергией, гнуть сталь. У Мартина проснулось другое. Он стал чувствовать чужую боль — не телесную, а ту, что внутри. Стоило ему оказаться рядом с человеком, и он ощущал, что у того на душе: тоску, страх, одиночество, отчаяние. А если очень сосредоточиться и взять человека за руку, он мог ненадолго эту боль приглушить — снять тяжесть, дать передышку.

Мартин долго считал свой дар бесполезным. В мире, где другие останавливали поезда и ловили падающие самолёты, что толку чувствовать чужую грусть? На этом не сделаешь карьеру героя. Этим не спасёшь город от пришельцев. Над ним бы только посмеялись, узнай кто, что он умеет. «Супергерой, снимающий хандру» — звучало как насмешка.

Поначалу способность даже мешала ему жить. Идти по улице было пыткой: со всех сторон на него обрушивалась чужая боль, которую излучали прохожие, сами того не зная. Угрюмый мужчина в метро, оказывается, нёс в себе свежее горе. Смеющаяся девушка в кафе на самом деле задыхалась от одиночества. Мир, который выглядел обыкновенным, для Мартина звучал как нестройный хор затаённых страданий, и от этого хора некуда было деться.

Он научился ставить заслон, приглушать чужие чувства, чтобы не сойти с ума. Замкнулся, стал избегать людей, выбрал тихую работу ночного сторожа, где можно было побыть одному. Дар, который должен был, казалось, сближать его с людьми, на деле загнал его в одиночество. Мартин жил так несколько лет, считая себя неудачной ошибкой природы — человеком, получившим силу, от которой одни мучения и никакой пользы.

Хуже всего была беспомощность. Чувствовать чужую боль и не уметь её унять — это была особая пытка, придуманная словно нарочно для него. Другие со своими силами хотя бы могли что-то изменить: поднять рухнувшую балку, потушить пожар, остановить злодея. А Мартин лишь принимал на себя страдание мира, не в силах его исправить, как губка впитывает воду, не становясь от этого источником. Он годами считал, что в этом и состоит проклятие его дара — видеть слишком много и мочь слишком мало. Ему и в голову не приходило, что само умение по-настоящему чувствовать другого может оказаться силой — да ещё какой.

А потом случилось то, что заставило его взглянуть на свой дар иначе. Однажды поздним вечером, возвращаясь с дежурства, он сел на скамейку в опустевшем сквере перевести дух — и почувствовал рядом такую боль, такое глухое, безнадёжное отчаяние, что у него перехватило дыхание. На другом конце скамейки сидел пожилой человек, сгорбившись, глядя в одну точку, и от него волнами шла та особая, окончательная тоска, которую Мартин научился узнавать и которой боялся больше всего, — тоска человека, решившего, что дальше жить незачем.

Мартин мог встать и уйти, как уходил обычно, отгородившись заслоном. Но в этот раз что-то его удержало. Он не знал этого человека. Не знал, что сказать. Но он знал, что чувствует незнакомец, — знал так ясно, как не знал никто другой на свете. И впервые за годы Мартин подумал, что, может быть, его бесполезный дар на что-то всё-таки годен.',
        'Бесполезный дар', 'Когда у людей просыпались способности, обычно это значило что-то яркое: умение летать, стрелять энергией, гнуть сталь. У Мартина проснулось другое. Он стал чувствовать чужую боль — не телесную, а ту, что внутри. Стоило ему оказаться рядом с человеком, и он ощущал, что у того на душе: тоску, страх, одиночество, отчаяние. А если очень сосредоточиться и взять человека за руку, он мог ненадолго эту боль приглушить — снять тяжесть, дать передышку.

Мартин долго считал свой дар бесполезным. В мире, где другие останавливали поезда и ловили падающие самолёты, что толку чувствовать чужую грусть? На этом не сделаешь карьеру героя. Этим не спасёшь город от пришельцев. Над ним бы только посмеялись, узнай кто, что он умеет. «Супергерой, снимающий хандру» — звучало как насмешка.

Поначалу способность даже мешала ему жить. Идти по улице было пыткой: со всех сторон на него обрушивалась чужая боль, которую излучали прохожие, сами того не зная. Угрюмый мужчина в метро, оказывается, нёс в себе свежее горе. Смеющаяся девушка в кафе на самом деле задыхалась от одиночества. Мир, который выглядел обыкновенным, для Мартина звучал как нестройный хор затаённых страданий, и от этого хора некуда было деться.

Он научился ставить заслон, приглушать чужие чувства, чтобы не сойти с ума. Замкнулся, стал избегать людей, выбрал тихую работу ночного сторожа, где можно было побыть одному. Дар, который должен был, казалось, сближать его с людьми, на деле загнал его в одиночество. Мартин жил так несколько лет, считая себя неудачной ошибкой природы — человеком, получившим силу, от которой одни мучения и никакой пользы.

Хуже всего была беспомощность. Чувствовать чужую боль и не уметь её унять — это была особая пытка, придуманная словно нарочно для него. Другие со своими силами хотя бы могли что-то изменить: поднять рухнувшую балку, потушить пожар, остановить злодея. А Мартин лишь принимал на себя страдание мира, не в силах его исправить, как губка впитывает воду, не становясь от этого источником. Он годами считал, что в этом и состоит проклятие его дара — видеть слишком много и мочь слишком мало. Ему и в голову не приходило, что само умение по-настоящему чувствовать другого может оказаться силой — да ещё какой.

А потом случилось то, что заставило его взглянуть на свой дар иначе. Однажды поздним вечером, возвращаясь с дежурства, он сел на скамейку в опустевшем сквере перевести дух — и почувствовал рядом такую боль, такое глухое, безнадёжное отчаяние, что у него перехватило дыхание. На другом конце скамейки сидел пожилой человек, сгорбившись, глядя в одну точку, и от него волнами шла та особая, окончательная тоска, которую Мартин научился узнавать и которой боялся больше всего, — тоска человека, решившего, что дальше жить незачем.

Мартин мог встать и уйти, как уходил обычно, отгородившись заслоном. Но в этот раз что-то его удержало. Он не знал этого человека. Не знал, что сказать. Но он знал, что чувствует незнакомец, — знал так ясно, как не знал никто другой на свете. И впервые за годы Мартин подумал, что, может быть, его бесполезный дар на что-то всё-таки годен.', 'published', '2026-03-08T12:00:00+00:00', '2026-03-08T13:00:00+00:00');
    INSERT INTO chapters (id, story_id, title, content, draft_title, draft_content, status, created_at, updated_at) VALUES (
        'a956931f-e090-5c71-af99-68166fb387ca', '834f81fc-c35a-5279-a7f7-7eaf17341abe', 'Скамейка в сквере', 'Мартин не стал произносить громких слов — он чувствовал, что от них незнакомцу станет только хуже. Вместо этого он просто пересел поближе и тихо заговорил о пустяках: о том, какой холодный нынче вечер, о том, что фонарь над их скамейкой давно мигает и никак его не починят. Обыкновенные, ничего не значащие слова. Но за ними Мартин осторожно делал то, что умел только он, — мягко, бережно приглушал чужое отчаяние, снимал с чужой души хоть часть невыносимого груза.

Старик сначала отвечал односложно, нехотя. Но мало-помалу, почувствовав непонятное облегчение, разговорился. И рассказал то, что носил в себе: недавно похоронил жену, с которой прожил сорок лет, дети живут далеко и звонят раз в месяц, а дом без неё стал таким пустым, что возвращаться туда страшнее, чем сидеть всю ночь на холодной скамейке. Жить, сказал он, больше не для кого и незачем.

Мартин слушал и держал его боль в своих руках, как держат озябшего птенца, — осторожно, давая согреться. Он не убеждал старика, что всё наладится, не сыпал пустыми утешениями. Он просто был рядом и слушал по-настоящему, всем существом, — а для человека, которому казалось, что он один на всём свете, это значило больше любых слов.

Они просидели на той скамейке почти до рассвета. Постепенно отчаяние старика отступало — не исчезало совсем, горе не исчезает по щелчку, но из чёрной, затягивающей бездны превращалось в обычную, человеческую печаль, с которой всё-таки можно жить. К утру старик уже вспоминал жену не с одной болью, но и с теплом — рассказывал, как они познакомились, как она смеялась, какие пироги пекла. И в этих воспоминаниях, Мартин чувствовал, оживала ниточка, привязывающая человека к жизни.

На рассвете старик поднялся со скамейки совсем другим, чем сел на неё вечером. Он поблагодарил Мартина, неловко, не понимая до конца, что произошло и почему чужой молодой человек просидел с ним всю ночь.

— Не знаю, кто ты, сынок, — сказал он, — но ты будто камень с меня снял. Я ведь пришёл сюда... с дурными мыслями. А теперь, пожалуй, пойду домой. И детям позвоню. И, знаешь, пирог, может, испеку — по её рецепту. Глупо, да?

— Не глупо, — тихо ответил Мартин. — По-моему, это самое правильное, что можно сделать.

Он смотрел старику вслед и впервые за многие годы чувствовал не тяжесть своего дара, а его смысл. Он никого не спас от пришельцев. Не остановил поезд. Не попал в новости. Он просто провёл одну ночь на скамейке с отчаявшимся человеком — и тот пошёл домой, а не туда, куда собирался. И это, понял Мартин, тоже было спасением. Может быть, самым важным из всех.',
        'Скамейка в сквере', 'Мартин не стал произносить громких слов — он чувствовал, что от них незнакомцу станет только хуже. Вместо этого он просто пересел поближе и тихо заговорил о пустяках: о том, какой холодный нынче вечер, о том, что фонарь над их скамейкой давно мигает и никак его не починят. Обыкновенные, ничего не значащие слова. Но за ними Мартин осторожно делал то, что умел только он, — мягко, бережно приглушал чужое отчаяние, снимал с чужой души хоть часть невыносимого груза.

Старик сначала отвечал односложно, нехотя. Но мало-помалу, почувствовав непонятное облегчение, разговорился. И рассказал то, что носил в себе: недавно похоронил жену, с которой прожил сорок лет, дети живут далеко и звонят раз в месяц, а дом без неё стал таким пустым, что возвращаться туда страшнее, чем сидеть всю ночь на холодной скамейке. Жить, сказал он, больше не для кого и незачем.

Мартин слушал и держал его боль в своих руках, как держат озябшего птенца, — осторожно, давая согреться. Он не убеждал старика, что всё наладится, не сыпал пустыми утешениями. Он просто был рядом и слушал по-настоящему, всем существом, — а для человека, которому казалось, что он один на всём свете, это значило больше любых слов.

Они просидели на той скамейке почти до рассвета. Постепенно отчаяние старика отступало — не исчезало совсем, горе не исчезает по щелчку, но из чёрной, затягивающей бездны превращалось в обычную, человеческую печаль, с которой всё-таки можно жить. К утру старик уже вспоминал жену не с одной болью, но и с теплом — рассказывал, как они познакомились, как она смеялась, какие пироги пекла. И в этих воспоминаниях, Мартин чувствовал, оживала ниточка, привязывающая человека к жизни.

На рассвете старик поднялся со скамейки совсем другим, чем сел на неё вечером. Он поблагодарил Мартина, неловко, не понимая до конца, что произошло и почему чужой молодой человек просидел с ним всю ночь.

— Не знаю, кто ты, сынок, — сказал он, — но ты будто камень с меня снял. Я ведь пришёл сюда... с дурными мыслями. А теперь, пожалуй, пойду домой. И детям позвоню. И, знаешь, пирог, может, испеку — по её рецепту. Глупо, да?

— Не глупо, — тихо ответил Мартин. — По-моему, это самое правильное, что можно сделать.

Он смотрел старику вслед и впервые за многие годы чувствовал не тяжесть своего дара, а его смысл. Он никого не спас от пришельцев. Не остановил поезд. Не попал в новости. Он просто провёл одну ночь на скамейке с отчаявшимся человеком — и тот пошёл домой, а не туда, куда собирался. И это, понял Мартин, тоже было спасением. Может быть, самым важным из всех.', 'published', '2026-03-09T12:00:00+00:00', '2026-03-09T13:00:00+00:00');
    INSERT INTO chapters (id, story_id, title, content, draft_title, draft_content, status, created_at, updated_at) VALUES (
        '6050844f-b929-5eff-bb36-ca5318f63784', '834f81fc-c35a-5279-a7f7-7eaf17341abe', 'По одному за раз', 'С той ночи Мартин перестал прятаться от своего дара и начал им пользоваться — по-своему, тихо. Он не надел костюм и не придумал геройского прозвища. Он просто стал ходить туда, где боль гуще всего, и делать то, что умел.

Он сидел в приёмных больниц, рядом с теми, кто ждал страшных новостей, и незаметно снимал с них острый край ужаса. Заходил в дома престарелых и проводил часы со стариками, которых давно никто не навещал, разгоняя их одиночество. Появлялся на мостах и набережных по ночам — там, куда приходят отчаявшиеся, — и заговаривал, слушал, держал чужую боль, пока человек не решал, что, пожалуй, стоит ещё пожить.

Эта работа не приносила ни денег, ни покоя, ни даже простой человеческой благодарности — ведь спасённые чаще всего не понимали, что именно с ними произошло. Мартин оставался для них случайным прохожим, добрым незнакомцем, которого они через день забывали. И всё же он продолжал, ночь за ночью, выходя туда, где боль была гуще всего. Потому что научился различать единственную награду, доступную ему, — тихое, ни с чем не сравнимое чувство, когда сидящий рядом человек делает последний выдох отчаяния и первый — надежды. Ради одного такого вдоха стоило терпеть всё остальное.

Это была странная, незаметная работа. О Мартине не писали газеты. Спасённые им редко понимали, что именно произошло, — для них это был просто случайный добрый незнакомец, оказавшийся рядом в нужный миг. Никакой славы, никаких аплодисментов, никакой благодарности толпы. Только тихое знание, что сегодня кто-то пошёл домой, а не в пропасть.

Иногда Мартину бывало горько. Он видел вокруг столько боли, что снять её всю было невозможно. На каждого, кому он помог, приходились сотни, до которых он не успел, не дошёл, не дотянулся. В такие минуты руки опускались: что толку в его капле, когда вокруг целое море страдания? Зачем вычерпывать ложкой океан?

Но потом он вспоминал того старика на скамейке. Одного-единственного человека, который из-за него пошёл домой звонить детям и печь пирог по рецепту покойной жены. И понимал: для этого старика он спас не каплю в океане — он спас целый мир. Весь его мир. Нельзя помочь всем. Но можно помочь этому — тому, кто сейчас перед тобой. По одному за раз. И каждый такой один — это целая вселенная, которую ты уберёг.

Однажды другой носитель силы, из тех, что летали и сражались, узнав случайно о способности Мартина, фыркнул пренебрежительно: мол, что это за геройство — нянчиться с хандрящими, когда мир спасают в небе. Мартин не обиделся.

— Ты ловишь падающие самолёты, — сказал он спокойно. — Это важно, правда. Но скажи, ты когда-нибудь сидел всю ночь с человеком, который решил, что жить незачем, — и встретил с ним рассвет, после которого он передумал? Самолёт падает редко. А вот так, тихо, в одиночку, люди гибнут каждый день. И их тоже кто-то должен ловить. Просто об этом не снимают репортажей.

Тот, кто летал, не нашёлся, что ответить. А Мартин пошёл дальше — туда, где в нём снова нуждались. По одному за раз.',
        'По одному за раз', 'С той ночи Мартин перестал прятаться от своего дара и начал им пользоваться — по-своему, тихо. Он не надел костюм и не придумал геройского прозвища. Он просто стал ходить туда, где боль гуще всего, и делать то, что умел.

Он сидел в приёмных больниц, рядом с теми, кто ждал страшных новостей, и незаметно снимал с них острый край ужаса. Заходил в дома престарелых и проводил часы со стариками, которых давно никто не навещал, разгоняя их одиночество. Появлялся на мостах и набережных по ночам — там, куда приходят отчаявшиеся, — и заговаривал, слушал, держал чужую боль, пока человек не решал, что, пожалуй, стоит ещё пожить.

Эта работа не приносила ни денег, ни покоя, ни даже простой человеческой благодарности — ведь спасённые чаще всего не понимали, что именно с ними произошло. Мартин оставался для них случайным прохожим, добрым незнакомцем, которого они через день забывали. И всё же он продолжал, ночь за ночью, выходя туда, где боль была гуще всего. Потому что научился различать единственную награду, доступную ему, — тихое, ни с чем не сравнимое чувство, когда сидящий рядом человек делает последний выдох отчаяния и первый — надежды. Ради одного такого вдоха стоило терпеть всё остальное.

Это была странная, незаметная работа. О Мартине не писали газеты. Спасённые им редко понимали, что именно произошло, — для них это был просто случайный добрый незнакомец, оказавшийся рядом в нужный миг. Никакой славы, никаких аплодисментов, никакой благодарности толпы. Только тихое знание, что сегодня кто-то пошёл домой, а не в пропасть.

Иногда Мартину бывало горько. Он видел вокруг столько боли, что снять её всю было невозможно. На каждого, кому он помог, приходились сотни, до которых он не успел, не дошёл, не дотянулся. В такие минуты руки опускались: что толку в его капле, когда вокруг целое море страдания? Зачем вычерпывать ложкой океан?

Но потом он вспоминал того старика на скамейке. Одного-единственного человека, который из-за него пошёл домой звонить детям и печь пирог по рецепту покойной жены. И понимал: для этого старика он спас не каплю в океане — он спас целый мир. Весь его мир. Нельзя помочь всем. Но можно помочь этому — тому, кто сейчас перед тобой. По одному за раз. И каждый такой один — это целая вселенная, которую ты уберёг.

Однажды другой носитель силы, из тех, что летали и сражались, узнав случайно о способности Мартина, фыркнул пренебрежительно: мол, что это за геройство — нянчиться с хандрящими, когда мир спасают в небе. Мартин не обиделся.

— Ты ловишь падающие самолёты, — сказал он спокойно. — Это важно, правда. Но скажи, ты когда-нибудь сидел всю ночь с человеком, который решил, что жить незачем, — и встретил с ним рассвет, после которого он передумал? Самолёт падает редко. А вот так, тихо, в одиночку, люди гибнут каждый день. И их тоже кто-то должен ловить. Просто об этом не снимают репортажей.

Тот, кто летал, не нашёлся, что ответить. А Мартин пошёл дальше — туда, где в нём снова нуждались. По одному за раз.', 'published', '2026-03-10T12:00:00+00:00', '2026-03-10T13:00:00+00:00');
    INSERT INTO chapters (id, story_id, title, content, draft_title, draft_content, status, created_at, updated_at) VALUES (
        '2e35cb02-16ec-599e-bc6f-4d28d6dd5cfd', '834f81fc-c35a-5279-a7f7-7eaf17341abe', 'Тот, кого ловят', 'Шли годы. Мартин так и не прославился — да и не стремился к этому. Но в определённых кругах о нём всё же узнали: о тихом человеке, который появляется там, где совсем темно на душе, и помогает не силой, а присутствием. К нему стали обращаться — врачи, социальные работники, иногда даже те самые яркие герои, которые поначалу над ним посмеивались, а потом поняли, что есть раны, которые не залечишь силой.

Но была у дара Мартина и обратная сторона, о которой он долго не задумывался. Принимая на себя чужую боль день за днём, год за годом, он сам понемногу наполнялся ею. Чужое отчаяние, чужая тоска оседали в нём, как соль оседает на дне. И однажды Мартин обнаружил, что больше не справляется, — что его собственная душа переполнена страданием, которое он годами вычерпывал из других. Тот, кто умел снимать чужую боль, остался один на один со своей, и снять её было некому.

В самый тёмный свой вечер Мартин сидел на той самой скамейке в сквере — где когда-то встретил старика — и впервые понимал того старика по-настоящему. Усталость и пустота навалились так, что он не знал, как жить дальше. Он отдавал, отдавал и отдавал, не оставляя ничего себе, — и вот колодец иссяк.

И тогда рядом сел человек. Мартин поднял глаза — и узнал того самого старика. Только теперь старик выглядел бодрым, окружённым жизнью; позже Мартин узнал, что он много лет помогал другим в группе поддержки для тех, кто потерял близких. Старик не обладал никаким даром. Но он сразу почувствовал что-то по лицу Мартина.

— А ведь это ты, — сказал он, всмотревшись. — Сынок со скамейки. Сколько лет... Ты тогда меня спас, хоть я и не понял как. А сейчас на тебе лица нет. Что стряслось?

И Мартин, который всю жизнь слушал других, вдруг заговорил сам. Рассказал всё — про дар, про годы чужой боли, про то, как переполнился ею и не знает, куда деться. Старик слушал — просто слушал, всем существом, как когда-то слушал его самого Мартин. И не было в нём никакой магии. Только внимание. Только тепло. Только присутствие.

— Знаешь, что я понял, когда сам начал помогать людям? — сказал старик наконец. — Тот, кто ловит падающих, тоже иногда падает. И тогда ему нужен кто-то, кто поймает его. Ты столько лет ловил других. Дай теперь и себя поймать. Не стыдно. Это и есть, как оказалось, самое человеческое из всего.

Мартин слушал, и впервые за долгое время чувствовал, как чья-то забота согревает его самого. Колодец, который он считал высохшим навсегда, начал понемногу наполняться снова — потому что тот, кого он когда-то спас, теперь спасал его. И в этом, понял Мартин, и был ответ. Никто не может ловить других вечно в одиночку. Но если ловцы ловят друг друга по очереди — не упадёт никто.',
        'Тот, кого ловят', 'Шли годы. Мартин так и не прославился — да и не стремился к этому. Но в определённых кругах о нём всё же узнали: о тихом человеке, который появляется там, где совсем темно на душе, и помогает не силой, а присутствием. К нему стали обращаться — врачи, социальные работники, иногда даже те самые яркие герои, которые поначалу над ним посмеивались, а потом поняли, что есть раны, которые не залечишь силой.

Но была у дара Мартина и обратная сторона, о которой он долго не задумывался. Принимая на себя чужую боль день за днём, год за годом, он сам понемногу наполнялся ею. Чужое отчаяние, чужая тоска оседали в нём, как соль оседает на дне. И однажды Мартин обнаружил, что больше не справляется, — что его собственная душа переполнена страданием, которое он годами вычерпывал из других. Тот, кто умел снимать чужую боль, остался один на один со своей, и снять её было некому.

В самый тёмный свой вечер Мартин сидел на той самой скамейке в сквере — где когда-то встретил старика — и впервые понимал того старика по-настоящему. Усталость и пустота навалились так, что он не знал, как жить дальше. Он отдавал, отдавал и отдавал, не оставляя ничего себе, — и вот колодец иссяк.

И тогда рядом сел человек. Мартин поднял глаза — и узнал того самого старика. Только теперь старик выглядел бодрым, окружённым жизнью; позже Мартин узнал, что он много лет помогал другим в группе поддержки для тех, кто потерял близких. Старик не обладал никаким даром. Но он сразу почувствовал что-то по лицу Мартина.

— А ведь это ты, — сказал он, всмотревшись. — Сынок со скамейки. Сколько лет... Ты тогда меня спас, хоть я и не понял как. А сейчас на тебе лица нет. Что стряслось?

И Мартин, который всю жизнь слушал других, вдруг заговорил сам. Рассказал всё — про дар, про годы чужой боли, про то, как переполнился ею и не знает, куда деться. Старик слушал — просто слушал, всем существом, как когда-то слушал его самого Мартин. И не было в нём никакой магии. Только внимание. Только тепло. Только присутствие.

— Знаешь, что я понял, когда сам начал помогать людям? — сказал старик наконец. — Тот, кто ловит падающих, тоже иногда падает. И тогда ему нужен кто-то, кто поймает его. Ты столько лет ловил других. Дай теперь и себя поймать. Не стыдно. Это и есть, как оказалось, самое человеческое из всего.

Мартин слушал, и впервые за долгое время чувствовал, как чья-то забота согревает его самого. Колодец, который он считал высохшим навсегда, начал понемногу наполняться снова — потому что тот, кого он когда-то спас, теперь спасал его. И в этом, понял Мартин, и был ответ. Никто не может ловить других вечно в одиночку. Но если ловцы ловят друг друга по очереди — не упадёт никто.', 'published', '2026-03-11T12:00:00+00:00', '2026-03-11T13:00:00+00:00');

    -- [23] Ночная смена (marvel)
    INSERT INTO stories (id, slug, title, status, author_id, ai_summary, created_at, updated_at) VALUES (
        '80d30761-8f07-584d-bcf5-ebd5e47a5a2c', 'marvel-nochnaya-smena', 'Ночная смена', 'published', v_author_id, 'Медсестра ночной смены в захолустной больнице обнаруживает, что один из её пациентов — уличный герой, которого приносят с травмами слишком часто. И решает, что хватит латать — пора помочь.',
        '2026-03-06T12:00:00+00:00', '2026-04-27T10:00:00+00:00');
    INSERT INTO story_tags (story_id, tag_id) VALUES ('80d30761-8f07-584d-bcf5-ebd5e47a5a2c', '10000001-0001-4001-8001-000000000005');
    INSERT INTO story_tags (story_id, tag_id) VALUES ('80d30761-8f07-584d-bcf5-ebd5e47a5a2c', '10000004-0004-4004-8004-000000000002');
    INSERT INTO story_tags (story_id, tag_id) VALUES ('80d30761-8f07-584d-bcf5-ebd5e47a5a2c', '10000005-0005-4005-8005-000000000003');
    INSERT INTO story_tags (story_id, tag_id) VALUES ('80d30761-8f07-584d-bcf5-ebd5e47a5a2c', '10000006-0006-4006-8006-000000000002');
    INSERT INTO story_tags (story_id, tag_id) VALUES ('80d30761-8f07-584d-bcf5-ebd5e47a5a2c', '10000002-0002-4002-8002-000000000001');
    INSERT INTO story_tags (story_id, tag_id) VALUES ('80d30761-8f07-584d-bcf5-ebd5e47a5a2c', '10000002-0002-4002-8002-000000000006');
    INSERT INTO story_tags (story_id, tag_id) VALUES ('80d30761-8f07-584d-bcf5-ebd5e47a5a2c', '10000003-0003-4003-8003-000000000002');
    INSERT INTO chapters (id, story_id, title, content, draft_title, draft_content, status, created_at, updated_at) VALUES (
        '283d5928-27b8-54aa-bd88-9ef9ab3343fd', '80d30761-8f07-584d-bcf5-ebd5e47a5a2c', 'Пациент из переулка', 'Дайна работала в ночную смену уже шесть лет и думала, что её ничем не удивить. Маленькая больница на окраине города принимала по ночам всё подряд: пьяные драки, несчастные случаи, сердечные приступы у тех, кому не спится. Дайна латала, перевязывала, успокаивала и давно научилась не задавать лишних вопросов.

За эти годы Дайна повидала столько, что научилась читать людей не хуже иного следователя. Усталые глаза дальнобойщиков, дрожащие руки тех, кто пришёл не за тем, в чём признаётся, заученная бодрость завсегдатаев приёмного покоя — всё это она различала с первого взгляда. Маленькая больница на окраине была для неё открытой книгой человеческих бед, и Дайна давно перестала удивляться чему бы то ни было. Тем сильнее зацепил её этот тихий, вежливый парень с травмами, которые упрямо не желали сходиться с его объяснениями. В нём была загадка, а загадок Дайна, при всей своей усталости, не выносила нераскрытыми.

Но один пациент не давал ей покоя. Его привозили — а чаще он приходил сам, держась за стены, — примерно раз в две недели, всегда за полночь, всегда с одними и теми же травмами: ушибы, рассечения, иногда трещины в рёбрах. Молодой парень, лет двадцати пяти, назвавшийся Тоби. В графе «обстоятельства травмы» он неизменно писал что-нибудь несуразное: «упал с лестницы», «подрался в баре», «налетел на дверь». Каждый раз новое. И каждый раз — явная ложь.

Дайна не первый год штопала драчунов и сразу видела разницу. У Тоби были не травмы пьяной драки. Это были травмы человека, которого били умело и который умело защищался, — следы настоящих схваток, а не пьяной возни у бара. И ещё одна странность: как бы тяжело его ни приносило, через две недели он являлся снова, целёхонький, будто заживал вдвое быстрее обычного человека.

Поначалу Дайна списывала всё на свою усталость и не лезла в чужие дела. Латала Тоби, отчитывала за неосторожность, отпускала. Но любопытство и тревога копились. Парень ей нравился — вежливый, тихий, всегда благодарил, всегда извинялся, что отнимает время. Не похож он был на дебошира. И от этого несоответствия — кроткий парень с травмами бойца — Дайне делалось всё неспокойнее.

Развязка наступила однажды ночью, когда Тоби принесли совсем плохим — без сознания, с глубоким рассечением и сломанными рёбрами. Дайна, обрабатывая рану, машинально начала стаскивать с него разодранную тёмную куртку — и замерла. Под обычной курткой обнаружилось то, что Тоби так старательно прятал: лёгкий защитный костюм, тёмный, укреплённый на груди и предплечьях, с грубо нашитой эмблемой на плече. Самодельной. Не фабричной.

Дайна медленно опустилась на табурет рядом с койкой. Всё встало на свои места. Травмы, которые не сходились с объяснениями. Странно быстрое заживление. Регулярность, с которой парень оказывался избит почти до полусмерти, — и всякий раз возвращался в строй. Её тихий, вежливый пациент Тоби был одним из тех, о ком в этом городе ходили слухи, — уличным героем без имени и славы, который по ночам в одиночку выходил против тех, с кем не справлялась полиция.

— Ах ты ж глупый мальчишка, — пробормотала Дайна, глядя на его израненное лицо. — Так вот, значит, на какие лестницы ты падаешь.',
        'Пациент из переулка', 'Дайна работала в ночную смену уже шесть лет и думала, что её ничем не удивить. Маленькая больница на окраине города принимала по ночам всё подряд: пьяные драки, несчастные случаи, сердечные приступы у тех, кому не спится. Дайна латала, перевязывала, успокаивала и давно научилась не задавать лишних вопросов.

За эти годы Дайна повидала столько, что научилась читать людей не хуже иного следователя. Усталые глаза дальнобойщиков, дрожащие руки тех, кто пришёл не за тем, в чём признаётся, заученная бодрость завсегдатаев приёмного покоя — всё это она различала с первого взгляда. Маленькая больница на окраине была для неё открытой книгой человеческих бед, и Дайна давно перестала удивляться чему бы то ни было. Тем сильнее зацепил её этот тихий, вежливый парень с травмами, которые упрямо не желали сходиться с его объяснениями. В нём была загадка, а загадок Дайна, при всей своей усталости, не выносила нераскрытыми.

Но один пациент не давал ей покоя. Его привозили — а чаще он приходил сам, держась за стены, — примерно раз в две недели, всегда за полночь, всегда с одними и теми же травмами: ушибы, рассечения, иногда трещины в рёбрах. Молодой парень, лет двадцати пяти, назвавшийся Тоби. В графе «обстоятельства травмы» он неизменно писал что-нибудь несуразное: «упал с лестницы», «подрался в баре», «налетел на дверь». Каждый раз новое. И каждый раз — явная ложь.

Дайна не первый год штопала драчунов и сразу видела разницу. У Тоби были не травмы пьяной драки. Это были травмы человека, которого били умело и который умело защищался, — следы настоящих схваток, а не пьяной возни у бара. И ещё одна странность: как бы тяжело его ни приносило, через две недели он являлся снова, целёхонький, будто заживал вдвое быстрее обычного человека.

Поначалу Дайна списывала всё на свою усталость и не лезла в чужие дела. Латала Тоби, отчитывала за неосторожность, отпускала. Но любопытство и тревога копились. Парень ей нравился — вежливый, тихий, всегда благодарил, всегда извинялся, что отнимает время. Не похож он был на дебошира. И от этого несоответствия — кроткий парень с травмами бойца — Дайне делалось всё неспокойнее.

Развязка наступила однажды ночью, когда Тоби принесли совсем плохим — без сознания, с глубоким рассечением и сломанными рёбрами. Дайна, обрабатывая рану, машинально начала стаскивать с него разодранную тёмную куртку — и замерла. Под обычной курткой обнаружилось то, что Тоби так старательно прятал: лёгкий защитный костюм, тёмный, укреплённый на груди и предплечьях, с грубо нашитой эмблемой на плече. Самодельной. Не фабричной.

Дайна медленно опустилась на табурет рядом с койкой. Всё встало на свои места. Травмы, которые не сходились с объяснениями. Странно быстрое заживление. Регулярность, с которой парень оказывался избит почти до полусмерти, — и всякий раз возвращался в строй. Её тихий, вежливый пациент Тоби был одним из тех, о ком в этом городе ходили слухи, — уличным героем без имени и славы, который по ночам в одиночку выходил против тех, с кем не справлялась полиция.

— Ах ты ж глупый мальчишка, — пробормотала Дайна, глядя на его израненное лицо. — Так вот, значит, на какие лестницы ты падаешь.', 'published', '2026-03-06T12:00:00+00:00', '2026-03-06T13:00:00+00:00');
    INSERT INTO chapters (id, story_id, title, content, draft_title, draft_content, status, created_at, updated_at) VALUES (
        '7fbe8e5e-f864-534b-b320-d7ddbe305237', '80d30761-8f07-584d-bcf5-ebd5e47a5a2c', 'То, что под курткой', 'Когда Тоби пришёл в себя, было уже под утро. Он открыл глаза, увидел свою куртку, аккуратно сложенную на стуле — а поверх неё тот самый защитный костюм с самодельной эмблемой, лежащий на виду, — и всё понял. Лицо его, и без того бледное, побледнело ещё сильнее.

— Вы видели, — тихо сказал он.

— Видела, — кивнула Дайна, не отрываясь от записей. — И, честно говоря, давно подозревала. Ни один человек не падает с лестницы каждые две недели одинаково и красиво. Так что давай-ка прекратим сказки про двери и бары. Договорились?

Тоби молчал, ожидая, видимо, что она вызовет полицию, или газетчиков, или просто выставит его за дверь как сумасшедшего. Но Дайна не сделала ничего такого. Она закончила записи, придвинула табурет к койке и посмотрела ему в глаза — устало, по-матерински строго.

— Я не собираюсь тебя сдавать, — сказала она. — И отговаривать не буду — вижу, что бесполезно. Но ответь мне на один вопрос, как есть. Зачем? Ты же мальчишка совсем. У тебя что, нет ни родных, ни дома, ни нормальной жизни? Зачем каждую ночь подставляться под ножи и кулаки за людей, которые даже имени твоего не знают?

Тоби долго молчал, глядя в потолок. А потом заговорил — сбивчиво, как говорят о том, что давно держат в себе. Рассказал, что вырос в этом районе, в самом его глухом и опасном углу. Что в детстве на его глазах беда случилась с близким человеком — потому что рядом не оказалось никого, кто заступился бы. Что полиция сюда не доезжает, герои в блестящей броне не залетают, а люди живут в страхе, и заступиться за них некому.

— У меня нет суперсилы, — сказал он. — Ну, почти. Заживаю быстрее обычного, и всё. Я не из тех, кто в новостях. Я просто... я просто не могу смотреть, как тут творится всякое, и проходить мимо. Кто-то же должен. Раз больше некому — значит, я. Пусть меня бьют. Я заживаю. А люди по ночам перестали бояться выходить. Это того стоит.

Дайна слушала, и в груди у неё боролись злость и восхищение. Злость — потому что мальчишка планомерно гробил себя. Восхищение — потому что в его словах была та простая, незамутнённая правда, ради которой, в сущности, и существуют герои.

— Дурак ты, Тоби, — сказала она наконец, и голос у неё дрогнул. — Благородный, но дурак. Так ты долго не протянешь. В одиночку, без поддержки, латаясь по ночам у случайной медсестры... Тебя убьют, и весь твой район снова останется без защиты. Об этом ты подумал, герой?

Тоби отвёл глаза. Об этом он, похоже, старался не думать.

— А что я могу? — глухо спросил он. — Я один. Так уж вышло.

— Уже не один, — вдруг сказала Дайна, удивляясь собственным словам. — Раз уж я тебя раскусила. Кто-то же должен следить, чтобы ты не помер по дороге. Считай, у твоей ночной смены теперь есть штатная медсестра.',
        'То, что под курткой', 'Когда Тоби пришёл в себя, было уже под утро. Он открыл глаза, увидел свою куртку, аккуратно сложенную на стуле — а поверх неё тот самый защитный костюм с самодельной эмблемой, лежащий на виду, — и всё понял. Лицо его, и без того бледное, побледнело ещё сильнее.

— Вы видели, — тихо сказал он.

— Видела, — кивнула Дайна, не отрываясь от записей. — И, честно говоря, давно подозревала. Ни один человек не падает с лестницы каждые две недели одинаково и красиво. Так что давай-ка прекратим сказки про двери и бары. Договорились?

Тоби молчал, ожидая, видимо, что она вызовет полицию, или газетчиков, или просто выставит его за дверь как сумасшедшего. Но Дайна не сделала ничего такого. Она закончила записи, придвинула табурет к койке и посмотрела ему в глаза — устало, по-матерински строго.

— Я не собираюсь тебя сдавать, — сказала она. — И отговаривать не буду — вижу, что бесполезно. Но ответь мне на один вопрос, как есть. Зачем? Ты же мальчишка совсем. У тебя что, нет ни родных, ни дома, ни нормальной жизни? Зачем каждую ночь подставляться под ножи и кулаки за людей, которые даже имени твоего не знают?

Тоби долго молчал, глядя в потолок. А потом заговорил — сбивчиво, как говорят о том, что давно держат в себе. Рассказал, что вырос в этом районе, в самом его глухом и опасном углу. Что в детстве на его глазах беда случилась с близким человеком — потому что рядом не оказалось никого, кто заступился бы. Что полиция сюда не доезжает, герои в блестящей броне не залетают, а люди живут в страхе, и заступиться за них некому.

— У меня нет суперсилы, — сказал он. — Ну, почти. Заживаю быстрее обычного, и всё. Я не из тех, кто в новостях. Я просто... я просто не могу смотреть, как тут творится всякое, и проходить мимо. Кто-то же должен. Раз больше некому — значит, я. Пусть меня бьют. Я заживаю. А люди по ночам перестали бояться выходить. Это того стоит.

Дайна слушала, и в груди у неё боролись злость и восхищение. Злость — потому что мальчишка планомерно гробил себя. Восхищение — потому что в его словах была та простая, незамутнённая правда, ради которой, в сущности, и существуют герои.

— Дурак ты, Тоби, — сказала она наконец, и голос у неё дрогнул. — Благородный, но дурак. Так ты долго не протянешь. В одиночку, без поддержки, латаясь по ночам у случайной медсестры... Тебя убьют, и весь твой район снова останется без защиты. Об этом ты подумал, герой?

Тоби отвёл глаза. Об этом он, похоже, старался не думать.

— А что я могу? — глухо спросил он. — Я один. Так уж вышло.

— Уже не один, — вдруг сказала Дайна, удивляясь собственным словам. — Раз уж я тебя раскусила. Кто-то же должен следить, чтобы ты не помер по дороге. Считай, у твоей ночной смены теперь есть штатная медсестра.', 'published', '2026-03-07T12:00:00+00:00', '2026-03-07T13:00:00+00:00');
    INSERT INTO chapters (id, story_id, title, content, draft_title, draft_content, status, created_at, updated_at) VALUES (
        'b1816185-39f2-5eea-8661-683932e9d692', '80d30761-8f07-584d-bcf5-ebd5e47a5a2c', 'Штатная медсестра', 'Так у безымянного уличного героя появился первый союзник — немолодая медсестра ночной смены, которая решительно взялась за дело с присущей её профессии основательностью. Дайна не умела драться и не собиралась бегать по крышам. Но она умела другое — и быстро доказала, что в одиночку Тоби не выживал именно потому, что у него не было такого человека в тылу.

Прежде всего она занялась его травмами всерьёз, а не латала наспех, как раньше. Объяснила, какие удары он пропускает по неумению и как их избегать. Составила ему режим — чтобы заживало не вопреки, а как следует. Раздобыла нормальные перевязочные материалы, обезболивающее, всё, что нужно, и устроила в подсобке больницы тайный уголок, куда Тоби мог приходить, не светясь в приёмном.

— Если уж ты вбил себе в голову геройствовать, — ворчала она, обрабатывая очередную рану, — то будешь делать это с умом. Мёртвый герой не помог ещё никому. Понял? Твоя задача не красиво погибнуть, а выходить из каждой схватки живым, чтобы выйти и в следующую. Это, между прочим, куда труднее, чем геройски сложить голову. Голову сложить любой дурак может.

Тоби слушал и слушался. Под опекой Дайны он впервые за всё время своего ночного ремесла перестал быть одиноким смертником и стал кем-то, у кого есть тыл. И это, как ни странно, изменило всё. Зная, что есть человек, который ждёт его живым, который залатает и отчитает, Тоби стал осторожнее, расчётливее — и оттого эффективнее. Он перестал бросаться в каждую драку очертя голову. Начал думать, планировать, выбирать схватки.

А Дайна, втянувшись, пошла дальше. Она знала весь район — за шесть лет ночных смен через её руки прошли сотни местных. Она знала, у кого беда, где притон, кто кого обижает, куда не суётся полиция. И эта её житейская, негромкая осведомлённость оказалась для Тоби ценнее любой суперсилы. Теперь он шёл не вслепую — он шёл туда, где нужнее всего, по наводке человека, который знал изнанку района как свои пять пальцев.

Постепенно вокруг них стал собираться круг. Старый аптекарь, который начал бесплатно снабжать лекарствами. Бывший тренер по боксу, взявшийся подтянуть Тоби в драке. Несколько местных, уставших бояться и решивших, что хватит. Никто из них не носил брони и не обладал силой. Но вместе, вокруг безымянного парня и упрямой медсестры, они понемногу превращались в то, чего району не хватало годами, — в людей, которые не проходят мимо.

— Знаешь, в чём твоя ошибка была? — сказала однажды Дайна, глядя на этот разросшийся кружок. — Ты думал, что геройство — это в одиночку. А оно — наоборот. Один в поле не воин, даже если быстро заживает. Сила не в том, чтобы тащить всё на себе, пока не сломаешься. Сила в том, чтобы вокруг тебя собрались те, кому тоже не всё равно.

Тоби смотрел на собравшихся — на аптекаря, тренера, соседей, на ворчливую Дайну — и впервые за долгое время чувствовал, что у его одинокой ночной войны появился шанс. Потому что воевал он теперь не один.

(продолжение следует)',
        'Штатная медсестра', 'Так у безымянного уличного героя появился первый союзник — немолодая медсестра ночной смены, которая решительно взялась за дело с присущей её профессии основательностью. Дайна не умела драться и не собиралась бегать по крышам. Но она умела другое — и быстро доказала, что в одиночку Тоби не выживал именно потому, что у него не было такого человека в тылу.

Прежде всего она занялась его травмами всерьёз, а не латала наспех, как раньше. Объяснила, какие удары он пропускает по неумению и как их избегать. Составила ему режим — чтобы заживало не вопреки, а как следует. Раздобыла нормальные перевязочные материалы, обезболивающее, всё, что нужно, и устроила в подсобке больницы тайный уголок, куда Тоби мог приходить, не светясь в приёмном.

— Если уж ты вбил себе в голову геройствовать, — ворчала она, обрабатывая очередную рану, — то будешь делать это с умом. Мёртвый герой не помог ещё никому. Понял? Твоя задача не красиво погибнуть, а выходить из каждой схватки живым, чтобы выйти и в следующую. Это, между прочим, куда труднее, чем геройски сложить голову. Голову сложить любой дурак может.

Тоби слушал и слушался. Под опекой Дайны он впервые за всё время своего ночного ремесла перестал быть одиноким смертником и стал кем-то, у кого есть тыл. И это, как ни странно, изменило всё. Зная, что есть человек, который ждёт его живым, который залатает и отчитает, Тоби стал осторожнее, расчётливее — и оттого эффективнее. Он перестал бросаться в каждую драку очертя голову. Начал думать, планировать, выбирать схватки.

А Дайна, втянувшись, пошла дальше. Она знала весь район — за шесть лет ночных смен через её руки прошли сотни местных. Она знала, у кого беда, где притон, кто кого обижает, куда не суётся полиция. И эта её житейская, негромкая осведомлённость оказалась для Тоби ценнее любой суперсилы. Теперь он шёл не вслепую — он шёл туда, где нужнее всего, по наводке человека, который знал изнанку района как свои пять пальцев.

Постепенно вокруг них стал собираться круг. Старый аптекарь, который начал бесплатно снабжать лекарствами. Бывший тренер по боксу, взявшийся подтянуть Тоби в драке. Несколько местных, уставших бояться и решивших, что хватит. Никто из них не носил брони и не обладал силой. Но вместе, вокруг безымянного парня и упрямой медсестры, они понемногу превращались в то, чего району не хватало годами, — в людей, которые не проходят мимо.

— Знаешь, в чём твоя ошибка была? — сказала однажды Дайна, глядя на этот разросшийся кружок. — Ты думал, что геройство — это в одиночку. А оно — наоборот. Один в поле не воин, даже если быстро заживает. Сила не в том, чтобы тащить всё на себе, пока не сломаешься. Сила в том, чтобы вокруг тебя собрались те, кому тоже не всё равно.

Тоби смотрел на собравшихся — на аптекаря, тренера, соседей, на ворчливую Дайну — и впервые за долгое время чувствовал, что у его одинокой ночной войны появился шанс. Потому что воевал он теперь не один.

(продолжение следует)', 'published', '2026-03-08T12:00:00+00:00', '2026-03-08T13:00:00+00:00');

    -- [24] Лаборатория номер семь (marvel)
    INSERT INTO stories (id, slug, title, status, author_id, ai_summary, created_at, updated_at) VALUES (
        'b8f57f1e-c060-59b6-83b2-66ad327415f2', 'marvel-laboratoriya-nomer-sem', 'Лаборатория номер семь', 'published', v_author_id, 'Молодой учёный обнаруживает, что в заброшенной лаборатории его института по ночам продолжаются исследования — хотя проект закрыли годы назад. Кто и зачем их ведёт?',
        '2026-03-04T12:00:00+00:00', '2026-04-26T09:00:00+00:00');
    INSERT INTO story_tags (story_id, tag_id) VALUES ('b8f57f1e-c060-59b6-83b2-66ad327415f2', '10000001-0001-4001-8001-000000000005');
    INSERT INTO story_tags (story_id, tag_id) VALUES ('b8f57f1e-c060-59b6-83b2-66ad327415f2', '10000004-0004-4004-8004-000000000002');
    INSERT INTO story_tags (story_id, tag_id) VALUES ('b8f57f1e-c060-59b6-83b2-66ad327415f2', '10000005-0005-4005-8005-000000000003');
    INSERT INTO story_tags (story_id, tag_id) VALUES ('b8f57f1e-c060-59b6-83b2-66ad327415f2', '10000006-0006-4006-8006-000000000001');
    INSERT INTO story_tags (story_id, tag_id) VALUES ('b8f57f1e-c060-59b6-83b2-66ad327415f2', '10000002-0002-4002-8002-000000000003');
    INSERT INTO story_tags (story_id, tag_id) VALUES ('b8f57f1e-c060-59b6-83b2-66ad327415f2', '10000002-0002-4002-8002-000000000001');
    INSERT INTO chapters (id, story_id, title, content, draft_title, draft_content, status, created_at, updated_at) VALUES (
        '703b7f4a-2a77-5b3a-826e-b4fd3144b35b', 'b8f57f1e-c060-59b6-83b2-66ad327415f2', 'Свет за полночь', 'Институт передовых исследований был местом, где наука граничила с чудом, и молодой биохимик Эдвард обожал в нём работать — несмотря на ночные смены, скромное жалованье и вечный полумрак старого здания. Именно во время ночной смены он и заметил странность, которая перевернула его спокойную жизнь.

Лаборатория номер семь располагалась в дальнем крыле, на этаже, который считался закрытым. Проект, который там вели, свернули несколько лет назад — после некой истории, о которой в институте говорили шёпотом и неохотно. Лабораторию опечатали, оборудование, по слухам, частью вывезли, частью законсервировали. Туда никто не ходил. Этаж стоял тёмным и мёртвым.

И всё же однажды, задержавшись за полночь над своими образцами, Эдвард вышел в коридор размять ноги — и увидел в дальнем конце, под дверью седьмой лаборатории, тонкую полоску света. Кто-то был там. В опечатанном, заброшенном помещении, куда давно никто не имел доступа, среди ночи горел свет и, кажется, работало оборудование — Эдвард различил знакомый тихий гул центрифуги.

Об этом этаже в институте ходили глухие легенды. Молодые сотрудники передавали их друг другу шёпотом, обраставшим с каждым пересказом новыми подробностями: будто там что-то взорвалось, будто кого-то уволили со скандалом, будто проект закрыли в одну ночь и велели никогда о нём не вспоминать. Эдвард всегда считал эти россказни обычными байками, какими полнится любое старое учреждение. Но теперь, стоя в тёмном коридоре перед полоской живого света под дверью мёртвой лаборатории, он впервые подумал, что за каждой легендой обычно прячется что-то настоящее — и что это настоящее, кажется, до сих пор не закончилось.

Первым порывом было сообщить охране. Но Эдвард был учёным до мозга костей, а значит, человеком неизлечимо любопытным. Вместо того чтобы поднять тревогу, он осторожно подошёл к двери и прислушался. Изнутри доносились негромкие звуки работы: шелест приборов, позвякивание стекла, чьи-то аккуратные шаги. Кто-то методично, привычно вёл исследование — в лаборатории, которой официально не существовало.

Он попробовал дверь. Заперта. Заглянул в узкое окошко — но изнутри его чем-то занавесили, и видна была лишь та самая полоска света да смутное движение тени. Эдвард постоял, борясь с искушением постучать, и в конце концов благоразумно отступил. Но уснуть в ту ночь он уже не смог.

Наутро он осторожно навёл справки — и наткнулся на глухую стену. О седьмой лаборатории и её проекте никто не желал говорить. Старшие коллеги отводили глаза, начальство сухо отвечало, что тема закрыта и не подлежит обсуждению. Чем настойчивее Эдвард спрашивал, тем явственнее чувствовал: за молчанием прячется не пустота, а тайна. И тайна эта была кому-то очень дорога — настолько, что её охраняли годами, делая вид, будто никакой седьмой лаборатории и нет.

Эдвард понимал, что разумнее всего забыть об увиденном и заниматься своими образцами. Но любопытство, погубившее не одного учёного и подарившее миру не одно открытие, уже крепко держало его. Он решил выяснить, кто работает по ночам в мёртвой лаборатории. И зачем.',
        'Свет за полночь', 'Институт передовых исследований был местом, где наука граничила с чудом, и молодой биохимик Эдвард обожал в нём работать — несмотря на ночные смены, скромное жалованье и вечный полумрак старого здания. Именно во время ночной смены он и заметил странность, которая перевернула его спокойную жизнь.

Лаборатория номер семь располагалась в дальнем крыле, на этаже, который считался закрытым. Проект, который там вели, свернули несколько лет назад — после некой истории, о которой в институте говорили шёпотом и неохотно. Лабораторию опечатали, оборудование, по слухам, частью вывезли, частью законсервировали. Туда никто не ходил. Этаж стоял тёмным и мёртвым.

И всё же однажды, задержавшись за полночь над своими образцами, Эдвард вышел в коридор размять ноги — и увидел в дальнем конце, под дверью седьмой лаборатории, тонкую полоску света. Кто-то был там. В опечатанном, заброшенном помещении, куда давно никто не имел доступа, среди ночи горел свет и, кажется, работало оборудование — Эдвард различил знакомый тихий гул центрифуги.

Об этом этаже в институте ходили глухие легенды. Молодые сотрудники передавали их друг другу шёпотом, обраставшим с каждым пересказом новыми подробностями: будто там что-то взорвалось, будто кого-то уволили со скандалом, будто проект закрыли в одну ночь и велели никогда о нём не вспоминать. Эдвард всегда считал эти россказни обычными байками, какими полнится любое старое учреждение. Но теперь, стоя в тёмном коридоре перед полоской живого света под дверью мёртвой лаборатории, он впервые подумал, что за каждой легендой обычно прячется что-то настоящее — и что это настоящее, кажется, до сих пор не закончилось.

Первым порывом было сообщить охране. Но Эдвард был учёным до мозга костей, а значит, человеком неизлечимо любопытным. Вместо того чтобы поднять тревогу, он осторожно подошёл к двери и прислушался. Изнутри доносились негромкие звуки работы: шелест приборов, позвякивание стекла, чьи-то аккуратные шаги. Кто-то методично, привычно вёл исследование — в лаборатории, которой официально не существовало.

Он попробовал дверь. Заперта. Заглянул в узкое окошко — но изнутри его чем-то занавесили, и видна была лишь та самая полоска света да смутное движение тени. Эдвард постоял, борясь с искушением постучать, и в конце концов благоразумно отступил. Но уснуть в ту ночь он уже не смог.

Наутро он осторожно навёл справки — и наткнулся на глухую стену. О седьмой лаборатории и её проекте никто не желал говорить. Старшие коллеги отводили глаза, начальство сухо отвечало, что тема закрыта и не подлежит обсуждению. Чем настойчивее Эдвард спрашивал, тем явственнее чувствовал: за молчанием прячется не пустота, а тайна. И тайна эта была кому-то очень дорога — настолько, что её охраняли годами, делая вид, будто никакой седьмой лаборатории и нет.

Эдвард понимал, что разумнее всего забыть об увиденном и заниматься своими образцами. Но любопытство, погубившее не одного учёного и подарившее миру не одно открытие, уже крепко держало его. Он решил выяснить, кто работает по ночам в мёртвой лаборатории. И зачем.', 'published', '2026-03-04T12:00:00+00:00', '2026-03-04T13:00:00+00:00');
    INSERT INTO chapters (id, story_id, title, content, draft_title, draft_content, status, created_at, updated_at) VALUES (
        'fec14b5c-c1d9-5587-9dff-9c58537243e8', 'b8f57f1e-c060-59b6-83b2-66ad327415f2', 'Тот, кто не ушёл', 'Несколько ночей Эдвард караулил, и наконец ему повезло. Под утро дверь седьмой лаборатории приоткрылась, и оттуда вышел человек — пожилой, сутулый, в потёртом лабораторном халате, с лицом, на котором усталость, казалось, поселилась навсегда. Эдвард узнал его не сразу, а узнав, едва не вскрикнул. Это был профессор Кейн — легенда института, блестящий учёный, который, по официальной версии, ушёл на покой много лет назад, сразу после закрытия того самого проекта.

— Я всё думал, когда же кто-нибудь из вас, любопытных, наконец меня выследит, — сказал профессор, заметив застывшего Эдварда. Голос его был спокоен, даже устал. — Что ж, молодой человек, раз уж выследили, заходите. Не стоять же в коридоре. Только обещайте выслушать, прежде чем бежать к начальству.

Эдвард вошёл — и оказался в лаборатории, которая совсем не выглядела заброшенной. Оборудование работало, образцы хранились в идеальном порядке, на стенах висели схемы и расчёты. Здесь годами, в одиночку, втайне ото всех, продолжалась работа над проектом, который официально закрыли.

— Что это за проект? — спросил Эдвард. — Почему его свернули? И почему вы не ушли?

Профессор Кейн опустился в старое кресло и устало потёр глаза.

— Мы разрабатывали лекарство, — сказал он. — От болезни, которую считают неизлечимой. Той самой, что отнимает память, гасит человека заживо. Мы были близко, молодой человек. Так близко. А потом случилась авария — не страшная, никто не погиб, но проект сочли слишком дорогим и рискованным, финансирование закрыли, всех распустили. Руководству показалось проще списать годы работы, чем рисковать дальше.

Он обвёл взглядом свою тайную лабораторию.

— Все ушли. А я не смог. Понимаете, у этой болезни... у неё было лицо. Лицо моей жены. Она угасла, пока мы искали лекарство, — не дождалась. И когда проект закрыли, я понял, что не имею права бросить. Не ради славы. Не ради денег — своих я давно вложил сюда все. А ради всех тех, у кого эта болезнь тоже носит чьё-то родное лицо. Я остался. Тайно. Делаю вид, что ушёл на покой, а сам каждую ночь прихожу сюда и продолжаю. Уже много лет.

Эдвард слушал, потрясённый. Перед ним сидел не безумец и не нарушитель правил. Перед ним сидел человек, который в одиночку, без денег, без признания, без надежды на славу, годами продолжал дело, в которое верил, — потому что за этим делом стояли живые люди и одно навсегда любимое лицо.

— Вам нужна помощь, — сказал Эдвард, и сам удивился, как просто и твёрдо это прозвучало. — Одному такое не вытянуть. Я биохимик. Я мог бы... я хочу помочь, профессор.

Старик посмотрел на него долгим, испытующим взглядом — и впервые за весь разговор в его усталых глазах мелькнула надежда.',
        'Тот, кто не ушёл', 'Несколько ночей Эдвард караулил, и наконец ему повезло. Под утро дверь седьмой лаборатории приоткрылась, и оттуда вышел человек — пожилой, сутулый, в потёртом лабораторном халате, с лицом, на котором усталость, казалось, поселилась навсегда. Эдвард узнал его не сразу, а узнав, едва не вскрикнул. Это был профессор Кейн — легенда института, блестящий учёный, который, по официальной версии, ушёл на покой много лет назад, сразу после закрытия того самого проекта.

— Я всё думал, когда же кто-нибудь из вас, любопытных, наконец меня выследит, — сказал профессор, заметив застывшего Эдварда. Голос его был спокоен, даже устал. — Что ж, молодой человек, раз уж выследили, заходите. Не стоять же в коридоре. Только обещайте выслушать, прежде чем бежать к начальству.

Эдвард вошёл — и оказался в лаборатории, которая совсем не выглядела заброшенной. Оборудование работало, образцы хранились в идеальном порядке, на стенах висели схемы и расчёты. Здесь годами, в одиночку, втайне ото всех, продолжалась работа над проектом, который официально закрыли.

— Что это за проект? — спросил Эдвард. — Почему его свернули? И почему вы не ушли?

Профессор Кейн опустился в старое кресло и устало потёр глаза.

— Мы разрабатывали лекарство, — сказал он. — От болезни, которую считают неизлечимой. Той самой, что отнимает память, гасит человека заживо. Мы были близко, молодой человек. Так близко. А потом случилась авария — не страшная, никто не погиб, но проект сочли слишком дорогим и рискованным, финансирование закрыли, всех распустили. Руководству показалось проще списать годы работы, чем рисковать дальше.

Он обвёл взглядом свою тайную лабораторию.

— Все ушли. А я не смог. Понимаете, у этой болезни... у неё было лицо. Лицо моей жены. Она угасла, пока мы искали лекарство, — не дождалась. И когда проект закрыли, я понял, что не имею права бросить. Не ради славы. Не ради денег — своих я давно вложил сюда все. А ради всех тех, у кого эта болезнь тоже носит чьё-то родное лицо. Я остался. Тайно. Делаю вид, что ушёл на покой, а сам каждую ночь прихожу сюда и продолжаю. Уже много лет.

Эдвард слушал, потрясённый. Перед ним сидел не безумец и не нарушитель правил. Перед ним сидел человек, который в одиночку, без денег, без признания, без надежды на славу, годами продолжал дело, в которое верил, — потому что за этим делом стояли живые люди и одно навсегда любимое лицо.

— Вам нужна помощь, — сказал Эдвард, и сам удивился, как просто и твёрдо это прозвучало. — Одному такое не вытянуть. Я биохимик. Я мог бы... я хочу помочь, профессор.

Старик посмотрел на него долгим, испытующим взглядом — и впервые за весь разговор в его усталых глазах мелькнула надежда.', 'published', '2026-03-05T12:00:00+00:00', '2026-03-05T13:00:00+00:00');
    INSERT INTO chapters (id, story_id, title, content, draft_title, draft_content, status, created_at, updated_at) VALUES (
        '075b1a71-f075-5539-a138-ca0df60b93e2', 'b8f57f1e-c060-59b6-83b2-66ad327415f2', 'Двое в темноте', 'Так Эдвард стал вторым обитателем лаборатории номер семь. Днём он работал на своей официальной должности, а по ночам, вместо сна, спускался в дальнее крыло и трудился вместе с профессором Кейном над тем, что они вдвоём называли просто «нашим делом».

Работать вдвоём оказалось несоизмеримо легче, чем в одиночку. Эдвард был молод, его знания были свежи, он владел новыми методами, которых не было во времена расцвета проекта. Профессор Кейн знал дело глубже всех на свете, видел его целиком, чувствовал интуицией, отточенной десятилетиями. Молодость и опыт, новизна и мудрость — их союз оказался именно тем, чего недоставало проекту, чтобы сдвинуться с мёртвой точки.

Эдвард всё больше убеждался, что одиночество и было главной бедой профессора все эти годы. Гений, заточённый сам в себе, без свежего взгляда со стороны, неизбежно ходит по кругу, упираясь в одни и те же стены, не замечая обходных путей. Кейн знал о болезни всё, что вообще можно было знать, — но именно поэтому перестал видеть простые решения, которые молодому, не отягощённому грузом неудач уму бросались в глаза сразу. А Эдвард, в свою очередь, без многолетней мудрости профессора блуждал бы вслепую. Вместе они складывались в того единственного исследователя, которому проект наконец оказался по плечу.

Месяцы шли. Это была странная, потаённая жизнь — двойная, изматывающая, без выходных и без свидетелей. Эдвард похудел и осунулся от недосыпа, коллеги недоумевали, что с ним творится. Но он не мог остановиться. Дело захватило его так же, как когда-то захватило профессора, — потому что теперь и для него за абстрактными формулами встали живые лица. Кейн рассказывал ему о тех, кто ждал это лекарство, о письмах, что приходили в институт от отчаявшихся семей, и абстракция превращалась в людей.

Не раз они заходили в тупик. Не раз казалось, что всё впустую, что десятилетия работы ведут в никуда, что болезнь сильнее. В такие ночи профессор Кейн сидел, сгорбившись, и Эдвард видел, как тяжело даётся старику не сдаваться. И тогда уже молодой поддерживал старого — напоминал, ради чего всё это, не давал погасить искру, которую Кейн в одиночку берёг столько лет.

— Знаете, профессор, — сказал как-то Эдвард в одну из таких трудных ночей, — я раньше думал, что наука — это про открытия, про славу, про имя в учебниках. А оказалось, иногда наука — это просто двое упрямцев, которые в темноте, без денег и без надежды, продолжают делать то, что считают правильным. Потому что бросить — значит предать тех, кто ждёт.

Кейн слабо улыбнулся.

— Вот теперь вы поняли главное, молодой человек, — сказал он. — Большинство открытий делается не в свете софитов. Они делаются вот так — ночами, в забытых лабораториях, людьми, которым не всё равно. О них не пишут в газетах. Но мир движется вперёд именно ими.

И они снова склонялись над приборами — двое в темноте, упрямо отвоёвывающие у неизлечимой болезни шаг за шагом то, что считалось невозможным.',
        'Двое в темноте', 'Так Эдвард стал вторым обитателем лаборатории номер семь. Днём он работал на своей официальной должности, а по ночам, вместо сна, спускался в дальнее крыло и трудился вместе с профессором Кейном над тем, что они вдвоём называли просто «нашим делом».

Работать вдвоём оказалось несоизмеримо легче, чем в одиночку. Эдвард был молод, его знания были свежи, он владел новыми методами, которых не было во времена расцвета проекта. Профессор Кейн знал дело глубже всех на свете, видел его целиком, чувствовал интуицией, отточенной десятилетиями. Молодость и опыт, новизна и мудрость — их союз оказался именно тем, чего недоставало проекту, чтобы сдвинуться с мёртвой точки.

Эдвард всё больше убеждался, что одиночество и было главной бедой профессора все эти годы. Гений, заточённый сам в себе, без свежего взгляда со стороны, неизбежно ходит по кругу, упираясь в одни и те же стены, не замечая обходных путей. Кейн знал о болезни всё, что вообще можно было знать, — но именно поэтому перестал видеть простые решения, которые молодому, не отягощённому грузом неудач уму бросались в глаза сразу. А Эдвард, в свою очередь, без многолетней мудрости профессора блуждал бы вслепую. Вместе они складывались в того единственного исследователя, которому проект наконец оказался по плечу.

Месяцы шли. Это была странная, потаённая жизнь — двойная, изматывающая, без выходных и без свидетелей. Эдвард похудел и осунулся от недосыпа, коллеги недоумевали, что с ним творится. Но он не мог остановиться. Дело захватило его так же, как когда-то захватило профессора, — потому что теперь и для него за абстрактными формулами встали живые лица. Кейн рассказывал ему о тех, кто ждал это лекарство, о письмах, что приходили в институт от отчаявшихся семей, и абстракция превращалась в людей.

Не раз они заходили в тупик. Не раз казалось, что всё впустую, что десятилетия работы ведут в никуда, что болезнь сильнее. В такие ночи профессор Кейн сидел, сгорбившись, и Эдвард видел, как тяжело даётся старику не сдаваться. И тогда уже молодой поддерживал старого — напоминал, ради чего всё это, не давал погасить искру, которую Кейн в одиночку берёг столько лет.

— Знаете, профессор, — сказал как-то Эдвард в одну из таких трудных ночей, — я раньше думал, что наука — это про открытия, про славу, про имя в учебниках. А оказалось, иногда наука — это просто двое упрямцев, которые в темноте, без денег и без надежды, продолжают делать то, что считают правильным. Потому что бросить — значит предать тех, кто ждёт.

Кейн слабо улыбнулся.

— Вот теперь вы поняли главное, молодой человек, — сказал он. — Большинство открытий делается не в свете софитов. Они делаются вот так — ночами, в забытых лабораториях, людьми, которым не всё равно. О них не пишут в газетах. Но мир движется вперёд именно ими.

И они снова склонялись над приборами — двое в темноте, упрямо отвоёвывающие у неизлечимой болезни шаг за шагом то, что считалось невозможным.', 'published', '2026-03-06T12:00:00+00:00', '2026-03-06T13:00:00+00:00');
    INSERT INTO chapters (id, story_id, title, content, draft_title, draft_content, status, created_at, updated_at) VALUES (
        '6cf106ec-eeb7-527c-b09b-b7b5d83e59b7', 'b8f57f1e-c060-59b6-83b2-66ad327415f2', 'То, ради чего стоило', 'Прорыв случился глубокой ночью, как и всё в лаборатории номер семь. После долгих месяцев тупиков и неудач один из образцов наконец повёл себя так, как они столько времени надеялись. Эдвард трижды перепроверил результат, не веря глазам, а потом позвал профессора — и по дрожащим рукам старика, склонившегося над данными, понял, что не ошибся.

Это было ещё не лекарство — до готового средства предстояли годы испытаний. Но это был ключ. Тот самый принцип, который они искали десятилетиями, который ускользал от Кейна столько лет. Дверь, которую считали наглухо запертой, дрогнула и приоткрылась.

Эдвард смотрел на результаты и не мог унять дрожь в руках. Годы чужого труда, десятилетия надежд и разочарований, бессонные ночи двух упрямцев в забытом крыле — всё это вело сюда, к этому мерцающему на экране ответу. Он думал о письмах от отчаявшихся семей, которые показывал ему Кейн, о лицах, что стояли за сухими медицинскими терминами. Для всех этих людей строчки данных перед ним значили больше, чем любое сокровище мира, — они значили шанс не потерять близкого так, как профессор когда-то потерял жену. И от тяжести этого знания у Эдварда перехватывало дыхание.

Профессор Кейн долго молчал, глядя на результаты. А потом Эдвард увидел, как по щекам старика катятся слёзы — впервые за всё время их знакомства.

— Она бы дождалась, — проговорил Кейн чуть слышно. — Если бы мы нашли это тогда... она бы дождалась. Но другие — другие теперь дождутся. Вот что важно. Не я опоздал — значит, кто-то успеет.

С этим прорывом всё изменилось. Теперь у них на руках было то, что нельзя было больше прятать по ночам в забытом крыле. Эдвард настоял: пора выйти из тени. И вдвоём они пошли к руководству института — не с пустыми руками просителей, а с результатом, перед которым невозможно было закрыть глаза.

Поначалу им не верили. Закрытый проект, опальный профессор, годы самовольной работы в опечатанной лаборатории — всё это грозило скандалом. Но данные говорили сами за себя, а данные — единственный язык, который наука не может игнорировать. Проект открыли заново. На этот раз — с финансированием, с командой, с признанием. И во главе его встал профессор Кейн, которого институт когда-то списал со счетов.

Эдвард часто потом вспоминал те ночи в лаборатории номер семь — изматывающие, потаённые, безнадёжные с виду. Он мог бы тогда сообщить охране и спокойно спать дальше. Мог бы пройти мимо полоски света под дверью. Но он зашёл, выслушал — и остался. И это решение, принятое из простого любопытства, обернулось, может быть, самым важным делом его жизни.

А главное он понял, глядя, как немолодой профессор, помолодевший лет на десять, ведёт уже настоящую большую команду к лекарству, которое спасёт многих. Самые важные дела часто делаются не на виду и не сразу. Иногда они годами теплятся в темноте, в забытых лабораториях, в упрямых сердцах тех, кто не сдался, — и ждут лишь одного: чтобы кто-нибудь увидел свет под дверью и не прошёл мимо.',
        'То, ради чего стоило', 'Прорыв случился глубокой ночью, как и всё в лаборатории номер семь. После долгих месяцев тупиков и неудач один из образцов наконец повёл себя так, как они столько времени надеялись. Эдвард трижды перепроверил результат, не веря глазам, а потом позвал профессора — и по дрожащим рукам старика, склонившегося над данными, понял, что не ошибся.

Это было ещё не лекарство — до готового средства предстояли годы испытаний. Но это был ключ. Тот самый принцип, который они искали десятилетиями, который ускользал от Кейна столько лет. Дверь, которую считали наглухо запертой, дрогнула и приоткрылась.

Эдвард смотрел на результаты и не мог унять дрожь в руках. Годы чужого труда, десятилетия надежд и разочарований, бессонные ночи двух упрямцев в забытом крыле — всё это вело сюда, к этому мерцающему на экране ответу. Он думал о письмах от отчаявшихся семей, которые показывал ему Кейн, о лицах, что стояли за сухими медицинскими терминами. Для всех этих людей строчки данных перед ним значили больше, чем любое сокровище мира, — они значили шанс не потерять близкого так, как профессор когда-то потерял жену. И от тяжести этого знания у Эдварда перехватывало дыхание.

Профессор Кейн долго молчал, глядя на результаты. А потом Эдвард увидел, как по щекам старика катятся слёзы — впервые за всё время их знакомства.

— Она бы дождалась, — проговорил Кейн чуть слышно. — Если бы мы нашли это тогда... она бы дождалась. Но другие — другие теперь дождутся. Вот что важно. Не я опоздал — значит, кто-то успеет.

С этим прорывом всё изменилось. Теперь у них на руках было то, что нельзя было больше прятать по ночам в забытом крыле. Эдвард настоял: пора выйти из тени. И вдвоём они пошли к руководству института — не с пустыми руками просителей, а с результатом, перед которым невозможно было закрыть глаза.

Поначалу им не верили. Закрытый проект, опальный профессор, годы самовольной работы в опечатанной лаборатории — всё это грозило скандалом. Но данные говорили сами за себя, а данные — единственный язык, который наука не может игнорировать. Проект открыли заново. На этот раз — с финансированием, с командой, с признанием. И во главе его встал профессор Кейн, которого институт когда-то списал со счетов.

Эдвард часто потом вспоминал те ночи в лаборатории номер семь — изматывающие, потаённые, безнадёжные с виду. Он мог бы тогда сообщить охране и спокойно спать дальше. Мог бы пройти мимо полоски света под дверью. Но он зашёл, выслушал — и остался. И это решение, принятое из простого любопытства, обернулось, может быть, самым важным делом его жизни.

А главное он понял, глядя, как немолодой профессор, помолодевший лет на десять, ведёт уже настоящую большую команду к лекарству, которое спасёт многих. Самые важные дела часто делаются не на виду и не сразу. Иногда они годами теплятся в темноте, в забытых лабораториях, в упрямых сердцах тех, кто не сдался, — и ждут лишь одного: чтобы кто-нибудь увидел свет под дверью и не прошёл мимо.', 'published', '2026-03-07T12:00:00+00:00', '2026-03-07T13:00:00+00:00');

    -- [25] Письма Стражам (marvel)
    INSERT INTO stories (id, slug, title, status, author_id, ai_summary, created_at, updated_at) VALUES (
        '4a4b27bf-51aa-570d-b957-91f3b417733f', 'marvel-pisma-strazham', 'Письма Стражам', 'published', v_author_id, 'Восьмилетний мальчик из приюта пишет письма любимым героям, не надеясь на ответ. Но однажды ответ приходит — и за ним стоит совсем не тот, о ком мальчик думал.',
        '2026-03-02T12:00:00+00:00', '2026-04-25T08:00:00+00:00');
    INSERT INTO story_tags (story_id, tag_id) VALUES ('4a4b27bf-51aa-570d-b957-91f3b417733f', '10000001-0001-4001-8001-000000000005');
    INSERT INTO story_tags (story_id, tag_id) VALUES ('4a4b27bf-51aa-570d-b957-91f3b417733f', '10000004-0004-4004-8004-000000000001');
    INSERT INTO story_tags (story_id, tag_id) VALUES ('4a4b27bf-51aa-570d-b957-91f3b417733f', '10000005-0005-4005-8005-000000000002');
    INSERT INTO story_tags (story_id, tag_id) VALUES ('4a4b27bf-51aa-570d-b957-91f3b417733f', '10000006-0006-4006-8006-000000000001');
    INSERT INTO story_tags (story_id, tag_id) VALUES ('4a4b27bf-51aa-570d-b957-91f3b417733f', '10000002-0002-4002-8002-000000000001');
    INSERT INTO story_tags (story_id, tag_id) VALUES ('4a4b27bf-51aa-570d-b957-91f3b417733f', '10000002-0002-4002-8002-000000000004');
    INSERT INTO chapters (id, story_id, title, content, draft_title, draft_content, status, created_at, updated_at) VALUES (
        '74849c11-c11a-5a63-b062-6f968f684b97', '4a4b27bf-51aa-570d-b957-91f3b417733f', 'Письма в никуда', 'Тимке было восемь, и он жил в приюте на окраине большого города. Родителей он почти не помнил, друзей в приюте заводил с трудом — был тихим, мечтательным, не таким, как шумные соседи по комнате. Зато у Тимки были герои. Настоящие, те, что в новостях спасали мир, — Стражи, как их называли в городе. И Тимка их обожал.

Он знал о них всё, что можно было узнать из газет и редких выпусков новостей, которые удавалось посмотреть. Вырезал их фотографии, клеил на стену над кроватью, придумывал про них истории. А ещё — писал им письма. Длинные, старательные, выведенные корявым детским почерком на тетрадных листках. Рассказывал про свой день, про приютскую жизнь, спрашивал, каково это — летать, не страшно ли сражаться, что они едят на завтрак.

Писем накопилось много — целая коробка из-под обуви под кроватью. Тимка не знал настоящего адреса Стражей, поэтому отправлял письма наугад: опускал в почтовый ящик, надписав просто «Стражам города, в их большую башню». Он понимал, в глубине души, что письма, скорее всего, никуда не доходят. Что у героев нет времени читать каракули приютского мальчишки. Что это всё понарошку.

Но всё равно писал. Потому что, выводя эти письма, он будто разговаривал с кем-то, кто его слушает. В приюте Тимку слушали редко — воспитателей было мало, детей много, и тихий мечтатель легко терялся в общей массе. А письма были его собственным миром, где у него были друзья — пусть далёкие, пусть, может быть, и не читающие его строк, но всё-таки друзья. И этот воображаемый разговор согревал восьмилетнее сердце куда сильнее, чем кто-либо догадывался.

Воспитатели в приюте были не злыми, просто их вечно не хватало на всех. Тридцать детей на двоих взрослых — какое уж тут внимание к каждому. Шумные и бойкие хотя бы умели урвать свою долю заботы, а тихий мечтательный Тимка терялся, как теряется неяркая звезда в свете соседних. Его не обижали — его попросту не замечали, и это, пожалуй, ранило сильнее обид. Письма были его способом не исчезнуть совсем: выводя их, он чувствовал, что есть на свете кто-то, кому он рассказывает о своём дне, кто-то, для кого он, Тимка, существует. Пусть выдуманный. Пусть далёкий. Хоть какой-нибудь.

Старшие мальчишки в приюте, прознав про письма, потешались над Тимкой. «Дурачок, — говорили они, — кому ты пишешь? Думаешь, супергерою есть до тебя дело? Да твои письма выбрасывают, не читая, если вообще доходят». Тимка не спорил. Он только сильнее прятал свою коробку под кроватью и продолжал писать — тайком, по ночам, при свете тусклого ночника.

Он и сам не очень-то надеялся на ответ. Надежда — слишком хрупкая вещь, чтобы тратить её на чудеса. Тимка просто писал, потому что от этого становилось не так одиноко. И уж точно он не ждал, что в одно обыкновенное утро всё переменится — что на имя «Тимофею, в приют» придёт настоящий конверт, надписанный незнакомой рукой.',
        'Письма в никуда', 'Тимке было восемь, и он жил в приюте на окраине большого города. Родителей он почти не помнил, друзей в приюте заводил с трудом — был тихим, мечтательным, не таким, как шумные соседи по комнате. Зато у Тимки были герои. Настоящие, те, что в новостях спасали мир, — Стражи, как их называли в городе. И Тимка их обожал.

Он знал о них всё, что можно было узнать из газет и редких выпусков новостей, которые удавалось посмотреть. Вырезал их фотографии, клеил на стену над кроватью, придумывал про них истории. А ещё — писал им письма. Длинные, старательные, выведенные корявым детским почерком на тетрадных листках. Рассказывал про свой день, про приютскую жизнь, спрашивал, каково это — летать, не страшно ли сражаться, что они едят на завтрак.

Писем накопилось много — целая коробка из-под обуви под кроватью. Тимка не знал настоящего адреса Стражей, поэтому отправлял письма наугад: опускал в почтовый ящик, надписав просто «Стражам города, в их большую башню». Он понимал, в глубине души, что письма, скорее всего, никуда не доходят. Что у героев нет времени читать каракули приютского мальчишки. Что это всё понарошку.

Но всё равно писал. Потому что, выводя эти письма, он будто разговаривал с кем-то, кто его слушает. В приюте Тимку слушали редко — воспитателей было мало, детей много, и тихий мечтатель легко терялся в общей массе. А письма были его собственным миром, где у него были друзья — пусть далёкие, пусть, может быть, и не читающие его строк, но всё-таки друзья. И этот воображаемый разговор согревал восьмилетнее сердце куда сильнее, чем кто-либо догадывался.

Воспитатели в приюте были не злыми, просто их вечно не хватало на всех. Тридцать детей на двоих взрослых — какое уж тут внимание к каждому. Шумные и бойкие хотя бы умели урвать свою долю заботы, а тихий мечтательный Тимка терялся, как теряется неяркая звезда в свете соседних. Его не обижали — его попросту не замечали, и это, пожалуй, ранило сильнее обид. Письма были его способом не исчезнуть совсем: выводя их, он чувствовал, что есть на свете кто-то, кому он рассказывает о своём дне, кто-то, для кого он, Тимка, существует. Пусть выдуманный. Пусть далёкий. Хоть какой-нибудь.

Старшие мальчишки в приюте, прознав про письма, потешались над Тимкой. «Дурачок, — говорили они, — кому ты пишешь? Думаешь, супергерою есть до тебя дело? Да твои письма выбрасывают, не читая, если вообще доходят». Тимка не спорил. Он только сильнее прятал свою коробку под кроватью и продолжал писать — тайком, по ночам, при свете тусклого ночника.

Он и сам не очень-то надеялся на ответ. Надежда — слишком хрупкая вещь, чтобы тратить её на чудеса. Тимка просто писал, потому что от этого становилось не так одиноко. И уж точно он не ждал, что в одно обыкновенное утро всё переменится — что на имя «Тимофею, в приют» придёт настоящий конверт, надписанный незнакомой рукой.', 'published', '2026-03-02T12:00:00+00:00', '2026-03-02T13:00:00+00:00');
    INSERT INTO chapters (id, story_id, title, content, draft_title, draft_content, status, created_at, updated_at) VALUES (
        'd3e2bde0-4ff0-546e-9512-e1d646cf1e15', '4a4b27bf-51aa-570d-b957-91f3b417733f', 'Ответ', 'Конверт был самый обыкновенный, без блёсток и геройских эмблем, и поначалу Тимка решил, что это какая-то ошибка. Но на нём стояло его имя, выведенное аккуратным взрослым почерком, и приписка: «Тому, кто пишет Стражам». Руки у Тимки задрожали. Он убежал в дальний угол двора, чтобы никто не отнял и не посмеялся, и дрожащими пальцами вскрыл конверт.

Внутри было письмо. Настоящее, длинное письмо, написанное от руки. «Дорогой Тимофей, — говорилось в нём. — Твои письма дошли. Все до единого. Прости, что так долго не отвечали, — их было очень много, и мы прочитали каждое». Дальше неизвестный автор отвечал на Тимкины вопросы — по порядку, ничего не пропустив. Каково это — летать. Страшно ли сражаться (да, признавался автор, страшно, и тот, кто говорит, что не боится, просто храбрится). Что герои едят на завтрак.

Тимка читал, и сердце колотилось так, что отдавалось в ушах. Ему ответили. По-настоящему. Его письма не выбросили — их прочитали, все, и не поленились ответить на каждый его наивный вопрос. Старшие мальчишки были неправы. Он был не дурачок. Кто-то там, в большой башне, счёл его письма достойными ответа.

С того дня началась переписка. Тимка писал — и теперь получал ответы. Регулярно, примерно раз в две недели, приходил конверт с аккуратным взрослым почерком. Невидимый друг расспрашивал про его жизнь, подбадривал, советовал, как поладить с соседями по комнате, как не унывать. Тимка расцвёл. Впервые в жизни у него был взрослый, которому он был по-настоящему интересен, который слушал и отвечал.

Перемена в Тимке не укрылась от окружающих. Воспитатели дивились, отчего вечно тихий, замкнутый мальчик вдруг повеселел, стал увереннее, охотнее сходился с другими детьми. Соседи по комнате, ещё недавно дразнившие его за письма «в никуда», примолкли, когда конверты с настоящим взрослым почерком стали приходить регулярно. А сам Тимка будто расправил крылья. У него появилось то, чего отчаянно не хватает каждому ребёнку и чего ему так долго недоставало, — ощущение, что он кому-то важен, что его слушают и ждут его слов. Это ощущение оказалось целительнее любого лекарства.

Конечно, Тимка был уверен, что переписывается с самим Стражем — с одним из тех сияющих героев со стены над его кроватью. Он представлял, как могучий герой в перерывах между спасением мира садится и пишет ему, маленькому Тимке, ответ. От этой мысли кружилась голова. Он перечитывал письма по сто раз, выучил их наизусть и хранил теперь не в обувной коробке, а в специальной жестяной банке, как самое большое сокровище.

Он и не подозревал, что правда окажется совсем другой — и куда более удивительной, чем его фантазии о летающем герое за письменным столом. Эту правду Тимка узнал лишь однажды, и она объяснила ему о геройстве больше, чем все выпуски новостей, вместе взятые.',
        'Ответ', 'Конверт был самый обыкновенный, без блёсток и геройских эмблем, и поначалу Тимка решил, что это какая-то ошибка. Но на нём стояло его имя, выведенное аккуратным взрослым почерком, и приписка: «Тому, кто пишет Стражам». Руки у Тимки задрожали. Он убежал в дальний угол двора, чтобы никто не отнял и не посмеялся, и дрожащими пальцами вскрыл конверт.

Внутри было письмо. Настоящее, длинное письмо, написанное от руки. «Дорогой Тимофей, — говорилось в нём. — Твои письма дошли. Все до единого. Прости, что так долго не отвечали, — их было очень много, и мы прочитали каждое». Дальше неизвестный автор отвечал на Тимкины вопросы — по порядку, ничего не пропустив. Каково это — летать. Страшно ли сражаться (да, признавался автор, страшно, и тот, кто говорит, что не боится, просто храбрится). Что герои едят на завтрак.

Тимка читал, и сердце колотилось так, что отдавалось в ушах. Ему ответили. По-настоящему. Его письма не выбросили — их прочитали, все, и не поленились ответить на каждый его наивный вопрос. Старшие мальчишки были неправы. Он был не дурачок. Кто-то там, в большой башне, счёл его письма достойными ответа.

С того дня началась переписка. Тимка писал — и теперь получал ответы. Регулярно, примерно раз в две недели, приходил конверт с аккуратным взрослым почерком. Невидимый друг расспрашивал про его жизнь, подбадривал, советовал, как поладить с соседями по комнате, как не унывать. Тимка расцвёл. Впервые в жизни у него был взрослый, которому он был по-настоящему интересен, который слушал и отвечал.

Перемена в Тимке не укрылась от окружающих. Воспитатели дивились, отчего вечно тихий, замкнутый мальчик вдруг повеселел, стал увереннее, охотнее сходился с другими детьми. Соседи по комнате, ещё недавно дразнившие его за письма «в никуда», примолкли, когда конверты с настоящим взрослым почерком стали приходить регулярно. А сам Тимка будто расправил крылья. У него появилось то, чего отчаянно не хватает каждому ребёнку и чего ему так долго недоставало, — ощущение, что он кому-то важен, что его слушают и ждут его слов. Это ощущение оказалось целительнее любого лекарства.

Конечно, Тимка был уверен, что переписывается с самим Стражем — с одним из тех сияющих героев со стены над его кроватью. Он представлял, как могучий герой в перерывах между спасением мира садится и пишет ему, маленькому Тимке, ответ. От этой мысли кружилась голова. Он перечитывал письма по сто раз, выучил их наизусть и хранил теперь не в обувной коробке, а в специальной жестяной банке, как самое большое сокровище.

Он и не подозревал, что правда окажется совсем другой — и куда более удивительной, чем его фантазии о летающем герое за письменным столом. Эту правду Тимка узнал лишь однажды, и она объяснила ему о геройстве больше, чем все выпуски новостей, вместе взятые.', 'published', '2026-03-03T12:00:00+00:00', '2026-03-03T13:00:00+00:00');
    INSERT INTO chapters (id, story_id, title, content, draft_title, draft_content, status, created_at, updated_at) VALUES (
        'c23fb45d-f9a8-5c69-abdf-e60e8f58ff34', '4a4b27bf-51aa-570d-b957-91f3b417733f', 'Тот, кто отвечал', 'Однажды Тимка набрался смелости и в письме попросил о встрече. Всего на минутку, писал он, только посмотреть одним глазком на настоящего Стража, который ему пишет. Он не очень-то верил, что просьбу исполнят. Но через две недели в ответном письме был назначен день, час и место — небольшое кафе недалеко от приюта.

Тимка не спал всю ночь от волнения. Он представлял, как откроется дверь и войдёт его герой — в плаще, могучий, сияющий. В назначенный час он сидел за столиком, сжимая в руках жестяную банку с письмами, и не сводил глаз с двери.

Но вошёл не сияющий герой. Вошёл немолодой человек в простой одежде — с усталым добрым лицом, в очках, ничем не примечательный. Он подошёл к Тимкиному столику, сел напротив и улыбнулся виновато.

— Здравствуй, Тимофей, — сказал он, и Тимка узнал голос — нет, не голос, а интонацию, ту самую, что слышалась ему в письмах. — Прости, что я не тот, кого ты ждал. Меня зовут Сэмюэл. Я работаю в башне Стражей — не героем. Я разбираю их почту.

Тимка растерянно молчал. Человек продолжал, мягко, осторожно:

— Видишь ли, героям и правда пишут тысячи писем. Тысячи. Сами они при всём желании не успели бы прочесть и сотой доли — они ведь и впрямь спасают мир, времени совсем нет. Этим занимаемся мы, несколько человек в почтовом отделе. Читаем, сортируем, отвечаем на самые важные. И вот однажды мне попались твои письма. Все сразу, целая стопка. И я... я не смог просто подшить их в архив. Слишком они были живые. Слишком одинокие. И я стал отвечать. Сам. От себя. Прости, что выдавал себя за героя, — я просто не хотел тебя разочаровать.

Тимка смотрел на этого обыкновенного усталого человека, и в его восьмилетней голове что-то медленно поворачивалось. Сначала кольнуло разочарование — это не Страж, не герой со стены. А потом пришло другое, большее понимание.

В голове у Тимки всё перевернулось. Он-то целый год был уверен, что переписывается с одним из тех сияющих героев со стены над кроватью, что сам Страж в перерывах между спасением мира садится и пишет ему ответ. А оказалось — обыкновенный усталый человек в очках, который разбирает чужую почту. На один короткий миг Тимке стало горько от обмана и несбывшейся сказки. Но горечь тут же сменилась чем-то иным, куда более взрослым и тёплым, — пониманием, что правда, открывшаяся ему сейчас, на самом деле дороже любой выдумки про летающего героя.

— Так это вы, — тихо сказал он. — Все эти письма. Целый год. Это были вы. Не герой. Просто вы.

— Просто я, — кивнул Сэмюэл, готовясь, видимо, к слезам и обиде.

Но Тимка не заплакал. Он вдруг крепко прижал к груди жестяную банку и сказал то, от чего у немолодого работника почты защипало в глазах:

— Значит, вы ещё лучше. Герою-то, может, и нетрудно — он сильный, ему положено. А вы не герой. Вам никто не велел мне писать. Вы просто сами захотели, чтоб мне не было одиноко. Это же... это же добрее, чем мир спасать. Спасибо вам, дядя Сэмюэл.',
        'Тот, кто отвечал', 'Однажды Тимка набрался смелости и в письме попросил о встрече. Всего на минутку, писал он, только посмотреть одним глазком на настоящего Стража, который ему пишет. Он не очень-то верил, что просьбу исполнят. Но через две недели в ответном письме был назначен день, час и место — небольшое кафе недалеко от приюта.

Тимка не спал всю ночь от волнения. Он представлял, как откроется дверь и войдёт его герой — в плаще, могучий, сияющий. В назначенный час он сидел за столиком, сжимая в руках жестяную банку с письмами, и не сводил глаз с двери.

Но вошёл не сияющий герой. Вошёл немолодой человек в простой одежде — с усталым добрым лицом, в очках, ничем не примечательный. Он подошёл к Тимкиному столику, сел напротив и улыбнулся виновато.

— Здравствуй, Тимофей, — сказал он, и Тимка узнал голос — нет, не голос, а интонацию, ту самую, что слышалась ему в письмах. — Прости, что я не тот, кого ты ждал. Меня зовут Сэмюэл. Я работаю в башне Стражей — не героем. Я разбираю их почту.

Тимка растерянно молчал. Человек продолжал, мягко, осторожно:

— Видишь ли, героям и правда пишут тысячи писем. Тысячи. Сами они при всём желании не успели бы прочесть и сотой доли — они ведь и впрямь спасают мир, времени совсем нет. Этим занимаемся мы, несколько человек в почтовом отделе. Читаем, сортируем, отвечаем на самые важные. И вот однажды мне попались твои письма. Все сразу, целая стопка. И я... я не смог просто подшить их в архив. Слишком они были живые. Слишком одинокие. И я стал отвечать. Сам. От себя. Прости, что выдавал себя за героя, — я просто не хотел тебя разочаровать.

Тимка смотрел на этого обыкновенного усталого человека, и в его восьмилетней голове что-то медленно поворачивалось. Сначала кольнуло разочарование — это не Страж, не герой со стены. А потом пришло другое, большее понимание.

В голове у Тимки всё перевернулось. Он-то целый год был уверен, что переписывается с одним из тех сияющих героев со стены над кроватью, что сам Страж в перерывах между спасением мира садится и пишет ему ответ. А оказалось — обыкновенный усталый человек в очках, который разбирает чужую почту. На один короткий миг Тимке стало горько от обмана и несбывшейся сказки. Но горечь тут же сменилась чем-то иным, куда более взрослым и тёплым, — пониманием, что правда, открывшаяся ему сейчас, на самом деле дороже любой выдумки про летающего героя.

— Так это вы, — тихо сказал он. — Все эти письма. Целый год. Это были вы. Не герой. Просто вы.

— Просто я, — кивнул Сэмюэл, готовясь, видимо, к слезам и обиде.

Но Тимка не заплакал. Он вдруг крепко прижал к груди жестяную банку и сказал то, от чего у немолодого работника почты защипало в глазах:

— Значит, вы ещё лучше. Герою-то, может, и нетрудно — он сильный, ему положено. А вы не герой. Вам никто не велел мне писать. Вы просто сами захотели, чтоб мне не было одиноко. Это же... это же добрее, чем мир спасать. Спасибо вам, дядя Сэмюэл.', 'published', '2026-03-04T12:00:00+00:00', '2026-03-04T13:00:00+00:00');

    -- [26] Сигнал над городом (dc)
    INSERT INTO stories (id, slug, title, status, author_id, ai_summary, created_at, updated_at) VALUES (
        '6f3898ae-9bfb-557e-814e-b6b498316ddd', 'dc-signal-nad-gorodom', 'Сигнал над городом', 'published', v_author_id, 'Старый диспетчер полиции каждую ночь зажигает над городом сигнал-прожектор, вызывая героя. Но однажды герой не приходит — и спасать город придётся тем, кто остался внизу.',
        '2026-02-28T12:00:00+00:00', '2026-04-24T12:00:00+00:00');
    INSERT INTO story_tags (story_id, tag_id) VALUES ('6f3898ae-9bfb-557e-814e-b6b498316ddd', '10000001-0001-4001-8001-000000000006');
    INSERT INTO story_tags (story_id, tag_id) VALUES ('6f3898ae-9bfb-557e-814e-b6b498316ddd', '10000004-0004-4004-8004-000000000002');
    INSERT INTO story_tags (story_id, tag_id) VALUES ('6f3898ae-9bfb-557e-814e-b6b498316ddd', '10000005-0005-4005-8005-000000000003');
    INSERT INTO story_tags (story_id, tag_id) VALUES ('6f3898ae-9bfb-557e-814e-b6b498316ddd', '10000006-0006-4006-8006-000000000001');
    INSERT INTO story_tags (story_id, tag_id) VALUES ('6f3898ae-9bfb-557e-814e-b6b498316ddd', '10000002-0002-4002-8002-000000000001');
    INSERT INTO story_tags (story_id, tag_id) VALUES ('6f3898ae-9bfb-557e-814e-b6b498316ddd', '10000002-0002-4002-8002-000000000006');
    INSERT INTO chapters (id, story_id, title, content, draft_title, draft_content, status, created_at, updated_at) VALUES (
        '81d5d64e-59a6-5ede-872a-f68f9e29c4fe', '6f3898ae-9bfb-557e-814e-b6b498316ddd', 'Человек у прожектора', 'Уже тридцать лет Альберт Грин поднимался на крышу полицейского управления и зажигал сигнал. Огромный прожектор с вырезанным на стекле символом пронзал ночное небо над городом, и где-то там, в темноте, его видел тот, кого этот сигнал звал. Это была работа Альберта — простая, неприметная и, как он считал, самая важная в его жизни.

Город был неспокойным местом. По ночам в нём творилось всякое, и обычная полиция не всегда справлялась. Но у города был защитник — герой в маске, появлявшийся из теней там, где закон бессилен. А чтобы его позвать, нужен был сигнал. И тридцать лет Альберт был тем человеком, что зажигает свет.

Молодые полицейские посмеивались над стариком. Что за работа — крутить рубильник да протирать стекло прожектора? Любой бы справился. Но Альберт относился к делу со странной, почти религиозной серьёзностью. Он начищал линзу до блеска, следил за механизмом, знал прожектор как живое существо. И главное — он чувствовал город. За тридцать лет на этой крыше он научился понимать по звукам, по огням, по запаху ветра, где сегодня будет беда. И зажигал сигнал не наугад, а тогда, когда тот был действительно нужен.

— Зачем вы так серьёзно к этому относитесь, мистер Грин? — спросил его как-то молодой сержант. — Это же просто лампа. Свет включить да выключить.

Альберт долго смотрел на ночной город, раскинувшийся внизу мерцающим морем огней.

Город внизу жил своей жизнью, не подозревая о старике на крыше. Загорались и гасли окна, мчались по проспектам автомобили, кто-то возвращался домой, кто-то не спал над бедой. Альберт знал этот город до мозга костей — за тридцать лет ночных дежурств он изучил его дыхание лучше, чем дыхание собственной покойной жены. Он умел отличить обычный ночной гул от того особого, тревожного звучания, что предвещает беду. И за все тридцать лет он ни разу не зажёг сигнал зря — а это, считал старик, было его главным мастерством, куда более тонким, чем казалось со стороны.

— Видишь ли, сынок, — сказал он наконец. — Этот свет — не просто лампа. Это надежда. Когда люди внизу видят его в небе, они знают: они не одни, кто-то придёт на помощь. И когда тот, кто там, наверху, видит его, он знает: в нём нуждаются, его ждут. Я не ловлю преступников и не дерусь на крышах. Я просто соединяю надежду с тем, кто может её оправдать. По-моему, это стоит того, чтобы делать всерьёз.

Сержант не нашёлся, что ответить, и ушёл, пожав плечами. А Альберт остался у своего прожектора, как оставался каждую ночь тридцать лет. Он не знал, что именно сегодня его вера в этот свет будет испытана так, как не испытывалась ни разу за все эти годы. Что наступит ночь, когда он зажжёт сигнал — а в ответ не придёт никто. И тогда выяснится, что значит этот свет на самом деле.',
        'Человек у прожектора', 'Уже тридцать лет Альберт Грин поднимался на крышу полицейского управления и зажигал сигнал. Огромный прожектор с вырезанным на стекле символом пронзал ночное небо над городом, и где-то там, в темноте, его видел тот, кого этот сигнал звал. Это была работа Альберта — простая, неприметная и, как он считал, самая важная в его жизни.

Город был неспокойным местом. По ночам в нём творилось всякое, и обычная полиция не всегда справлялась. Но у города был защитник — герой в маске, появлявшийся из теней там, где закон бессилен. А чтобы его позвать, нужен был сигнал. И тридцать лет Альберт был тем человеком, что зажигает свет.

Молодые полицейские посмеивались над стариком. Что за работа — крутить рубильник да протирать стекло прожектора? Любой бы справился. Но Альберт относился к делу со странной, почти религиозной серьёзностью. Он начищал линзу до блеска, следил за механизмом, знал прожектор как живое существо. И главное — он чувствовал город. За тридцать лет на этой крыше он научился понимать по звукам, по огням, по запаху ветра, где сегодня будет беда. И зажигал сигнал не наугад, а тогда, когда тот был действительно нужен.

— Зачем вы так серьёзно к этому относитесь, мистер Грин? — спросил его как-то молодой сержант. — Это же просто лампа. Свет включить да выключить.

Альберт долго смотрел на ночной город, раскинувшийся внизу мерцающим морем огней.

Город внизу жил своей жизнью, не подозревая о старике на крыше. Загорались и гасли окна, мчались по проспектам автомобили, кто-то возвращался домой, кто-то не спал над бедой. Альберт знал этот город до мозга костей — за тридцать лет ночных дежурств он изучил его дыхание лучше, чем дыхание собственной покойной жены. Он умел отличить обычный ночной гул от того особого, тревожного звучания, что предвещает беду. И за все тридцать лет он ни разу не зажёг сигнал зря — а это, считал старик, было его главным мастерством, куда более тонким, чем казалось со стороны.

— Видишь ли, сынок, — сказал он наконец. — Этот свет — не просто лампа. Это надежда. Когда люди внизу видят его в небе, они знают: они не одни, кто-то придёт на помощь. И когда тот, кто там, наверху, видит его, он знает: в нём нуждаются, его ждут. Я не ловлю преступников и не дерусь на крышах. Я просто соединяю надежду с тем, кто может её оправдать. По-моему, это стоит того, чтобы делать всерьёз.

Сержант не нашёлся, что ответить, и ушёл, пожав плечами. А Альберт остался у своего прожектора, как оставался каждую ночь тридцать лет. Он не знал, что именно сегодня его вера в этот свет будет испытана так, как не испытывалась ни разу за все эти годы. Что наступит ночь, когда он зажжёт сигнал — а в ответ не придёт никто. И тогда выяснится, что значит этот свет на самом деле.', 'published', '2026-02-28T12:00:00+00:00', '2026-02-28T13:00:00+00:00');
    INSERT INTO chapters (id, story_id, title, content, draft_title, draft_content, status, created_at, updated_at) VALUES (
        'ddd56250-cfc4-5bf5-b1cd-2a63d8530702', '6f3898ae-9bfb-557e-814e-b6b498316ddd', 'Ночь, когда никто не пришёл', 'Беда пришла в город холодной осенней ночью. Сначала всё было как обычно — Альберт по привычным признакам почуял неладное и зажёг сигнал. Огромный луч с символом ударил в низкие тучи, и старик стал ждать, как ждал тысячи раз: вот-вот в темноте мелькнёт знакомый силуэт, и герой откликнется на зов.

Но герой не пришёл.

Прошёл час. Сигнал горел, разрезая ночь, а защитник города не появлялся. Альберт встревожился — такого почти не случалось. По полицейской рации тем временем сыпались тревожные сводки: на окраине прорвало плотину старого водохранилища, вода хлынула к жилым кварталам, людей нужно было срочно выводить, а сил не хватало. Город оказался один на один с бедой — а тот, кто всегда приходил на помощь, молчал.

Позже выяснится, что в ту самую ночь героя не было в городе — он сражался с угрозой куда большего масштаба за тысячи миль отсюда, и сигнал просто некому было увидеть. Но Альберт этого не знал. Он знал лишь, что свет горит впустую, что вода подступает к домам, а помощи нет и не предвидится.

Молодой сержант, тот самый, влетел на крышу, бледный.

— Мистер Грин, он не отвечает! Сигнал горит уже час, а его нет! Что делать? Внизу паника, на окраине вода, мы не вытягиваем!

Альберт смотрел на луч, бессмысленно бьющий в пустое небо, и в груди у него холодело. Тридцать лет он верил, что его работа — соединять надежду с тем, кто её оправдает. А что, если оправдывать надежду стало некому? Что, если свет в небе — это всё, что у города осталось, а того, кто на него отвечает, сегодня нет?

Холод подступал к самому сердцу старика. Тридцать лет он строил всю свою веру на простом убеждении: есть свет, есть тот, кто на него приходит, и значит, город не останется без защиты. А теперь это убеждение трещало по швам у него на глазах. Свет горел — а защиты не было. И впервые за все годы Альберт усомнился не в герое, а в самом устройстве мира, где спасение целого города висит на одном-единственном человеке. Что за хрупкость, подумал он с внезапной ясностью. Что за безумие — доверить всё одной паре плеч, пусть и самых крепких на свете.

И тогда старый диспетчер понял одну вещь, которую не понимал тридцать лет. Он выпрямился, отвернулся от бесполезного прожектора и посмотрел на перепуганного сержанта.

— Слушай меня внимательно, сынок, — сказал он твёрдо. — Герой не придёт. Не сегодня. Но это не значит, что некому помочь. Мы тут, внизу, что — не люди? Поднимай всех, кто есть. Все машины, все смены, добровольцев, пожарных, кого угодно. Свет в небе звал не только его. Он звал и нас. Просто мы привыкли думать, что спасать — чужое дело. Сегодня оно наше.',
        'Ночь, когда никто не пришёл', 'Беда пришла в город холодной осенней ночью. Сначала всё было как обычно — Альберт по привычным признакам почуял неладное и зажёг сигнал. Огромный луч с символом ударил в низкие тучи, и старик стал ждать, как ждал тысячи раз: вот-вот в темноте мелькнёт знакомый силуэт, и герой откликнется на зов.

Но герой не пришёл.

Прошёл час. Сигнал горел, разрезая ночь, а защитник города не появлялся. Альберт встревожился — такого почти не случалось. По полицейской рации тем временем сыпались тревожные сводки: на окраине прорвало плотину старого водохранилища, вода хлынула к жилым кварталам, людей нужно было срочно выводить, а сил не хватало. Город оказался один на один с бедой — а тот, кто всегда приходил на помощь, молчал.

Позже выяснится, что в ту самую ночь героя не было в городе — он сражался с угрозой куда большего масштаба за тысячи миль отсюда, и сигнал просто некому было увидеть. Но Альберт этого не знал. Он знал лишь, что свет горит впустую, что вода подступает к домам, а помощи нет и не предвидится.

Молодой сержант, тот самый, влетел на крышу, бледный.

— Мистер Грин, он не отвечает! Сигнал горит уже час, а его нет! Что делать? Внизу паника, на окраине вода, мы не вытягиваем!

Альберт смотрел на луч, бессмысленно бьющий в пустое небо, и в груди у него холодело. Тридцать лет он верил, что его работа — соединять надежду с тем, кто её оправдает. А что, если оправдывать надежду стало некому? Что, если свет в небе — это всё, что у города осталось, а того, кто на него отвечает, сегодня нет?

Холод подступал к самому сердцу старика. Тридцать лет он строил всю свою веру на простом убеждении: есть свет, есть тот, кто на него приходит, и значит, город не останется без защиты. А теперь это убеждение трещало по швам у него на глазах. Свет горел — а защиты не было. И впервые за все годы Альберт усомнился не в герое, а в самом устройстве мира, где спасение целого города висит на одном-единственном человеке. Что за хрупкость, подумал он с внезапной ясностью. Что за безумие — доверить всё одной паре плеч, пусть и самых крепких на свете.

И тогда старый диспетчер понял одну вещь, которую не понимал тридцать лет. Он выпрямился, отвернулся от бесполезного прожектора и посмотрел на перепуганного сержанта.

— Слушай меня внимательно, сынок, — сказал он твёрдо. — Герой не придёт. Не сегодня. Но это не значит, что некому помочь. Мы тут, внизу, что — не люди? Поднимай всех, кто есть. Все машины, все смены, добровольцев, пожарных, кого угодно. Свет в небе звал не только его. Он звал и нас. Просто мы привыкли думать, что спасать — чужое дело. Сегодня оно наше.', 'published', '2026-03-01T12:00:00+00:00', '2026-03-01T13:00:00+00:00');
    INSERT INTO chapters (id, story_id, title, content, draft_title, draft_content, status, created_at, updated_at) VALUES (
        'fccc0ed7-bbc0-5b9d-bf54-a888897549e2', '6f3898ae-9bfb-557e-814e-b6b498316ddd', 'Те, кто остался внизу', 'Той ночью город спасал себя сам. Альберт спустился с крыши — впервые за тридцать лет оставив прожектор гореть без присмотра — и взялся за то, чего не делал никогда: стал координировать спасение. Старый диспетчер, знавший город как свои пять пальцев, оказался незаменим. Он знал каждую улицу, каждый переулок, каждый дом на затопляемой окраине, помнил, где живут старики, где детский приют, где низины, которые зальёт первыми.

По его указаниям полицейские машины разъезжались по самым опасным адресам. Пожарные выводили людей из низин. Случайные прохожие, водители, обычные горожане — все, кто услышал и увидел, что творится, включались в работу. Город, привыкший ждать спасения сверху, вдруг обнаружил, что спасение может прийти и сбоку — от соседа, от прохожего, от старика с рацией.

Это была долгая, страшная ночь. Вода прибывала, и не раз казалось, что не успеть, что без героя в маске беды не отвести. Но люди не отступали. Молодой сержант, ещё днём сомневавшийся, нырял в ледяную воду, вытаскивая застрявших. Пожилая медсестра из ближайшей больницы развернула пункт помощи прямо на улице. Незнакомые друг другу люди цепочкой передавали детей и стариков из затопленных домов на сухие склоны.

Альберт не узнавал свой город — и узнавал его заново. Те самые люди, что годами привычно поднимали головы к небу в ожидании чужого спасения, в эту ночь опустили взгляды на землю, друг на друга, на тех, кому нужна была помощь прямо сейчас, прямо здесь. И в каждом, кто бросался в ледяную воду, кто тянул из неё ребёнка, кто грел спасённых одеялами, старик видел того самого героя, которого они все так привыкли ждать с неба. Героев оказалось не один. Их были сотни. Просто прежде они об этом не догадывались, потому что им никогда не приходилось обходиться без чужих крыльев.

Альберт стоял в центре всего этого, охрипший от команд, мокрый, замёрзший, и впервые за тридцать лет чувствовал не то, что чувствовал у прожектора. У прожектора он был посредником, передающим чужую надежду чужому герою. А здесь, внизу, в гуще беды, он сам стал тем, кто эту надежду оправдывает. И, оглядываясь на десятки людей, работавших бок о бок, он понимал, что не один такой.

К рассвету вода отступила. Окраину отстояли — не всю, кое-какие дома затопило, но людей вывели всех до единого. Ни одной жертвы. Город выстоял. Без героя в маске. Своими силами.

Измученные спасатели — полицейские, пожарные, добровольцы, обычные горожане — сидели на рассветных склонах, мокрые и счастливые, и смотрели на отступающую воду. А над ними, в светлеющем небе, всё ещё горел забытый сигнал Альберта — теперь уже бледный, ненужный, перекрытый встающим солнцем. Но никто не спешил его гасить. Он словно напоминал о чём-то важном, что эта ночь открыла всем.',
        'Те, кто остался внизу', 'Той ночью город спасал себя сам. Альберт спустился с крыши — впервые за тридцать лет оставив прожектор гореть без присмотра — и взялся за то, чего не делал никогда: стал координировать спасение. Старый диспетчер, знавший город как свои пять пальцев, оказался незаменим. Он знал каждую улицу, каждый переулок, каждый дом на затопляемой окраине, помнил, где живут старики, где детский приют, где низины, которые зальёт первыми.

По его указаниям полицейские машины разъезжались по самым опасным адресам. Пожарные выводили людей из низин. Случайные прохожие, водители, обычные горожане — все, кто услышал и увидел, что творится, включались в работу. Город, привыкший ждать спасения сверху, вдруг обнаружил, что спасение может прийти и сбоку — от соседа, от прохожего, от старика с рацией.

Это была долгая, страшная ночь. Вода прибывала, и не раз казалось, что не успеть, что без героя в маске беды не отвести. Но люди не отступали. Молодой сержант, ещё днём сомневавшийся, нырял в ледяную воду, вытаскивая застрявших. Пожилая медсестра из ближайшей больницы развернула пункт помощи прямо на улице. Незнакомые друг другу люди цепочкой передавали детей и стариков из затопленных домов на сухие склоны.

Альберт не узнавал свой город — и узнавал его заново. Те самые люди, что годами привычно поднимали головы к небу в ожидании чужого спасения, в эту ночь опустили взгляды на землю, друг на друга, на тех, кому нужна была помощь прямо сейчас, прямо здесь. И в каждом, кто бросался в ледяную воду, кто тянул из неё ребёнка, кто грел спасённых одеялами, старик видел того самого героя, которого они все так привыкли ждать с неба. Героев оказалось не один. Их были сотни. Просто прежде они об этом не догадывались, потому что им никогда не приходилось обходиться без чужих крыльев.

Альберт стоял в центре всего этого, охрипший от команд, мокрый, замёрзший, и впервые за тридцать лет чувствовал не то, что чувствовал у прожектора. У прожектора он был посредником, передающим чужую надежду чужому герою. А здесь, внизу, в гуще беды, он сам стал тем, кто эту надежду оправдывает. И, оглядываясь на десятки людей, работавших бок о бок, он понимал, что не один такой.

К рассвету вода отступила. Окраину отстояли — не всю, кое-какие дома затопило, но людей вывели всех до единого. Ни одной жертвы. Город выстоял. Без героя в маске. Своими силами.

Измученные спасатели — полицейские, пожарные, добровольцы, обычные горожане — сидели на рассветных склонах, мокрые и счастливые, и смотрели на отступающую воду. А над ними, в светлеющем небе, всё ещё горел забытый сигнал Альберта — теперь уже бледный, ненужный, перекрытый встающим солнцем. Но никто не спешил его гасить. Он словно напоминал о чём-то важном, что эта ночь открыла всем.', 'published', '2026-03-02T12:00:00+00:00', '2026-03-02T13:00:00+00:00');
    INSERT INTO chapters (id, story_id, title, content, draft_title, draft_content, status, created_at, updated_at) VALUES (
        '874f7da0-75a0-5a44-8dde-8f0c5096ac51', '6f3898ae-9bfb-557e-814e-b6b498316ddd', 'Что значит свет', 'Герой вернулся в город через день, узнал о случившемся и сам поднялся на крышу управления — к Альберту. Они стояли вдвоём у прожектора, старый диспетчер и защитник в маске, и молчали, глядя на город.

— Я слышал, что было, — сказал наконец герой. — Меня не было, когда вы зажгли сигнал. Я подвёл город. Простите, Альберт. Если бы я успел...

— Не вини себя, — спокойно ответил старик. — Ты не можешь быть везде сразу. В этом всё и дело. Знаешь, я тридцать лет зажигал этот свет и думал, что его смысл — позвать тебя. Что без тебя он бесполезен. А в ту ночь я понял, что ошибался.

Герой повернулся к нему.

— Этот свет, — продолжал Альберт, показывая на прожектор, — он звал не одного тебя. Он звал всех, кто его видит. Просто люди привыкли думать, что раз есть ты, то спасать — твоё дело, а их дело — ждать да смотреть в небо. И когда тебя не оказалось, они сперва растерялись. А потом вспомнили, что у каждого есть руки. И спасли город сами. Понимаешь? Не вместо тебя. А потому что свет в небе наконец позвал и их тоже.

Герой долго смотрел на сигнал, потом на город внизу.

— Выходит, я всё это время отчасти мешал, — медленно проговорил он. — Своим присутствием. Люди привыкли, что есть кому спасать, и разучились спасать сами.

Герой молчал, обдумывая услышанное, и Альберту показалось, что эти простые слова старого диспетчера легли тому на душу тяжелее иной битвы. Оно и понятно: всякому, кто привык быть единственной опорой, страшно услышать, что без него справились, — и одновременно это огромное облегчение. Ведь нести целый город в одиночку — ноша непосильная даже для самых широких плеч, и рано или поздно она ломает любого. Альберт видел это по глазам героя за прорезями маски: смесь уязвлённой гордости и тихой, робкой надежды на то, что отныне он будет не один.

— Не мешал, — покачал головой Альберт. — Ты делал и делаешь много добра, не принижай. Но в ту ночь город получил кое-что не менее важное, чем твоя помощь. Он понял, что не беспомощен. Что герой — это хорошо, но настоящая сила города не в одном человеке в маске, а в том, что его жители готовы стоять друг за друга, когда приходит беда. Этого у них теперь не отнять.

Они помолчали ещё немного. Над городом занимался ясный день, и прожектор, погашенный при свете, ждал следующей ночи.

— Я всё равно буду зажигать сигнал, — сказал Альберт. — И ты всё равно приходи, когда сможешь. Но пусть теперь и люди внизу помнят: этот свет — он и про них тоже. Надежда — штука общая. Её нельзя свалить на одни плечи, даже на такие крепкие, как твои.

Герой кивнул, и Альберту показалось, что под маской тот улыбается. А старый диспетчер снова взялся за тряпку и принялся начищать линзу прожектора — к новой ночи, к новому сигналу, к новой надежде, которую теперь, он знал, было кому оправдать. Всем городом.',
        'Что значит свет', 'Герой вернулся в город через день, узнал о случившемся и сам поднялся на крышу управления — к Альберту. Они стояли вдвоём у прожектора, старый диспетчер и защитник в маске, и молчали, глядя на город.

— Я слышал, что было, — сказал наконец герой. — Меня не было, когда вы зажгли сигнал. Я подвёл город. Простите, Альберт. Если бы я успел...

— Не вини себя, — спокойно ответил старик. — Ты не можешь быть везде сразу. В этом всё и дело. Знаешь, я тридцать лет зажигал этот свет и думал, что его смысл — позвать тебя. Что без тебя он бесполезен. А в ту ночь я понял, что ошибался.

Герой повернулся к нему.

— Этот свет, — продолжал Альберт, показывая на прожектор, — он звал не одного тебя. Он звал всех, кто его видит. Просто люди привыкли думать, что раз есть ты, то спасать — твоё дело, а их дело — ждать да смотреть в небо. И когда тебя не оказалось, они сперва растерялись. А потом вспомнили, что у каждого есть руки. И спасли город сами. Понимаешь? Не вместо тебя. А потому что свет в небе наконец позвал и их тоже.

Герой долго смотрел на сигнал, потом на город внизу.

— Выходит, я всё это время отчасти мешал, — медленно проговорил он. — Своим присутствием. Люди привыкли, что есть кому спасать, и разучились спасать сами.

Герой молчал, обдумывая услышанное, и Альберту показалось, что эти простые слова старого диспетчера легли тому на душу тяжелее иной битвы. Оно и понятно: всякому, кто привык быть единственной опорой, страшно услышать, что без него справились, — и одновременно это огромное облегчение. Ведь нести целый город в одиночку — ноша непосильная даже для самых широких плеч, и рано или поздно она ломает любого. Альберт видел это по глазам героя за прорезями маски: смесь уязвлённой гордости и тихой, робкой надежды на то, что отныне он будет не один.

— Не мешал, — покачал головой Альберт. — Ты делал и делаешь много добра, не принижай. Но в ту ночь город получил кое-что не менее важное, чем твоя помощь. Он понял, что не беспомощен. Что герой — это хорошо, но настоящая сила города не в одном человеке в маске, а в том, что его жители готовы стоять друг за друга, когда приходит беда. Этого у них теперь не отнять.

Они помолчали ещё немного. Над городом занимался ясный день, и прожектор, погашенный при свете, ждал следующей ночи.

— Я всё равно буду зажигать сигнал, — сказал Альберт. — И ты всё равно приходи, когда сможешь. Но пусть теперь и люди внизу помнят: этот свет — он и про них тоже. Надежда — штука общая. Её нельзя свалить на одни плечи, даже на такие крепкие, как твои.

Герой кивнул, и Альберту показалось, что под маской тот улыбается. А старый диспетчер снова взялся за тряпку и принялся начищать линзу прожектора — к новой ночи, к новому сигналу, к новой надежде, которую теперь, он знал, было кому оправдать. Всем городом.', 'published', '2026-03-03T12:00:00+00:00', '2026-03-03T13:00:00+00:00');

    -- [27] Тот, кто чинит (dc)
    INSERT INTO stories (id, slug, title, status, author_id, ai_summary, created_at, updated_at) VALUES (
        '277ec56b-4910-5b4e-b14e-4a137efe8290', 'dc-tot-kto-chinit', 'Тот, кто чинит', 'published', v_author_id, 'В подвальной мастерской живёт старый механик, который чинит снаряжение городского героя. Он не носит маску и не ловит злодеев — но без него не было бы ни одной победы.',
        '2026-02-26T12:00:00+00:00', '2026-04-23T11:00:00+00:00');
    INSERT INTO story_tags (story_id, tag_id) VALUES ('277ec56b-4910-5b4e-b14e-4a137efe8290', '10000001-0001-4001-8001-000000000006');
    INSERT INTO story_tags (story_id, tag_id) VALUES ('277ec56b-4910-5b4e-b14e-4a137efe8290', '10000004-0004-4004-8004-000000000001');
    INSERT INTO story_tags (story_id, tag_id) VALUES ('277ec56b-4910-5b4e-b14e-4a137efe8290', '10000005-0005-4005-8005-000000000003');
    INSERT INTO story_tags (story_id, tag_id) VALUES ('277ec56b-4910-5b4e-b14e-4a137efe8290', '10000006-0006-4006-8006-000000000001');
    INSERT INTO story_tags (story_id, tag_id) VALUES ('277ec56b-4910-5b4e-b14e-4a137efe8290', '10000002-0002-4002-8002-000000000004');
    INSERT INTO story_tags (story_id, tag_id) VALUES ('277ec56b-4910-5b4e-b14e-4a137efe8290', '10000002-0002-4002-8002-000000000001');
    INSERT INTO chapters (id, story_id, title, content, draft_title, draft_content, status, created_at, updated_at) VALUES (
        '3ca5ba36-4460-56d8-a981-8ce9c9d08b52', '277ec56b-4910-5b4e-b14e-4a137efe8290', 'Подвал на окраине', 'Мастерская старого Витторио пряталась в подвале неприметного дома на окраине, и случайный прохожий ни за что не догадался бы, что здесь чинят снаряжение человека, которого знает весь город. На вывеске значилось скромное: «Ремонт. Любые механизмы». И это была чистая правда — Витторио действительно чинил любые механизмы. В том числе те, что спасали городу жизнь.

Он попал в это дело случайно, много лет назад. Герой, тогда ещё молодой и неопытный, приполз в его мастерскую глубокой ночью — с разбитым снаряжением, изломанными приспособлениями, не зная, к кому ещё обратиться, чтобы не выдать себя. Витторио, механик от бога, чинивший всё на свете с самого детства, не стал задавать лишних вопросов. Он просто взял сломанное и починил — лучше, чем было. С тех пор так и повелось.

Витторио не носил маски и не дрался на крышах. Его оружием были паяльник, набор отвёрток и руки, которые чувствовали металл, как другие чувствуют музыку. Пока герой сражался наверху, старый механик трудился внизу — чинил, улучшал, придумывал. Каждое хитрое приспособление в арсенале защитника города прошло через его шершавые ладони. Каждая победа наверху начиналась здесь, в этом тесном подвале, пропахшем машинным маслом и канифолью.

Никто не знал о Витторио. Газеты писали о герое, горожане славили героя, дети играли в героя. А о старике в подвале, без которого ни одно из хитрых устройств не работало бы и дня, не знал никто. И Витторио это вполне устраивало. Он был не из тех, кому нужна слава. Ему нужно было другое — знать, что его руки делают важное дело.

— Тебе не обидно? — спросил его однажды герой, забирая починенное снаряжение. — Я получаю всю славу. Обо мне говорят, меня благодарят. А о тебе никто и не слышал. Хотя без тебя я бы давно пропал.

Витторио оторвался от верстака и усмехнулся в седые усы.

В этих словах был весь Витторио. Он принадлежал к той вымирающей породе мастеров, для которых работа была не способом прославиться или разбогатеть, а делом чести, почти служением. Его отец был часовщиком, дед — кузнецом, и с детства Витторио впитал простую истину: вещь, сделанная твоими руками, — это твоё лицо, даже если его никто не увидит. Можно схалтурить там, где никто не проверит, — но сам-то ты будешь знать. А с этим знанием не уживается ни один настоящий мастер. И потому Витторио чинил снаряжение героя так, словно от каждого винтика зависела его собственная честь. Впрочем, от каждого винтика зависела ещё и чужая жизнь, что было даже важнее.

— Обидно? — переспросил он. — Нет, сынок. Понимаешь, есть два рода людей. Одни хотят, чтобы их видели. Другие хотят, чтобы дело было сделано. Я из вторых. Мне не нужно, чтобы обо мне говорили. Мне нужно, чтобы вот эта штуковина, — он постучал пальцем по снаряжению, — не подвела тебя в нужный момент. Когда ты возвращаешься целым, это и есть моя награда. Получше всякой газетной статьи.',
        'Подвал на окраине', 'Мастерская старого Витторио пряталась в подвале неприметного дома на окраине, и случайный прохожий ни за что не догадался бы, что здесь чинят снаряжение человека, которого знает весь город. На вывеске значилось скромное: «Ремонт. Любые механизмы». И это была чистая правда — Витторио действительно чинил любые механизмы. В том числе те, что спасали городу жизнь.

Он попал в это дело случайно, много лет назад. Герой, тогда ещё молодой и неопытный, приполз в его мастерскую глубокой ночью — с разбитым снаряжением, изломанными приспособлениями, не зная, к кому ещё обратиться, чтобы не выдать себя. Витторио, механик от бога, чинивший всё на свете с самого детства, не стал задавать лишних вопросов. Он просто взял сломанное и починил — лучше, чем было. С тех пор так и повелось.

Витторио не носил маски и не дрался на крышах. Его оружием были паяльник, набор отвёрток и руки, которые чувствовали металл, как другие чувствуют музыку. Пока герой сражался наверху, старый механик трудился внизу — чинил, улучшал, придумывал. Каждое хитрое приспособление в арсенале защитника города прошло через его шершавые ладони. Каждая победа наверху начиналась здесь, в этом тесном подвале, пропахшем машинным маслом и канифолью.

Никто не знал о Витторио. Газеты писали о герое, горожане славили героя, дети играли в героя. А о старике в подвале, без которого ни одно из хитрых устройств не работало бы и дня, не знал никто. И Витторио это вполне устраивало. Он был не из тех, кому нужна слава. Ему нужно было другое — знать, что его руки делают важное дело.

— Тебе не обидно? — спросил его однажды герой, забирая починенное снаряжение. — Я получаю всю славу. Обо мне говорят, меня благодарят. А о тебе никто и не слышал. Хотя без тебя я бы давно пропал.

Витторио оторвался от верстака и усмехнулся в седые усы.

В этих словах был весь Витторио. Он принадлежал к той вымирающей породе мастеров, для которых работа была не способом прославиться или разбогатеть, а делом чести, почти служением. Его отец был часовщиком, дед — кузнецом, и с детства Витторио впитал простую истину: вещь, сделанная твоими руками, — это твоё лицо, даже если его никто не увидит. Можно схалтурить там, где никто не проверит, — но сам-то ты будешь знать. А с этим знанием не уживается ни один настоящий мастер. И потому Витторио чинил снаряжение героя так, словно от каждого винтика зависела его собственная честь. Впрочем, от каждого винтика зависела ещё и чужая жизнь, что было даже важнее.

— Обидно? — переспросил он. — Нет, сынок. Понимаешь, есть два рода людей. Одни хотят, чтобы их видели. Другие хотят, чтобы дело было сделано. Я из вторых. Мне не нужно, чтобы обо мне говорили. Мне нужно, чтобы вот эта штуковина, — он постучал пальцем по снаряжению, — не подвела тебя в нужный момент. Когда ты возвращаешься целым, это и есть моя награда. Получше всякой газетной статьи.', 'published', '2026-02-26T12:00:00+00:00', '2026-02-26T13:00:00+00:00');
    INSERT INTO chapters (id, story_id, title, content, draft_title, draft_content, status, created_at, updated_at) VALUES (
        '6d8dae60-54ce-5077-83b7-77a93f86ca5d', '277ec56b-4910-5b4e-b14e-4a137efe8290', 'Ремесло без аплодисментов', 'Работа Витторио была не такой простой, как могло показаться. Чинить снаряжение героя значило отвечать за чужую жизнь — ведь если устройство подведёт в решающий миг, расплачиваться будет тот, кто наверху, и расплачиваться кровью. Витторио знал это и потому работал так, как не работал, наверное, ни один мастер в городе: проверял каждую деталь по три раза, не позволял себе ни малейшей небрежности, переделывал, если хоть что-то казалось не идеальным.

Это было ремесло без аплодисментов, без признания, без права на ошибку. Когда всё работало, никто не вспоминал о механике — лавры доставались герою. Когда что-то ломалось в бою, винить было некого, кроме себя. Витторио жил с этим грузом годами и нёс его молча, как несут настоящие мастера, для которых совесть строже любого судьи.

Молодой сосед-подмастерье, которого Витторио иногда подпускал к мелкой работе (не посвящая, разумеется, в главную тайну), однажды посетовал, что устал трудиться без благодарности. Хозяин лавки, к которому он нанимался по выходным, присваивал себе все похвалы за его работу.

— Несправедливо, — горячился парень. — Я делаю, а хвалят его! Зачем тогда стараться, если всё равно никто не узнает, что это моих рук дело?

Витторио отложил инструмент и посмотрел на юношу серьёзно.

— Слушай меня, малый, — сказал он. — Если ты стараешься ради похвалы, то ты не мастер, а актёр. Настоящий мастер делает на совесть не для того, чтоб его заметили, а потому, что иначе не умеет. Знаешь, в чём настоящая гордость нашего дела? Не в том, что тебя похвалят. А в том, что ты сам, наедине с собой, знаешь: сделано на совесть. Сделано так, что не подведёт. Эту гордость у тебя никто не отнимет — ни вор-хозяин, ни кто угодно. Она твоя, внутренняя. И она дороже любых аплодисментов.

Витторио говорил спокойно, но за этим спокойствием стояли десятилетия, прожитые именно так, как он проповедовал. Он повидал немало одарённых людей, которые загубили свой талант, гоняясь за признанием: они начинали работать на публику, на эффект, на похвалу — и переставали работать на совесть. А совесть в ремесле, твёрдо знал старик, единственный надёжный судья. Похвала переменчива, мода капризна, благодарность забывчива. И только то тихое внутреннее знание, что ты сделал всё, как должно, остаётся с тобой всегда — в горе и в радости, при свидетелях и наедине. На него одно и можно опереться, когда вокруг ни души.

Парень задумался. А Витторио вернулся к верстаку, к очередному устройству, от которого, хоть подмастерье и не подозревал, зависела чья-то жизнь. Он работал в тишине подвала, без зрителей, без славы, — и руки его двигались уверенно и спокойно, как двигаются руки человека, нашедшего своё место и свой смысл. Гордость мастера, которую не видно снаружи, но которая стоит больше всего на свете.',
        'Ремесло без аплодисментов', 'Работа Витторио была не такой простой, как могло показаться. Чинить снаряжение героя значило отвечать за чужую жизнь — ведь если устройство подведёт в решающий миг, расплачиваться будет тот, кто наверху, и расплачиваться кровью. Витторио знал это и потому работал так, как не работал, наверное, ни один мастер в городе: проверял каждую деталь по три раза, не позволял себе ни малейшей небрежности, переделывал, если хоть что-то казалось не идеальным.

Это было ремесло без аплодисментов, без признания, без права на ошибку. Когда всё работало, никто не вспоминал о механике — лавры доставались герою. Когда что-то ломалось в бою, винить было некого, кроме себя. Витторио жил с этим грузом годами и нёс его молча, как несут настоящие мастера, для которых совесть строже любого судьи.

Молодой сосед-подмастерье, которого Витторио иногда подпускал к мелкой работе (не посвящая, разумеется, в главную тайну), однажды посетовал, что устал трудиться без благодарности. Хозяин лавки, к которому он нанимался по выходным, присваивал себе все похвалы за его работу.

— Несправедливо, — горячился парень. — Я делаю, а хвалят его! Зачем тогда стараться, если всё равно никто не узнает, что это моих рук дело?

Витторио отложил инструмент и посмотрел на юношу серьёзно.

— Слушай меня, малый, — сказал он. — Если ты стараешься ради похвалы, то ты не мастер, а актёр. Настоящий мастер делает на совесть не для того, чтоб его заметили, а потому, что иначе не умеет. Знаешь, в чём настоящая гордость нашего дела? Не в том, что тебя похвалят. А в том, что ты сам, наедине с собой, знаешь: сделано на совесть. Сделано так, что не подведёт. Эту гордость у тебя никто не отнимет — ни вор-хозяин, ни кто угодно. Она твоя, внутренняя. И она дороже любых аплодисментов.

Витторио говорил спокойно, но за этим спокойствием стояли десятилетия, прожитые именно так, как он проповедовал. Он повидал немало одарённых людей, которые загубили свой талант, гоняясь за признанием: они начинали работать на публику, на эффект, на похвалу — и переставали работать на совесть. А совесть в ремесле, твёрдо знал старик, единственный надёжный судья. Похвала переменчива, мода капризна, благодарность забывчива. И только то тихое внутреннее знание, что ты сделал всё, как должно, остаётся с тобой всегда — в горе и в радости, при свидетелях и наедине. На него одно и можно опереться, когда вокруг ни души.

Парень задумался. А Витторио вернулся к верстаку, к очередному устройству, от которого, хоть подмастерье и не подозревал, зависела чья-то жизнь. Он работал в тишине подвала, без зрителей, без славы, — и руки его двигались уверенно и спокойно, как двигаются руки человека, нашедшего своё место и свой смысл. Гордость мастера, которую не видно снаружи, но которая стоит больше всего на свете.', 'published', '2026-02-27T12:00:00+00:00', '2026-02-27T13:00:00+00:00');
    INSERT INTO chapters (id, story_id, title, content, draft_title, draft_content, status, created_at, updated_at) VALUES (
        'fc60634a-467a-59e6-9a07-3790d3d60751', '277ec56b-4910-5b4e-b14e-4a137efe8290', 'Когда мастер ошибается', 'Беда случилась в ту ночь, когда Витторио, измотанный долгой работой, всё-таки ошибся. Одно из устройств, которое он чинил наспех, подвело героя в решающий момент схватки. Герой уцелел чудом — но вернулся в подвал израненным, и Витторио сразу понял по его лицу, что произошло.

Старого механика будто холодной водой окатило. Его рук дело. Его недосмотр. Тот самый кошмар, которого он боялся все эти годы, наконец сбылся: устройство подвело, и человек едва не погиб из-за этого. Витторио опустился на табурет, и руки, всю жизнь не знавшие дрожи, затряслись.

— Это я виноват, — выдавил он. — Я. Поторопился, не проверил как следует. Из-за меня ты чуть не... Я не имею права больше этим заниматься. Старый стал, невнимательный. Найди другого мастера, сынок. Понадёжнее.

Герой, превозмогая боль, сел напротив него.

— Послушай, Витторио, — сказал он. — Сколько лет ты меня снаряжаешь?

— Двенадцать, — глухо ответил механик.

— Двенадцать лет, — кивнул герой. — И за двенадцать лет это первая осечка. Первая. Знаешь, сколько раз твои штуковины спасали мне жизнь за эти годы? Я и не сосчитаю. А ты сейчас готов перечеркнуть всё это из-за одной ошибки. Это несправедливо — прежде всего к самому себе.

Витторио молчал, не поднимая глаз.

— Ошибаются все, — продолжал герой мягче. — И я ошибаюсь, хоть обо мне и пишут как о непогрешимом. Разница не в том, ошибся ты или нет. Разница в том, что ты делаешь потом. Можно бросить всё и сбежать в свою вину. А можно встать, разобраться, что пошло не так, и сделать так, чтобы это не повторилось. Первое — путь труса. Второе — путь мастера. Я знаю, кто ты, Витторио. Ты не трус.

Старый механик медленно поднял голову. В словах героя была та самая правда, которую он сам когда-то говорил молодому подмастерью, — а теперь сам же о ней забыл, придавленный чувством вины. Ошибка не перечёркивает мастера. Мастера определяет то, что он делает после ошибки.

Он встал, вытер руки, подошёл к верстаку и взял в руки подведшее устройство — уже не как приговор себе, а как задачу, которую нужно решить.

В этот миг в нём проснулся не просто механик, а тот, кем он был всю жизнь, — человек, для которого сломанное существует, чтобы быть починенным. Чувство вины никуда не делось, оно ещё долго будет грызть его по ночам. Но рядом с виной встало теперь кое-что посильнее — упрямая воля мастера, который не отступает перед поломкой, даже если поломку допустил сам. Витторио разложил перед собой подведшее устройство, придвинул лампу, взял лупу. Руки его, ещё минуту назад дрожавшие, снова обрели твёрдость. У него была задача. А пока у Витторио была задача, он твёрдо знал, кто он и зачем живёт.

— Давай посмотрим, что там стряслось, — сказал он, и голос его снова окреп. — И сделаем так, чтобы больше никогда. Садись, сынок, рассказывай, как именно оно отказало.',
        'Когда мастер ошибается', 'Беда случилась в ту ночь, когда Витторио, измотанный долгой работой, всё-таки ошибся. Одно из устройств, которое он чинил наспех, подвело героя в решающий момент схватки. Герой уцелел чудом — но вернулся в подвал израненным, и Витторио сразу понял по его лицу, что произошло.

Старого механика будто холодной водой окатило. Его рук дело. Его недосмотр. Тот самый кошмар, которого он боялся все эти годы, наконец сбылся: устройство подвело, и человек едва не погиб из-за этого. Витторио опустился на табурет, и руки, всю жизнь не знавшие дрожи, затряслись.

— Это я виноват, — выдавил он. — Я. Поторопился, не проверил как следует. Из-за меня ты чуть не... Я не имею права больше этим заниматься. Старый стал, невнимательный. Найди другого мастера, сынок. Понадёжнее.

Герой, превозмогая боль, сел напротив него.

— Послушай, Витторио, — сказал он. — Сколько лет ты меня снаряжаешь?

— Двенадцать, — глухо ответил механик.

— Двенадцать лет, — кивнул герой. — И за двенадцать лет это первая осечка. Первая. Знаешь, сколько раз твои штуковины спасали мне жизнь за эти годы? Я и не сосчитаю. А ты сейчас готов перечеркнуть всё это из-за одной ошибки. Это несправедливо — прежде всего к самому себе.

Витторио молчал, не поднимая глаз.

— Ошибаются все, — продолжал герой мягче. — И я ошибаюсь, хоть обо мне и пишут как о непогрешимом. Разница не в том, ошибся ты или нет. Разница в том, что ты делаешь потом. Можно бросить всё и сбежать в свою вину. А можно встать, разобраться, что пошло не так, и сделать так, чтобы это не повторилось. Первое — путь труса. Второе — путь мастера. Я знаю, кто ты, Витторио. Ты не трус.

Старый механик медленно поднял голову. В словах героя была та самая правда, которую он сам когда-то говорил молодому подмастерью, — а теперь сам же о ней забыл, придавленный чувством вины. Ошибка не перечёркивает мастера. Мастера определяет то, что он делает после ошибки.

Он встал, вытер руки, подошёл к верстаку и взял в руки подведшее устройство — уже не как приговор себе, а как задачу, которую нужно решить.

В этот миг в нём проснулся не просто механик, а тот, кем он был всю жизнь, — человек, для которого сломанное существует, чтобы быть починенным. Чувство вины никуда не делось, оно ещё долго будет грызть его по ночам. Но рядом с виной встало теперь кое-что посильнее — упрямая воля мастера, который не отступает перед поломкой, даже если поломку допустил сам. Витторио разложил перед собой подведшее устройство, придвинул лампу, взял лупу. Руки его, ещё минуту назад дрожавшие, снова обрели твёрдость. У него была задача. А пока у Витторио была задача, он твёрдо знал, кто он и зачем живёт.

— Давай посмотрим, что там стряслось, — сказал он, и голос его снова окреп. — И сделаем так, чтобы больше никогда. Садись, сынок, рассказывай, как именно оно отказало.', 'published', '2026-02-28T12:00:00+00:00', '2026-02-28T13:00:00+00:00');
    INSERT INTO chapters (id, story_id, title, content, draft_title, draft_content, status, created_at, updated_at) VALUES (
        '89185711-c816-589c-b080-c56d68583e6e', '277ec56b-4910-5b4e-b14e-4a137efe8290', 'Невидимая опора', 'Витторио не бросил своё дело. Он разобрался в той ошибке до последнего винтика, нашёл причину, переделал не только подведшее устройство, но и всю систему проверки, чтобы подобное не повторилось. Из своей единственной за двенадцать лет осечки он сделал то, что делает настоящий мастер, — урок, который сделал его работу ещё надёжнее.

Шли годы. Старый механик трудился в своём подвале, и над городом одна за другой одерживались победы, которых никто не связывал с ним. Герой получал благодарность горожан, попадал в газеты, становился легендой. А Витторио оставался невидимым — тенью за спиной героя, опорой, о которой не знал никто.

Со временем он начал готовить себе смену. Тот самый подмастерье, повзрослевший и переросший обиду на присваивающего славу хозяина, стал захаживать всё чаще. Витторио разглядел в нём настоящего мастера — не того, кто работает ради похвалы, а того, кто не умеет иначе, как на совесть. И однажды доверил ему тайну.

— Это большая ответственность, — сказал он парню, показывая на снаряжение героя. — И никакой славы. Ты будешь делать важнейшее дело в городе — и останешься невидимым. Тебя никто не поблагодарит. О тебе никто не узнает. Готов ли ты к такому?

Парень, давно усвоивший уроки старика, ответил без колебаний:

— Готов. Вы же сами меня научили: настоящая гордость не в том, чтобы тебя видели, а в том, чтобы дело было сделано. Я хочу делать важное дело. Остальное неважно.

Витторио смотрел на парня и узнавал в нём себя — себя сорокалетней давности, когда он сам впервые понял, что хочет не блистать, а делать дело как должно. Преемственность — вот чего старик жаждал на склоне лет сильнее всего. Не памятника, не статьи в газете, а уверенности, что ремесло не умрёт вместе с ним, что найдутся руки, которые подхватят. И теперь, глядя на повзрослевшего ученика, твёрдо выбравшего невидимый, неблагодарный, но честный путь, Витторио чувствовал то особое спокойствие, какое приходит к человеку, понявшему, что прожил не зря и что после него останется не пустота, а продолжение.

Витторио улыбнулся в седые усы — впервые за долгое время по-настоящему спокойно. Его ремесло продолжится. Невидимая опора, на которой держатся видимые победы, не исчезнет, когда его не станет.

Старый механик часто думал в последние годы о том, как устроен мир. Люди склонны видеть только героев — тех, кто на свету, кто совершает подвиги на виду у всех. Но за каждым таким героем, знал Витторио, стоит кто-то невидимый: тот, кто чинит, кто лечит, кто кормит, кто поддерживает. Целая армия незаметных людей, без которых не было бы ни одной громкой победы. Их не показывают в новостях. Им не ставят памятников. Но именно на них, тихих и невидимых, и держится всё.

И Витторио был горд, что прожил жизнь одним из них. Не героем на свету. А опорой в тени, без которой свет не светил бы. Это, считал он, и было настоящим мастерством — не только рук, но и души.',
        'Невидимая опора', 'Витторио не бросил своё дело. Он разобрался в той ошибке до последнего винтика, нашёл причину, переделал не только подведшее устройство, но и всю систему проверки, чтобы подобное не повторилось. Из своей единственной за двенадцать лет осечки он сделал то, что делает настоящий мастер, — урок, который сделал его работу ещё надёжнее.

Шли годы. Старый механик трудился в своём подвале, и над городом одна за другой одерживались победы, которых никто не связывал с ним. Герой получал благодарность горожан, попадал в газеты, становился легендой. А Витторио оставался невидимым — тенью за спиной героя, опорой, о которой не знал никто.

Со временем он начал готовить себе смену. Тот самый подмастерье, повзрослевший и переросший обиду на присваивающего славу хозяина, стал захаживать всё чаще. Витторио разглядел в нём настоящего мастера — не того, кто работает ради похвалы, а того, кто не умеет иначе, как на совесть. И однажды доверил ему тайну.

— Это большая ответственность, — сказал он парню, показывая на снаряжение героя. — И никакой славы. Ты будешь делать важнейшее дело в городе — и останешься невидимым. Тебя никто не поблагодарит. О тебе никто не узнает. Готов ли ты к такому?

Парень, давно усвоивший уроки старика, ответил без колебаний:

— Готов. Вы же сами меня научили: настоящая гордость не в том, чтобы тебя видели, а в том, чтобы дело было сделано. Я хочу делать важное дело. Остальное неважно.

Витторио смотрел на парня и узнавал в нём себя — себя сорокалетней давности, когда он сам впервые понял, что хочет не блистать, а делать дело как должно. Преемственность — вот чего старик жаждал на склоне лет сильнее всего. Не памятника, не статьи в газете, а уверенности, что ремесло не умрёт вместе с ним, что найдутся руки, которые подхватят. И теперь, глядя на повзрослевшего ученика, твёрдо выбравшего невидимый, неблагодарный, но честный путь, Витторио чувствовал то особое спокойствие, какое приходит к человеку, понявшему, что прожил не зря и что после него останется не пустота, а продолжение.

Витторио улыбнулся в седые усы — впервые за долгое время по-настоящему спокойно. Его ремесло продолжится. Невидимая опора, на которой держатся видимые победы, не исчезнет, когда его не станет.

Старый механик часто думал в последние годы о том, как устроен мир. Люди склонны видеть только героев — тех, кто на свету, кто совершает подвиги на виду у всех. Но за каждым таким героем, знал Витторио, стоит кто-то невидимый: тот, кто чинит, кто лечит, кто кормит, кто поддерживает. Целая армия незаметных людей, без которых не было бы ни одной громкой победы. Их не показывают в новостях. Им не ставят памятников. Но именно на них, тихих и невидимых, и держится всё.

И Витторио был горд, что прожил жизнь одним из них. Не героем на свету. А опорой в тени, без которой свет не светил бы. Это, считал он, и было настоящим мастерством — не только рук, но и души.', 'published', '2026-03-01T12:00:00+00:00', '2026-03-01T13:00:00+00:00');

    -- [28] Музей в полночь (dc)
    INSERT INTO stories (id, slug, title, status, author_id, ai_summary, created_at, updated_at) VALUES (
        'fa7d1739-fb28-5460-8888-a79b3517fed7', 'dc-muzey-v-polnoch', 'Музей в полночь', 'published', v_author_id, 'Ночной сторож музея замечает, что таинственный вор не крадёт экспонаты, а возвращает давно украденные. За этой загадкой стоит история об ошибке, которую кто-то хочет исправить.',
        '2026-02-24T12:00:00+00:00', '2026-04-22T10:00:00+00:00');
    INSERT INTO story_tags (story_id, tag_id) VALUES ('fa7d1739-fb28-5460-8888-a79b3517fed7', '10000001-0001-4001-8001-000000000006');
    INSERT INTO story_tags (story_id, tag_id) VALUES ('fa7d1739-fb28-5460-8888-a79b3517fed7', '10000004-0004-4004-8004-000000000002');
    INSERT INTO story_tags (story_id, tag_id) VALUES ('fa7d1739-fb28-5460-8888-a79b3517fed7', '10000005-0005-4005-8005-000000000003');
    INSERT INTO story_tags (story_id, tag_id) VALUES ('fa7d1739-fb28-5460-8888-a79b3517fed7', '10000006-0006-4006-8006-000000000001');
    INSERT INTO story_tags (story_id, tag_id) VALUES ('fa7d1739-fb28-5460-8888-a79b3517fed7', '10000002-0002-4002-8002-000000000003');
    INSERT INTO story_tags (story_id, tag_id) VALUES ('fa7d1739-fb28-5460-8888-a79b3517fed7', '10000002-0002-4002-8002-000000000006');
    INSERT INTO chapters (id, story_id, title, content, draft_title, draft_content, status, created_at, updated_at) VALUES (
        '1fc67573-e83f-5243-8e26-af84b1517ce9', 'fa7d1739-fb28-5460-8888-a79b3517fed7', 'Лишний экспонат', 'Гарольд сторожил городской музей по ночам уже двадцать лет и знал каждый его зал, каждый экспонат, каждый скрип половиц наизусть. Поэтому, когда однажды утром в витрине обнаружился предмет, которого там вчера не было, Гарольд решил, что сходит с ума.

Это было старинное золотое украшение — изящное, явно подлинное и явно музейного уровня. Оно лежало в витрине этрусского зала так, будто всегда там и было. Но Гарольд точно знал: вчера его здесь не лежало. За двадцать лет он изучил эту витрину до последней пылинки.

Самое странное было даже не в появлении предмета, а в том, что к нему прилагалась записка — аккуратная, на дорогой бумаге: «Это украшение было похищено из вашего музея сорок лет назад. Возвращаю с опозданием. Простите». Ни подписи, ни объяснений.

Гарольд вертел записку в руках и чувствовал, как в нём просыпается давно забытое мальчишеское любопытство. Двадцать лет ночных дежурств приучили его к скуке: обходы, тишина, дремлющие под чехлами экспонаты, изредка — заплутавшая мышь. А тут перед ним лежала самая настоящая загадка, из тех, что в детстве он искал в приключенческих романах. Кто-то проникал в наглухо запертый музей, минуя сигнализацию, и не крал, а возвращал. Это переворачивало с ног на голову само представление о воровстве. И Гарольд, человек по натуре дотошный и неравнодушный, твёрдо вознамерился докопаться до сути — чего бы это ни стоило его ночному покою.

Гарольд поднял старые архивы и обомлел. Записка не лгала. Сорок лет назад из музея действительно пропало этрусское украшение — кража так и осталась нераскрытой, дело давно закрыли. И вот теперь похищенное вернулось, само, ночью, в запертый музей, с вежливым извинением.

Гарольд не стал поднимать шум. Что-то подсказывало ему: торопиться не нужно. Вместо этого он стал наблюдать. И через две недели всё повторилось: утром в другом зале обнаружился ещё один предмет с такой же запиской. Картина, пропавшая тридцать лет назад. А потом ещё одна находка. И ещё. Кто-то методично, ночь за ночью, возвращал музею вещи, украденные у него десятилетия назад.

Это был самый странный вор на свете — вор наоборот. Он проникал в запертый музей не чтобы взять, а чтобы отдать. Гарольд, человек по натуре любопытный и не лишённый романтики, всё больше увлекался этой загадкой. Кто этот таинственный возвращатель? Почему он делает это сейчас, спустя десятилетия? И как, скажите на милость, он проникает в музей, обходя сигнализацию, которую Гарольд считал безупречной?

Старый сторож решил, что должен это выяснить. Не чтобы поймать и сдать — что-то подсказывало ему, что за всем этим стоит не злодей. А чтобы понять. Потому что за каждой такой возвращённой вещью, чувствовал Гарольд, прячется чья-то история. И, судя по запискам, история печальная.',
        'Лишний экспонат', 'Гарольд сторожил городской музей по ночам уже двадцать лет и знал каждый его зал, каждый экспонат, каждый скрип половиц наизусть. Поэтому, когда однажды утром в витрине обнаружился предмет, которого там вчера не было, Гарольд решил, что сходит с ума.

Это было старинное золотое украшение — изящное, явно подлинное и явно музейного уровня. Оно лежало в витрине этрусского зала так, будто всегда там и было. Но Гарольд точно знал: вчера его здесь не лежало. За двадцать лет он изучил эту витрину до последней пылинки.

Самое странное было даже не в появлении предмета, а в том, что к нему прилагалась записка — аккуратная, на дорогой бумаге: «Это украшение было похищено из вашего музея сорок лет назад. Возвращаю с опозданием. Простите». Ни подписи, ни объяснений.

Гарольд вертел записку в руках и чувствовал, как в нём просыпается давно забытое мальчишеское любопытство. Двадцать лет ночных дежурств приучили его к скуке: обходы, тишина, дремлющие под чехлами экспонаты, изредка — заплутавшая мышь. А тут перед ним лежала самая настоящая загадка, из тех, что в детстве он искал в приключенческих романах. Кто-то проникал в наглухо запертый музей, минуя сигнализацию, и не крал, а возвращал. Это переворачивало с ног на голову само представление о воровстве. И Гарольд, человек по натуре дотошный и неравнодушный, твёрдо вознамерился докопаться до сути — чего бы это ни стоило его ночному покою.

Гарольд поднял старые архивы и обомлел. Записка не лгала. Сорок лет назад из музея действительно пропало этрусское украшение — кража так и осталась нераскрытой, дело давно закрыли. И вот теперь похищенное вернулось, само, ночью, в запертый музей, с вежливым извинением.

Гарольд не стал поднимать шум. Что-то подсказывало ему: торопиться не нужно. Вместо этого он стал наблюдать. И через две недели всё повторилось: утром в другом зале обнаружился ещё один предмет с такой же запиской. Картина, пропавшая тридцать лет назад. А потом ещё одна находка. И ещё. Кто-то методично, ночь за ночью, возвращал музею вещи, украденные у него десятилетия назад.

Это был самый странный вор на свете — вор наоборот. Он проникал в запертый музей не чтобы взять, а чтобы отдать. Гарольд, человек по натуре любопытный и не лишённый романтики, всё больше увлекался этой загадкой. Кто этот таинственный возвращатель? Почему он делает это сейчас, спустя десятилетия? И как, скажите на милость, он проникает в музей, обходя сигнализацию, которую Гарольд считал безупречной?

Старый сторож решил, что должен это выяснить. Не чтобы поймать и сдать — что-то подсказывало ему, что за всем этим стоит не злодей. А чтобы понять. Потому что за каждой такой возвращённой вещью, чувствовал Гарольд, прячется чья-то история. И, судя по запискам, история печальная.', 'published', '2026-02-24T12:00:00+00:00', '2026-02-24T13:00:00+00:00');
    INSERT INTO chapters (id, story_id, title, content, draft_title, draft_content, status, created_at, updated_at) VALUES (
        'f657a5e0-ff97-5b49-8349-819ce4dce750', 'fa7d1739-fb28-5460-8888-a79b3517fed7', 'Ночной гость', 'Гарольд устроил засаду. Несколько ночей подряд он не делал привычных обходов, а прятался в тёмном углу зала, где, по его расчётам, должна была появиться следующая находка, — и ждал, вглядываясь в темноту.

На третью ночь терпение было вознаграждено. Около полуночи в дальнем конце зала бесшумно возникла фигура — немолодой человек в тёмной одежде, двигавшийся с удивительной для его лет ловкостью. Он подошёл к витрине, открыл её каким-то хитрым инструментом, бережно поставил внутрь очередной предмет и достал заготовленную записку.

Гарольд вышел из укрытия.

— Доброй ночи, — сказал он спокойно. — Признаться, давно хотел с вами познакомиться.

Ночной гость вздрогнул, обернулся — но не бросился бежать. Он замер, глядя на сторожа, и в его глазах Гарольд прочёл не страх разоблачённого преступника, а скорее усталое смирение человека, который давно ждал этой встречи.

Они сидели рядом в полутёмном зале, среди безмолвных экспонатов, и было в этой сцене что-то нереальное — старый сторож и старый вор, мирно беседующие в музее за полночь. Гарольд за двадцать лет привык к ночной тишине этих залов, к тому особому покою, какой бывает только среди вещей, переживших века. И сейчас ему казалось, что сами эти молчаливые свидетели прошлого прислушиваются к словам гостя — ведь речь шла о них, об их собратьях, вырванных когда-то из этих стен и теперь возвращающихся домой. Сторож не торопил рассказчика. Он чувствовал, что слушает не оправдание преступника, а исповедь человека.

— Значит, всё-таки выследили, — проговорил гость. — Что ж. Сдадите меня полиции?

— Это зависит от того, что вы мне расскажете, — ответил Гарольд, присаживаясь на музейную скамью и приглашая гостя сделать то же. — Видите ли, я двадцать лет сторожу этот музей и навидался воров. Но вор, который возвращает украденное с извинениями, — такого я ещё не встречал. И прежде чем что-то решать, я хочу понять. Кто вы? И почему делаете это?

Гость долго молчал, а потом опустился на скамью рядом со сторожем. Видно было, что тяжесть, которую он нёс, давно искала выхода.

— Сорок лет назад, — начал он тихо, — я был молод, дерзок и считал себя величайшим вором эпохи. Я обчистил этот музей — ту самую первую кражу, этрусское украшение. Это было только начало. Потом были другие музеи, другие города. Я гордился своим мастерством, не думая о том, что краду не просто блестящие вещи. Я крал у людей их историю. Их память. То, что принадлежало всем.

Он помолчал.

— А теперь я стар. И понял то, чего не понимал в молодости. Всё, что я награбил за жизнь, не сделало меня счастливым. Зато за каждой украденной вещью — пустая витрина, разочарованные посетители, обворованная общая память. И пока я жив, я хочу вернуть всё, что смогу. Исправить хотя бы часть того, что натворил. Это... это единственное, что придаёт смысл моим последним годам.',
        'Ночной гость', 'Гарольд устроил засаду. Несколько ночей подряд он не делал привычных обходов, а прятался в тёмном углу зала, где, по его расчётам, должна была появиться следующая находка, — и ждал, вглядываясь в темноту.

На третью ночь терпение было вознаграждено. Около полуночи в дальнем конце зала бесшумно возникла фигура — немолодой человек в тёмной одежде, двигавшийся с удивительной для его лет ловкостью. Он подошёл к витрине, открыл её каким-то хитрым инструментом, бережно поставил внутрь очередной предмет и достал заготовленную записку.

Гарольд вышел из укрытия.

— Доброй ночи, — сказал он спокойно. — Признаться, давно хотел с вами познакомиться.

Ночной гость вздрогнул, обернулся — но не бросился бежать. Он замер, глядя на сторожа, и в его глазах Гарольд прочёл не страх разоблачённого преступника, а скорее усталое смирение человека, который давно ждал этой встречи.

Они сидели рядом в полутёмном зале, среди безмолвных экспонатов, и было в этой сцене что-то нереальное — старый сторож и старый вор, мирно беседующие в музее за полночь. Гарольд за двадцать лет привык к ночной тишине этих залов, к тому особому покою, какой бывает только среди вещей, переживших века. И сейчас ему казалось, что сами эти молчаливые свидетели прошлого прислушиваются к словам гостя — ведь речь шла о них, об их собратьях, вырванных когда-то из этих стен и теперь возвращающихся домой. Сторож не торопил рассказчика. Он чувствовал, что слушает не оправдание преступника, а исповедь человека.

— Значит, всё-таки выследили, — проговорил гость. — Что ж. Сдадите меня полиции?

— Это зависит от того, что вы мне расскажете, — ответил Гарольд, присаживаясь на музейную скамью и приглашая гостя сделать то же. — Видите ли, я двадцать лет сторожу этот музей и навидался воров. Но вор, который возвращает украденное с извинениями, — такого я ещё не встречал. И прежде чем что-то решать, я хочу понять. Кто вы? И почему делаете это?

Гость долго молчал, а потом опустился на скамью рядом со сторожем. Видно было, что тяжесть, которую он нёс, давно искала выхода.

— Сорок лет назад, — начал он тихо, — я был молод, дерзок и считал себя величайшим вором эпохи. Я обчистил этот музей — ту самую первую кражу, этрусское украшение. Это было только начало. Потом были другие музеи, другие города. Я гордился своим мастерством, не думая о том, что краду не просто блестящие вещи. Я крал у людей их историю. Их память. То, что принадлежало всем.

Он помолчал.

— А теперь я стар. И понял то, чего не понимал в молодости. Всё, что я награбил за жизнь, не сделало меня счастливым. Зато за каждой украденной вещью — пустая витрина, разочарованные посетители, обворованная общая память. И пока я жив, я хочу вернуть всё, что смогу. Исправить хотя бы часть того, что натворил. Это... это единственное, что придаёт смысл моим последним годам.', 'published', '2026-02-25T12:00:00+00:00', '2026-02-25T13:00:00+00:00');
    INSERT INTO chapters (id, story_id, title, content, draft_title, draft_content, status, created_at, updated_at) VALUES (
        '777e2b76-5b89-5a2d-8b31-b3d174c90cea', 'fa7d1739-fb28-5460-8888-a79b3517fed7', 'Долгий путь назад', 'Гарольд слушал исповедь старого вора, и в нём боролись чувства. Перед ним сидел преступник — человек, обокравший десятки музеев, лишивший людей их истории. По закону его следовало сдать. Но перед ним сидел и другой человек — тот, кто на склоне лет нашёл в себе силы признать ошибку и взялся за невозможное: вернуть всё назад, вещь за вещью, рискуя свободой ради искупления.

— Сколько вы уже вернули? — спросил сторож.

— В этот музей — семь предметов, — ответил вор. — Всего у меня в списке больше сотни, по разным городам и странам. Я составил его по памяти — помню каждую кражу, каждую вещь, каждое место. И теперь объезжаю их одно за другим. Кладу обратно. Где могу — тайно, как здесь. Где не могу проникнуть — отправляю анонимно. Это долгий путь. Боюсь, я не успею завершить его — годы не те. Но я иду по нему, сколько осталось сил.

Гарольд смотрел на этого старого человека, объезжающего полмира, чтобы вернуть украденное за целую жизнь, и понимал, что перед ним не просто искупление. Перед ним был один из самых трудных и одиноких подвигов, какие он встречал. Каяться на словах легко. А вот годами, рискуя тюрьмой, своими руками распутывать всё, что натворил, — на это способны единицы.

— Знаете, — сказал наконец Гарольд, — я должен бы вас задержать. Это мой долг. Но я не стану.

Вор поднял на него удивлённые глаза.

— Сдать вас полиции, — продолжал сторож, — значит остановить возвращение. Больше сотни вещей так и останутся украденными, потому что только вы знаете, где они и откуда. Тюрьма накажет вас — но не исправит того, что вы натворили. А ваш путь — исправляет. И я не возьму на себя смелость его прервать. Пусть лучше эти вещи вернутся домой. Это важнее, чем ваше наказание.

Гарольд сам удивлялся тому, что говорит, — и одновременно знал, что говорит правильно. Двадцать лет он сторожил чужое добро и привык думать о ворах однозначно: поймать и наказать. Но жизнь, как оказалось, сложнее служебных инструкций. Перед ним сидел не тот наглый молодчик, что обчистил музей сорок лет назад, — перед ним был совсем другой человек, которого годы и совесть переплавили во что-то иное. Наказать его означало остановить добро, которое он творил. И Гарольд, взвесив на незримых весах букву долга и его суть, выбрал суть. Пусть украденное вернётся домой. Это, в конце концов, и было то, ради чего он сторожил музей.

Старый вор смотрел на сторожа так, будто не верил услышанному.

— Почему вы так добры ко мне? Я же преступник.

— Вы были преступником, — поправил Гарольд. — А теперь вы человек, исправляющий свои ошибки. Это разные люди. И второму я готов помочь. Слушайте, у меня ведь есть доступ к музейным архивам всего региона. Я мог бы помочь вам с вашим списком. Сверить, уточнить, найти, куда что вернуть. Если вы не против напарника.',
        'Долгий путь назад', 'Гарольд слушал исповедь старого вора, и в нём боролись чувства. Перед ним сидел преступник — человек, обокравший десятки музеев, лишивший людей их истории. По закону его следовало сдать. Но перед ним сидел и другой человек — тот, кто на склоне лет нашёл в себе силы признать ошибку и взялся за невозможное: вернуть всё назад, вещь за вещью, рискуя свободой ради искупления.

— Сколько вы уже вернули? — спросил сторож.

— В этот музей — семь предметов, — ответил вор. — Всего у меня в списке больше сотни, по разным городам и странам. Я составил его по памяти — помню каждую кражу, каждую вещь, каждое место. И теперь объезжаю их одно за другим. Кладу обратно. Где могу — тайно, как здесь. Где не могу проникнуть — отправляю анонимно. Это долгий путь. Боюсь, я не успею завершить его — годы не те. Но я иду по нему, сколько осталось сил.

Гарольд смотрел на этого старого человека, объезжающего полмира, чтобы вернуть украденное за целую жизнь, и понимал, что перед ним не просто искупление. Перед ним был один из самых трудных и одиноких подвигов, какие он встречал. Каяться на словах легко. А вот годами, рискуя тюрьмой, своими руками распутывать всё, что натворил, — на это способны единицы.

— Знаете, — сказал наконец Гарольд, — я должен бы вас задержать. Это мой долг. Но я не стану.

Вор поднял на него удивлённые глаза.

— Сдать вас полиции, — продолжал сторож, — значит остановить возвращение. Больше сотни вещей так и останутся украденными, потому что только вы знаете, где они и откуда. Тюрьма накажет вас — но не исправит того, что вы натворили. А ваш путь — исправляет. И я не возьму на себя смелость его прервать. Пусть лучше эти вещи вернутся домой. Это важнее, чем ваше наказание.

Гарольд сам удивлялся тому, что говорит, — и одновременно знал, что говорит правильно. Двадцать лет он сторожил чужое добро и привык думать о ворах однозначно: поймать и наказать. Но жизнь, как оказалось, сложнее служебных инструкций. Перед ним сидел не тот наглый молодчик, что обчистил музей сорок лет назад, — перед ним был совсем другой человек, которого годы и совесть переплавили во что-то иное. Наказать его означало остановить добро, которое он творил. И Гарольд, взвесив на незримых весах букву долга и его суть, выбрал суть. Пусть украденное вернётся домой. Это, в конце концов, и было то, ради чего он сторожил музей.

Старый вор смотрел на сторожа так, будто не верил услышанному.

— Почему вы так добры ко мне? Я же преступник.

— Вы были преступником, — поправил Гарольд. — А теперь вы человек, исправляющий свои ошибки. Это разные люди. И второму я готов помочь. Слушайте, у меня ведь есть доступ к музейным архивам всего региона. Я мог бы помочь вам с вашим списком. Сверить, уточнить, найти, куда что вернуть. Если вы не против напарника.', 'published', '2026-02-26T12:00:00+00:00', '2026-02-26T13:00:00+00:00');
    INSERT INTO chapters (id, story_id, title, content, draft_title, draft_content, status, created_at, updated_at) VALUES (
        'd53c80a1-9f4e-5e05-b3a5-ba96e113b0eb', 'fa7d1739-fb28-5460-8888-a79b3517fed7', 'То, что возвращается', 'Так у старого вора появился неожиданный помощник — ночной сторож, который вместо того, чтобы его задержать, взялся помогать ему исправлять содеянное. Странный это был союз: человек, всю жизнь стороживший от воров, и вор, всю жизнь обкрадывавший таких, как он. Но обоих объединило одно — желание вернуть на место то, что было украдено.

Гарольд поднял архивы, сверил списки, помог уточнить, откуда были похищены вещи, чьи следы вор за давностью лет подзабыл. Вдвоём они работали методично, ночь за ночью, распутывая клубок краж сорокалетней давности. Сторож со своим знанием музейного дела и вор со своим знанием изнанки этого дела оказались на удивление сильной командой.

Со стороны их союз и впрямь выглядел чудно, но работал он на удивление слаженно. Гарольд знал музейное дело изнутри — каталоги, описи, тонкости атрибуции, происхождение каждой вещи, — и умел по крупицам восстановить, откуда родом тот или иной предмет. Старый вор знал изнанку того же мира — тайники, перекупщиков, чёрные рынки, через чьи руки прошло награбленное за десятилетия. По отдельности ни тот, ни другой не распутал бы этот клубок сорокалетней давности. А вместе они шаг за шагом возвращали на свет то, что давно считалось потерянным навсегда, — и каждая возвращённая вещь становилась маленькой общей победой.

Возвращённые вещи появлялись в музеях по всему региону — тихо, с неизменными записками-извинениями. Музейщики разводили руками, не понимая, что происходит, и радовались нежданному чуду. О загадочном «возвращателе» начали ходить слухи, складывались легенды. Никто не знал, что за этим стоит раскаявшийся старик и помогающий ему сторож.

Старый вор так и не успел вернуть всё — годы взяли своё раньше, чем закончился список. Но он успел вернуть очень многое. И, что важнее, он умер не вором, а человеком, исправлявшим свои ошибки до последнего вздоха. Гарольд был с ним рядом в конце и обещал завершить начатое — вернуть оставшееся по составленному списку.

Это обещание сторож держал до самого своего ухода на покой. Он стал кем-то вроде хранителя чужого искупления — тихо, по одной вещи за раз, возвращал музеям то, что когда-то у них украл его необычный напарник. И всякий раз, кладя очередной предмет на место, Гарольд думал о том, как странно и хорошо иногда складывается жизнь.

Ведь по-настоящему важной оказалась не поимка вора — а то, что вор сам захотел вернуться. Закон умеет наказывать, но не умеет исправлять души. А вот человек, однажды решивший стать лучше, способен распутать даже то, что запутывал всю жизнь, — если рядом найдётся кто-то, кто протянет руку вместо того, чтобы защёлкнуть наручники.

Гарольд не жалел о своём выборе ни единого дня. Он знал, что поступил не по букве закона. Но он был твёрдо уверен, что поступил по его духу — потому что закон, в сущности, и существует ради того, чтобы украденное возвращалось домой. А оно вернулось. Куда больше, чем могло бы вернуться из-за решётки.',
        'То, что возвращается', 'Так у старого вора появился неожиданный помощник — ночной сторож, который вместо того, чтобы его задержать, взялся помогать ему исправлять содеянное. Странный это был союз: человек, всю жизнь стороживший от воров, и вор, всю жизнь обкрадывавший таких, как он. Но обоих объединило одно — желание вернуть на место то, что было украдено.

Гарольд поднял архивы, сверил списки, помог уточнить, откуда были похищены вещи, чьи следы вор за давностью лет подзабыл. Вдвоём они работали методично, ночь за ночью, распутывая клубок краж сорокалетней давности. Сторож со своим знанием музейного дела и вор со своим знанием изнанки этого дела оказались на удивление сильной командой.

Со стороны их союз и впрямь выглядел чудно, но работал он на удивление слаженно. Гарольд знал музейное дело изнутри — каталоги, описи, тонкости атрибуции, происхождение каждой вещи, — и умел по крупицам восстановить, откуда родом тот или иной предмет. Старый вор знал изнанку того же мира — тайники, перекупщиков, чёрные рынки, через чьи руки прошло награбленное за десятилетия. По отдельности ни тот, ни другой не распутал бы этот клубок сорокалетней давности. А вместе они шаг за шагом возвращали на свет то, что давно считалось потерянным навсегда, — и каждая возвращённая вещь становилась маленькой общей победой.

Возвращённые вещи появлялись в музеях по всему региону — тихо, с неизменными записками-извинениями. Музейщики разводили руками, не понимая, что происходит, и радовались нежданному чуду. О загадочном «возвращателе» начали ходить слухи, складывались легенды. Никто не знал, что за этим стоит раскаявшийся старик и помогающий ему сторож.

Старый вор так и не успел вернуть всё — годы взяли своё раньше, чем закончился список. Но он успел вернуть очень многое. И, что важнее, он умер не вором, а человеком, исправлявшим свои ошибки до последнего вздоха. Гарольд был с ним рядом в конце и обещал завершить начатое — вернуть оставшееся по составленному списку.

Это обещание сторож держал до самого своего ухода на покой. Он стал кем-то вроде хранителя чужого искупления — тихо, по одной вещи за раз, возвращал музеям то, что когда-то у них украл его необычный напарник. И всякий раз, кладя очередной предмет на место, Гарольд думал о том, как странно и хорошо иногда складывается жизнь.

Ведь по-настоящему важной оказалась не поимка вора — а то, что вор сам захотел вернуться. Закон умеет наказывать, но не умеет исправлять души. А вот человек, однажды решивший стать лучше, способен распутать даже то, что запутывал всю жизнь, — если рядом найдётся кто-то, кто протянет руку вместо того, чтобы защёлкнуть наручники.

Гарольд не жалел о своём выборе ни единого дня. Он знал, что поступил не по букве закона. Но он был твёрдо уверен, что поступил по его духу — потому что закон, в сущности, и существует ради того, чтобы украденное возвращалось домой. А оно вернулось. Куда больше, чем могло бы вернуться из-за решётки.', 'published', '2026-02-27T12:00:00+00:00', '2026-02-27T13:00:00+00:00');

    -- [29] Маленький город, большой страх (dc)
    INSERT INTO stories (id, slug, title, status, author_id, ai_summary, created_at, updated_at) VALUES (
        '6079e7b4-0ce0-5a05-bb91-6fa50f67363d', 'dc-malenkiy-gorod-bolshoy-strah', 'Маленький город, большой страх', 'published', v_author_id, 'В городке, где никогда не было своего героя, обычная учительница решает, что хватит ждать спасителя со стороны. Иногда защитник города — это просто тот, кто первым перестал бояться.',
        '2026-02-22T12:00:00+00:00', '2026-04-21T09:00:00+00:00');
    INSERT INTO story_tags (story_id, tag_id) VALUES ('6079e7b4-0ce0-5a05-bb91-6fa50f67363d', '10000001-0001-4001-8001-000000000006');
    INSERT INTO story_tags (story_id, tag_id) VALUES ('6079e7b4-0ce0-5a05-bb91-6fa50f67363d', '10000004-0004-4004-8004-000000000002');
    INSERT INTO story_tags (story_id, tag_id) VALUES ('6079e7b4-0ce0-5a05-bb91-6fa50f67363d', '10000005-0005-4005-8005-000000000003');
    INSERT INTO story_tags (story_id, tag_id) VALUES ('6079e7b4-0ce0-5a05-bb91-6fa50f67363d', '10000006-0006-4006-8006-000000000002');
    INSERT INTO story_tags (story_id, tag_id) VALUES ('6079e7b4-0ce0-5a05-bb91-6fa50f67363d', '10000002-0002-4002-8002-000000000001');
    INSERT INTO story_tags (story_id, tag_id) VALUES ('6079e7b4-0ce0-5a05-bb91-6fa50f67363d', '10000002-0002-4002-8002-000000000006');
    INSERT INTO story_tags (story_id, tag_id) VALUES ('6079e7b4-0ce0-5a05-bb91-6fa50f67363d', '10000003-0003-4003-8003-000000000002');
    INSERT INTO chapters (id, story_id, title, content, draft_title, draft_content, status, created_at, updated_at) VALUES (
        '23c23727-ae12-50a9-b089-2e2795172c8a', '6079e7b4-0ce0-5a05-bb91-6fa50f67363d', 'Город без героя', 'В больших городах были свои герои — в масках, с суперсилой, попадавшие в новости. А маленький Уиллоу-Крик, затерянный среди полей, никогда такого не имел. Когда сюда приходила беда, спасения ждать было неоткуда: до ближайшего крупного города часы пути, а у тамошних героев и своих забот хватало. Уиллоу-Крик привык справляться сам — или не справляться вовсе.

Марта Дэвис преподавала в местной школе литературу уже пятнадцать лет. Она была обыкновенной женщиной — не сильной, не ловкой, не обученной драться. Зато она любила свой городок и своих учеников так, как любят только те, кто пустил корни и никуда не собирается уезжать.

Беда пришла в Уиллоу-Крик с появлением банды. Сначала это были мелкие хулиганы, потом к ним стянулись люди посерьёзнее, и вскоре городок оказался под их пятой. Они обирали лавочников, запугивали жителей, чувствовали себя хозяевами. Полиция в Уиллоу-Крик была слабой, до больших властей далеко, а героя, который прилетел бы и разогнал негодяев, не было и в помине.

Жители терпели. Сжимались, отдавали последнее, отводили глаза. Каждый надеялся, что беда обойдёт его дом стороной, что кто-нибудь другой что-нибудь сделает. Но никто ничего не делал, потому что все ждали спасителя со стороны — а спаситель не приходил.

Марта тоже терпела — до того дня, когда банда пришла в школу. Они явились средь бела дня, наглые, требуя денег с учителей и пугая детей, и один из них толкнул первоклассника так, что малыш упал и расплакался. И вот тут что-то в Марте, пятнадцать лет учившей детей быть смелыми и честными, не выдержало.

Что-то в Марте надломилось — и одновременно окрепло. Пятнадцать лет она стояла у доски и повторяла детям одно и то же: будьте смелыми, заступайтесь за слабых, не миритесь с несправедливостью. Красивые слова из книг, которые так легко произносить в тёплом классе. И вот теперь несправедливость стояла перед ней во плоти, толкала её учеников, — а она, выходит, должна отвести глаза, как все? Какова же тогда цена её собственным словам? Марта вдруг ясно поняла, что не сможет больше посмотреть детям в глаза, если сейчас отступит. Учить смелости и самой прятаться — это была ложь, на которую она оказалась неспособна.

Она встала между бандитами и детьми — маленькая, безоружная учительница против здоровенных громил — и сказала им уходить. Голос её дрожал, колени подгибались от страха, но она не отступила. И, к всеобщему изумлению, бандиты, опешив от такой неожиданной дерзости, в тот раз ушли. Не потому, что испугались. А потому, что не ожидали отпора и растерялись.

В тот вечер Марта долго не могла унять дрожь в руках. Она поняла страшную и простую вещь. Героя не будет. Никто не прилетит. Если кто-то и должен защитить этот город, то это будут сами его жители. И начать, похоже, придётся ей.',
        'Город без героя', 'В больших городах были свои герои — в масках, с суперсилой, попадавшие в новости. А маленький Уиллоу-Крик, затерянный среди полей, никогда такого не имел. Когда сюда приходила беда, спасения ждать было неоткуда: до ближайшего крупного города часы пути, а у тамошних героев и своих забот хватало. Уиллоу-Крик привык справляться сам — или не справляться вовсе.

Марта Дэвис преподавала в местной школе литературу уже пятнадцать лет. Она была обыкновенной женщиной — не сильной, не ловкой, не обученной драться. Зато она любила свой городок и своих учеников так, как любят только те, кто пустил корни и никуда не собирается уезжать.

Беда пришла в Уиллоу-Крик с появлением банды. Сначала это были мелкие хулиганы, потом к ним стянулись люди посерьёзнее, и вскоре городок оказался под их пятой. Они обирали лавочников, запугивали жителей, чувствовали себя хозяевами. Полиция в Уиллоу-Крик была слабой, до больших властей далеко, а героя, который прилетел бы и разогнал негодяев, не было и в помине.

Жители терпели. Сжимались, отдавали последнее, отводили глаза. Каждый надеялся, что беда обойдёт его дом стороной, что кто-нибудь другой что-нибудь сделает. Но никто ничего не делал, потому что все ждали спасителя со стороны — а спаситель не приходил.

Марта тоже терпела — до того дня, когда банда пришла в школу. Они явились средь бела дня, наглые, требуя денег с учителей и пугая детей, и один из них толкнул первоклассника так, что малыш упал и расплакался. И вот тут что-то в Марте, пятнадцать лет учившей детей быть смелыми и честными, не выдержало.

Что-то в Марте надломилось — и одновременно окрепло. Пятнадцать лет она стояла у доски и повторяла детям одно и то же: будьте смелыми, заступайтесь за слабых, не миритесь с несправедливостью. Красивые слова из книг, которые так легко произносить в тёплом классе. И вот теперь несправедливость стояла перед ней во плоти, толкала её учеников, — а она, выходит, должна отвести глаза, как все? Какова же тогда цена её собственным словам? Марта вдруг ясно поняла, что не сможет больше посмотреть детям в глаза, если сейчас отступит. Учить смелости и самой прятаться — это была ложь, на которую она оказалась неспособна.

Она встала между бандитами и детьми — маленькая, безоружная учительница против здоровенных громил — и сказала им уходить. Голос её дрожал, колени подгибались от страха, но она не отступила. И, к всеобщему изумлению, бандиты, опешив от такой неожиданной дерзости, в тот раз ушли. Не потому, что испугались. А потому, что не ожидали отпора и растерялись.

В тот вечер Марта долго не могла унять дрожь в руках. Она поняла страшную и простую вещь. Героя не будет. Никто не прилетит. Если кто-то и должен защитить этот город, то это будут сами его жители. И начать, похоже, придётся ей.', 'published', '2026-02-22T12:00:00+00:00', '2026-02-22T13:00:00+00:00');
    INSERT INTO chapters (id, story_id, title, content, draft_title, draft_content, status, created_at, updated_at) VALUES (
        'e2d6bdd8-2538-5386-a6ed-50ce1736209f', '6079e7b4-0ce0-5a05-bb91-6fa50f67363d', 'Та, что перестала бояться', 'Марта не стала надевать маску и не обрела суперсилу. У неё не было ничего, кроме решимости и понимания одной важной вещи: банда сильна не кулаками, а страхом. Запуганный город отдаёт всё сам. Стоит страху отступить — и власть громил рассыплется.

Она начала с малого — с разговоров. Ходила от двери к двери, от лавки к лавке, и говорила с людьми. Не призывала к оружию, не звала на баррикады. Просто напоминала каждому простую правду: их много, а бандитов мало; их город, а пришлецы — чужаки; и если они перестанут бояться поодиночке и встанут вместе, никакая банда против целого города не устоит.

Поначалу её слушали с опаской. Люди привыкли бояться, привыкли ждать, что кто-то другой решит проблему. Многие крутили пальцем у виска: что может сделать школьная учительница против вооружённых громил? Не лезь, Марта, добром не кончится, сиди тихо, как все.

Но Марта не отступала. Она знала своих земляков — учила их детей, а до того многих из них самих. Она знала, что под коркой страха в них дремлет та же любовь к родному городу, что и в ней. Нужно было только разбудить её, дать людям пример, показать, что не бояться — можно.

И пример сработал лучше любых слов. Видя, как хрупкая учительница изо дня в день не склоняет головы перед бандитами, как открыто говорит им «нет», как не прячется, горожане начали стыдиться собственного страха. Первым осмелел старый кузнец, перестав платить дань. За ним — хозяин бакалеи. Потом ещё, и ещё. Страх, годами державший город в кулаке, дал трещину — и трещина эта пошла от одной немолодой женщины, которая просто решила, что хватит.

Марта и сама дивилась тому, как заразителен пример. Она-то думала, что придётся долго убеждать, спорить, доказывать. А оказалось, людям не хватало всего лишь одного — увидеть, что не бояться возможно. Страх ведь живёт ощущением одиночества: каждому кажется, что только он один такой беспомощный, что сопротивляться бессмысленно, раз все вокруг покорны. Стоило одному человеку открыто сказать «нет» и не поплатиться немедленно, как чары рассеивались. За первым осмелевшим тянулся второй, за вторым — третий, и страх, казавшийся всесильным, обнаруживал своё единственное слабое место: он держится лишь до тех пор, пока в него верят.

Конечно, банда не собиралась так просто упускать добычу. Главарь, почувствовав, что город ускользает из рук, разозлился и решил преподать урок — показательно, жёстко, чтобы все снова вспомнили, кто здесь хозяин. И целью он выбрал, разумеется, ту, с кого началось неповиновение, — Марту.

Учительница знала, что рискует. Знала, что однажды за её дерзость придётся расплачиваться. Но, как ни странно, ей больше не было по-настоящему страшно. Потому что за её спиной впервые стоял не запуганный, а просыпающийся город. И это меняло всё.

(продолжение следует)',
        'Та, что перестала бояться', 'Марта не стала надевать маску и не обрела суперсилу. У неё не было ничего, кроме решимости и понимания одной важной вещи: банда сильна не кулаками, а страхом. Запуганный город отдаёт всё сам. Стоит страху отступить — и власть громил рассыплется.

Она начала с малого — с разговоров. Ходила от двери к двери, от лавки к лавке, и говорила с людьми. Не призывала к оружию, не звала на баррикады. Просто напоминала каждому простую правду: их много, а бандитов мало; их город, а пришлецы — чужаки; и если они перестанут бояться поодиночке и встанут вместе, никакая банда против целого города не устоит.

Поначалу её слушали с опаской. Люди привыкли бояться, привыкли ждать, что кто-то другой решит проблему. Многие крутили пальцем у виска: что может сделать школьная учительница против вооружённых громил? Не лезь, Марта, добром не кончится, сиди тихо, как все.

Но Марта не отступала. Она знала своих земляков — учила их детей, а до того многих из них самих. Она знала, что под коркой страха в них дремлет та же любовь к родному городу, что и в ней. Нужно было только разбудить её, дать людям пример, показать, что не бояться — можно.

И пример сработал лучше любых слов. Видя, как хрупкая учительница изо дня в день не склоняет головы перед бандитами, как открыто говорит им «нет», как не прячется, горожане начали стыдиться собственного страха. Первым осмелел старый кузнец, перестав платить дань. За ним — хозяин бакалеи. Потом ещё, и ещё. Страх, годами державший город в кулаке, дал трещину — и трещина эта пошла от одной немолодой женщины, которая просто решила, что хватит.

Марта и сама дивилась тому, как заразителен пример. Она-то думала, что придётся долго убеждать, спорить, доказывать. А оказалось, людям не хватало всего лишь одного — увидеть, что не бояться возможно. Страх ведь живёт ощущением одиночества: каждому кажется, что только он один такой беспомощный, что сопротивляться бессмысленно, раз все вокруг покорны. Стоило одному человеку открыто сказать «нет» и не поплатиться немедленно, как чары рассеивались. За первым осмелевшим тянулся второй, за вторым — третий, и страх, казавшийся всесильным, обнаруживал своё единственное слабое место: он держится лишь до тех пор, пока в него верят.

Конечно, банда не собиралась так просто упускать добычу. Главарь, почувствовав, что город ускользает из рук, разозлился и решил преподать урок — показательно, жёстко, чтобы все снова вспомнили, кто здесь хозяин. И целью он выбрал, разумеется, ту, с кого началось неповиновение, — Марту.

Учительница знала, что рискует. Знала, что однажды за её дерзость придётся расплачиваться. Но, как ни странно, ей больше не было по-настоящему страшно. Потому что за её спиной впервые стоял не запуганный, а просыпающийся город. И это меняло всё.

(продолжение следует)', 'published', '2026-02-23T12:00:00+00:00', '2026-02-23T13:00:00+00:00');
    INSERT INTO chapters (id, story_id, title, content, draft_title, draft_content, status, created_at, updated_at) VALUES (
        '81b7015a-76aa-569d-9d85-b79810bdff80', '6079e7b4-0ce0-5a05-bb91-6fa50f67363d', 'Город просыпается', 'Развязка наступила на городской площади. Главарь банды со своими громилами явился к дому Марты средь бела дня — нарочно, при всех, чтобы расправа стала уроком для всего Уиллоу-Крика. Он рассчитывал на привычное: горожане попрячутся по домам, отведут глаза, сделают вид, что ничего не происходит, как делали всегда.

Но в этот раз всё пошло иначе.

Когда бандиты подступили к Марте, стоявшей на крыльце, из соседнего дома вышел старый кузнец и встал рядом с ней. Потом — хозяин бакалеи. Потом из переулка показались ещё люди, и ещё. Горожане выходили из домов, из лавок, со дворов — поодиночке, парами, семьями — и молча вставали вокруг учительницы, плечом к плечу, лицом к банде. Без оружия. Просто вставали. Десятки, потом сотни.

Главарь растерялся. Он умел иметь дело со страхом — страх он понимал, страхом управлял. Но перед ним стоял уже не запуганный город, отдающий последнее. Перед ним стояли люди, которые перестали бояться, — а с такими бандитская власть, построенная на одном лишь ужасе, ничего не могла поделать. Их было мало. Горожан — много. И впервые это численное превосходство, всегда бывшее лишь цифрой, превратилось в силу, потому что за ним стояла решимость.

— Уходите, — сказала Марта, и теперь голос её не дрожал. — Вас горстка. Нас — весь город. Мы больше не боимся. А значит, вам тут больше нечем нас держать. Уходите по-хорошему.

Это был напряжённый, страшный миг. Всё могло обернуться по-всякому. Но банда, привыкшая властвовать над запуганными одиночками, дрогнула перед лицом сплочённого города. Их сила была в чужом страхе — а страх кончился. Поняв, что весь Уиллоу-Крик поднялся против них и отступать не намерен, громилы попятились. А вскоре и вовсе убрались из города — туда, где люди ещё не научились не бояться.

Уиллоу-Крик отстоял себя. Без героя в маске, без суперсилы, без спасителя со стороны. Своими силами — силами обычных людей, которых одна учительница научила главному: что защитник города не обязательно прилетает с неба. Иногда это просто тот, кто первым перестал бояться и встал, чтобы за ним встали другие.

Марта потом часто думала об этом дне и всякий раз заново поражалась простоте случившегося. Никакого чуда не произошло. Не прилетел спаситель, не сверкнула суперсила, не случилось ничего, чего не мог бы повторить любой другой город. Просто люди вспомнили, что их много, что это их земля и что вместе они сильнее любой банды. Вся «магия» была в том, что кто-то должен был встать первым — принять на себя страх, который других держал в оцепенении, и своим примером разбудить в земляках спящую смелость. Марта оказалась этим первым человеком. И в этом, поняла она, и состоит подчас всё геройство — не в силе, а в готовности не отступить, когда отступают остальные.

(продолжение следует)',
        'Город просыпается', 'Развязка наступила на городской площади. Главарь банды со своими громилами явился к дому Марты средь бела дня — нарочно, при всех, чтобы расправа стала уроком для всего Уиллоу-Крика. Он рассчитывал на привычное: горожане попрячутся по домам, отведут глаза, сделают вид, что ничего не происходит, как делали всегда.

Но в этот раз всё пошло иначе.

Когда бандиты подступили к Марте, стоявшей на крыльце, из соседнего дома вышел старый кузнец и встал рядом с ней. Потом — хозяин бакалеи. Потом из переулка показались ещё люди, и ещё. Горожане выходили из домов, из лавок, со дворов — поодиночке, парами, семьями — и молча вставали вокруг учительницы, плечом к плечу, лицом к банде. Без оружия. Просто вставали. Десятки, потом сотни.

Главарь растерялся. Он умел иметь дело со страхом — страх он понимал, страхом управлял. Но перед ним стоял уже не запуганный город, отдающий последнее. Перед ним стояли люди, которые перестали бояться, — а с такими бандитская власть, построенная на одном лишь ужасе, ничего не могла поделать. Их было мало. Горожан — много. И впервые это численное превосходство, всегда бывшее лишь цифрой, превратилось в силу, потому что за ним стояла решимость.

— Уходите, — сказала Марта, и теперь голос её не дрожал. — Вас горстка. Нас — весь город. Мы больше не боимся. А значит, вам тут больше нечем нас держать. Уходите по-хорошему.

Это был напряжённый, страшный миг. Всё могло обернуться по-всякому. Но банда, привыкшая властвовать над запуганными одиночками, дрогнула перед лицом сплочённого города. Их сила была в чужом страхе — а страх кончился. Поняв, что весь Уиллоу-Крик поднялся против них и отступать не намерен, громилы попятились. А вскоре и вовсе убрались из города — туда, где люди ещё не научились не бояться.

Уиллоу-Крик отстоял себя. Без героя в маске, без суперсилы, без спасителя со стороны. Своими силами — силами обычных людей, которых одна учительница научила главному: что защитник города не обязательно прилетает с неба. Иногда это просто тот, кто первым перестал бояться и встал, чтобы за ним встали другие.

Марта потом часто думала об этом дне и всякий раз заново поражалась простоте случившегося. Никакого чуда не произошло. Не прилетел спаситель, не сверкнула суперсила, не случилось ничего, чего не мог бы повторить любой другой город. Просто люди вспомнили, что их много, что это их земля и что вместе они сильнее любой банды. Вся «магия» была в том, что кто-то должен был встать первым — принять на себя страх, который других держал в оцепенении, и своим примером разбудить в земляках спящую смелость. Марта оказалась этим первым человеком. И в этом, поняла она, и состоит подчас всё геройство — не в силе, а в готовности не отступить, когда отступают остальные.

(продолжение следует)', 'published', '2026-02-24T12:00:00+00:00', '2026-02-24T13:00:00+00:00');

    -- [30] Дело о пустой квартире (sherlock)
    INSERT INTO stories (id, slug, title, status, author_id, ai_summary, created_at, updated_at) VALUES (
        '11acb9b6-0358-5b92-928a-7e30321c3c9d', 'sherlock-delo-o-pustoy-kvartire', 'Дело о пустой квартире', 'published', v_author_id, 'Консультирующий детектив Эшфорд берётся за дело об исчезновении человека из запертой изнутри квартиры. Разгадка окажется не в том, как он исчез, а в том, почему хотел исчезнуть.',
        '2026-02-20T12:00:00+00:00', '2026-04-20T08:00:00+00:00');
    INSERT INTO story_tags (story_id, tag_id) VALUES ('11acb9b6-0358-5b92-928a-7e30321c3c9d', '10000001-0001-4001-8001-000000000007');
    INSERT INTO story_tags (story_id, tag_id) VALUES ('11acb9b6-0358-5b92-928a-7e30321c3c9d', '10000004-0004-4004-8004-000000000002');
    INSERT INTO story_tags (story_id, tag_id) VALUES ('11acb9b6-0358-5b92-928a-7e30321c3c9d', '10000005-0005-4005-8005-000000000003');
    INSERT INTO story_tags (story_id, tag_id) VALUES ('11acb9b6-0358-5b92-928a-7e30321c3c9d', '10000006-0006-4006-8006-000000000001');
    INSERT INTO story_tags (story_id, tag_id) VALUES ('11acb9b6-0358-5b92-928a-7e30321c3c9d', '10000002-0002-4002-8002-000000000003');
    INSERT INTO story_tags (story_id, tag_id) VALUES ('11acb9b6-0358-5b92-928a-7e30321c3c9d', '10000002-0002-4002-8002-000000000001');
    INSERT INTO chapters (id, story_id, title, content, draft_title, draft_content, status, created_at, updated_at) VALUES (
        '9bd31261-8dc2-50f2-9729-27b82e9a0ef6', '11acb9b6-0358-5b92-928a-7e30321c3c9d', 'Запертая изнутри', 'Туман в то утро лежал на улицах такой плотный, что газовые фонари казались жёлтыми пятнами, размытыми чьей-то небрежной кистью. Доктор Хейл поднялся по знакомой лестнице и застал своего друга, консультирующего детектива Эшфорда, за привычным занятием — тот сидел в кресле, сложив пальцы домиком, и смотрел в одну точку с видом человека, умирающего от скуки.

— Хейл, — произнёс он, не оборачиваясь, — вы пришли не просто навестить старого друга. На рукаве у вас типографская краска, какой пользуются в редакции «Вестника», а лицо выражает то особое возбуждение, какое бывает у вас, когда вы прочли что-нибудь загадочное. Итак, что пишут?

Доктор, давно переставший удивляться подобным фокусам, протянул газету.

Доктор Хейл давно свыкся с манерой друга огорошивать собеседника с порога, но всякий раз это маленькое представление вызывало у него тайное восхищение. Там, где другой увидел бы лишь усталого джентльмена с газетой, Эшфорд читал целую историю — по пятну на рукаве, по выражению лица, по сотне неуловимых мелочей. Это была не магия и не фокус, хотя выглядело именно так. Это был метод, доведённый до совершенства упорным трудом, и Хейл, врач по образованию, ценил его тем выше, что понимал: за внешней лёгкостью стоят годы дисциплины ума. Хейл и сам, прожив подле друга не один год, выучился замечать кое-что из того, мимо чего проходят прочие, — но до Эшфорда ему было по-прежнему так же далеко, как ученику до мастера, и доктор давно смирился с этой ролью, находя в ней своё скромное удовольствие.

— Исчезновение, — сказал он. — И, признаться, совершенно необъяснимое. Некий мистер Кроуфорд, банковский клерк, пропал из своей квартиры. Дверь была заперта изнутри на засов, окна закрыты на шпингалеты, единственный ключ найден внутри. И тем не менее человека в квартире нет. Будто растворился в воздухе.

Глаза Эшфорда впервые за утро ожили. Он выхватил газету, пробежал заметку глазами, и скука слетела с него, как сбрасывают надоевший плащ.

— Наконец-то, — пробормотал он. — Хоть что-то, не оскорбляющее интеллект. Запертая изнутри комната — это, Хейл, либо чушь для бульварных листков, либо прелестная задачка. Полиция, разумеется, в тупике?

— Инспектор Грегсон рвёт на себе волосы, — подтвердил доктор. — Он-то и просил вас взглянуть, хотя и сквозь зубы.

— Грегсон всегда просит сквозь зубы, а потом приписывает себе заслуги, — усмехнулся Эшфорд, вскакивая и хватая пальто. — Но дело того стоит. Едемте, друг мой. И прихватите ваш револьвер — не потому, что он понадобится, а потому, что с ним вы держитесь увереннее, а мне нужен уверенный спутник. Туман нам только на руку: в такую погоду люди забывают запирать рот так же тщательно, как двери.

Через четверть часа кэб уже вёз их сквозь молочную мглу к месту загадочного исчезновения, и Эшфорд, постукивая пальцами по колену, рассуждал вслух — не для Хейла, а для самого себя, как делал всегда, когда разум его разгонялся, нащупывая первые нити.',
        'Запертая изнутри', 'Туман в то утро лежал на улицах такой плотный, что газовые фонари казались жёлтыми пятнами, размытыми чьей-то небрежной кистью. Доктор Хейл поднялся по знакомой лестнице и застал своего друга, консультирующего детектива Эшфорда, за привычным занятием — тот сидел в кресле, сложив пальцы домиком, и смотрел в одну точку с видом человека, умирающего от скуки.

— Хейл, — произнёс он, не оборачиваясь, — вы пришли не просто навестить старого друга. На рукаве у вас типографская краска, какой пользуются в редакции «Вестника», а лицо выражает то особое возбуждение, какое бывает у вас, когда вы прочли что-нибудь загадочное. Итак, что пишут?

Доктор, давно переставший удивляться подобным фокусам, протянул газету.

Доктор Хейл давно свыкся с манерой друга огорошивать собеседника с порога, но всякий раз это маленькое представление вызывало у него тайное восхищение. Там, где другой увидел бы лишь усталого джентльмена с газетой, Эшфорд читал целую историю — по пятну на рукаве, по выражению лица, по сотне неуловимых мелочей. Это была не магия и не фокус, хотя выглядело именно так. Это был метод, доведённый до совершенства упорным трудом, и Хейл, врач по образованию, ценил его тем выше, что понимал: за внешней лёгкостью стоят годы дисциплины ума. Хейл и сам, прожив подле друга не один год, выучился замечать кое-что из того, мимо чего проходят прочие, — но до Эшфорда ему было по-прежнему так же далеко, как ученику до мастера, и доктор давно смирился с этой ролью, находя в ней своё скромное удовольствие.

— Исчезновение, — сказал он. — И, признаться, совершенно необъяснимое. Некий мистер Кроуфорд, банковский клерк, пропал из своей квартиры. Дверь была заперта изнутри на засов, окна закрыты на шпингалеты, единственный ключ найден внутри. И тем не менее человека в квартире нет. Будто растворился в воздухе.

Глаза Эшфорда впервые за утро ожили. Он выхватил газету, пробежал заметку глазами, и скука слетела с него, как сбрасывают надоевший плащ.

— Наконец-то, — пробормотал он. — Хоть что-то, не оскорбляющее интеллект. Запертая изнутри комната — это, Хейл, либо чушь для бульварных листков, либо прелестная задачка. Полиция, разумеется, в тупике?

— Инспектор Грегсон рвёт на себе волосы, — подтвердил доктор. — Он-то и просил вас взглянуть, хотя и сквозь зубы.

— Грегсон всегда просит сквозь зубы, а потом приписывает себе заслуги, — усмехнулся Эшфорд, вскакивая и хватая пальто. — Но дело того стоит. Едемте, друг мой. И прихватите ваш револьвер — не потому, что он понадобится, а потому, что с ним вы держитесь увереннее, а мне нужен уверенный спутник. Туман нам только на руку: в такую погоду люди забывают запирать рот так же тщательно, как двери.

Через четверть часа кэб уже вёз их сквозь молочную мглу к месту загадочного исчезновения, и Эшфорд, постукивая пальцами по колену, рассуждал вслух — не для Хейла, а для самого себя, как делал всегда, когда разум его разгонялся, нащупывая первые нити.', 'published', '2026-02-20T12:00:00+00:00', '2026-02-20T13:00:00+00:00');
    INSERT INTO chapters (id, story_id, title, content, draft_title, draft_content, status, created_at, updated_at) VALUES (
        'bf8aa562-b1b9-590b-8686-34e9cba2ce77', '11acb9b6-0358-5b92-928a-7e30321c3c9d', 'Метод наблюдения', 'Квартира пропавшего клерка была невелика и опрятна — слишком опрятна, как сразу отметил Эшфорд. Инспектор Грегсон, грузный и красный от досады, встретил их на пороге и развёл руками.

— Сами видите, мистер Эшфорд. Дверь была на засове изнутри, мы её взламывали. Окна заперты. Дымоход слишком узок. Человек не мог выйти — и всё же его нет. Чертовщина какая-то.

Эшфорд не ответил. Он уже скользил по комнате своим особенным, всё подмечающим взглядом — тем самым, что видел там, где другие лишь смотрели. Доктор Хейл, знавший этот метод, молча наблюдал, как друг опускается на колени у камина, разглядывает ковёр, изучает запертое окно, выдвигает ящики стола.

— Вы заметили, Грегсон, что в квартире нет ни одной личной мелочи? — произнёс наконец детектив. — Ни писем, ни фотографий, ни безделушек. Человек прожил здесь, по вашим словам, три года. А следов его жизни — как у постояльца, съехавшего нынче утром. О чём это говорит?

— О том, что он был аккуратен? — предположил инспектор.

— О том, что он готовился, — поправил Эшфорд. — Человек, который собирается исчезнуть, загодя избавляется от того, что может его выдать или о чём он не желает оставлять память. Далее. Взгляните на засов. Он задвинут, верно. Но посмотрите на эту царапину на раме — свежую, под определённым углом. И на тонкую бечёвку, зацепившуюся за гвоздь у самого пола. Засов, дорогой Грегсон, можно задвинуть и снаружи — если знать как. Старый трюк: бечёвка, продетая определённым образом, тянет засов, а затем выдёргивается в щель под дверью. Никакой чертовщины. Только терпение и сноровка.

Грегсон слушал, открыв рот, и доктор Хейл в который раз поразился тому, как просто становится необъяснимое, стоит лишь Эшфорду приложить к нему свой метод. Загадка запертой комнаты, перед которой спасовала вся полиция, рассыпалась в прах за четверть часа — не потому, что детектив знал какой-то секрет, а потому, что он смотрел туда, куда другие не догадывались взглянуть. Свежая царапина, обрывок бечёвки, отсутствие личных вещей — мелочи, мимо которых прошли бы все, складывались в его руках в стройную и неопровержимую картину. И всё же сам Эшфорд считал эту разгадку лишь скучной механикой, ожидая впереди задачи поинтереснее.

Грегсон побагровел.

— Значит, его выкрали? Или он сам?..

— Он сам, — спокойно сказал Эшфорд. — Никакого похищения. Человек тщательно подготовился, убрал всё личное, инсценировал исчезновение из запертой комнаты, чтобы его искали здесь и именно как жертву загадочного преступления. Вопрос, который должен нас занимать, не «как», Хейл. «Как» я вам уже объяснил. Настоящий вопрос — «почему». Зачем добропорядочному банковскому клерку с такой изобретательностью бежать от собственной жизни? Вот где кроется суть дела. А ответ на «почему» всегда лежит не в комнате, а в человеке.

И детектив, заложив руки за спину, отвернулся к окну, за которым клубился туман, обдумывая уже не способ, а причину.',
        'Метод наблюдения', 'Квартира пропавшего клерка была невелика и опрятна — слишком опрятна, как сразу отметил Эшфорд. Инспектор Грегсон, грузный и красный от досады, встретил их на пороге и развёл руками.

— Сами видите, мистер Эшфорд. Дверь была на засове изнутри, мы её взламывали. Окна заперты. Дымоход слишком узок. Человек не мог выйти — и всё же его нет. Чертовщина какая-то.

Эшфорд не ответил. Он уже скользил по комнате своим особенным, всё подмечающим взглядом — тем самым, что видел там, где другие лишь смотрели. Доктор Хейл, знавший этот метод, молча наблюдал, как друг опускается на колени у камина, разглядывает ковёр, изучает запертое окно, выдвигает ящики стола.

— Вы заметили, Грегсон, что в квартире нет ни одной личной мелочи? — произнёс наконец детектив. — Ни писем, ни фотографий, ни безделушек. Человек прожил здесь, по вашим словам, три года. А следов его жизни — как у постояльца, съехавшего нынче утром. О чём это говорит?

— О том, что он был аккуратен? — предположил инспектор.

— О том, что он готовился, — поправил Эшфорд. — Человек, который собирается исчезнуть, загодя избавляется от того, что может его выдать или о чём он не желает оставлять память. Далее. Взгляните на засов. Он задвинут, верно. Но посмотрите на эту царапину на раме — свежую, под определённым углом. И на тонкую бечёвку, зацепившуюся за гвоздь у самого пола. Засов, дорогой Грегсон, можно задвинуть и снаружи — если знать как. Старый трюк: бечёвка, продетая определённым образом, тянет засов, а затем выдёргивается в щель под дверью. Никакой чертовщины. Только терпение и сноровка.

Грегсон слушал, открыв рот, и доктор Хейл в который раз поразился тому, как просто становится необъяснимое, стоит лишь Эшфорду приложить к нему свой метод. Загадка запертой комнаты, перед которой спасовала вся полиция, рассыпалась в прах за четверть часа — не потому, что детектив знал какой-то секрет, а потому, что он смотрел туда, куда другие не догадывались взглянуть. Свежая царапина, обрывок бечёвки, отсутствие личных вещей — мелочи, мимо которых прошли бы все, складывались в его руках в стройную и неопровержимую картину. И всё же сам Эшфорд считал эту разгадку лишь скучной механикой, ожидая впереди задачи поинтереснее.

Грегсон побагровел.

— Значит, его выкрали? Или он сам?..

— Он сам, — спокойно сказал Эшфорд. — Никакого похищения. Человек тщательно подготовился, убрал всё личное, инсценировал исчезновение из запертой комнаты, чтобы его искали здесь и именно как жертву загадочного преступления. Вопрос, который должен нас занимать, не «как», Хейл. «Как» я вам уже объяснил. Настоящий вопрос — «почему». Зачем добропорядочному банковскому клерку с такой изобретательностью бежать от собственной жизни? Вот где кроется суть дела. А ответ на «почему» всегда лежит не в комнате, а в человеке.

И детектив, заложив руки за спину, отвернулся к окну, за которым клубился туман, обдумывая уже не способ, а причину.', 'published', '2026-02-21T12:00:00+00:00', '2026-02-21T13:00:00+00:00');
    INSERT INTO chapters (id, story_id, title, content, draft_title, draft_content, status, created_at, updated_at) VALUES (
        '49e428f4-6b0b-5c80-b173-0566d8addb06', '11acb9b6-0358-5b92-928a-7e30321c3c9d', 'Почему, а не как', 'Установить «как» оказалось делом одного утра. Установить «почему» потребовало погружения в жизнь пропавшего, и Эшфорд занялся этим со свойственной ему методичностью. Он опросил сослуживцев клерка, навёл справки в банке, изучил его привычки и долги — и постепенно перед ним сложился портрет человека, доведённого до отчаяния.

— Картина проясняется, Хейл, — говорил он вечером, расхаживая по комнате. — Наш мистер Кроуфорд был честным клерком до того дня, когда совершил ошибку. Не злодейство — именно ошибку. Он по неосторожности допустил недостачу в банковских счетах. Сумма была невелика, и он сумел бы её покрыть, но обнаружилось другое: некий человек узнал об этой оплошности и принялся его шантажировать.

Чем глубже Эшфорд погружался в обстоятельства дела, тем яснее проступала перед ним невесёлая правда о человеческой природе. Шантаж он считал самым низким из преступлений — не дерзким, как грабёж, не страстным, как убийство в запале, а холодным, расчётливым, питающимся чужим страхом и чужими ошибками. Шантажист не отнимает кошелёк — он отнимает покой, превращая каждый день жертвы в пытку ожиданием разоблачения. И Кроуфорд, оступившийся однажды и заплативший за это годами ужаса, был в глазах детектива куда менее виновен, чем тот, кто наживался на его слабости. Эту разницу закон видел не всегда. А Эшфорд видел всегда.

— Шантаж, — нахмурился доктор. — Так вот в чём дело.

— Именно. Шантажист тянул из него деньги месяц за месяцем, грозя погубить и репутацию, и карьеру. Кроуфорд платил, пока мог. А когда платить стало нечем, перед ним встал выбор: разоблачение и тюрьма — или исчезновение. Он выбрал второе. Тщательно подготовился, инсценировал загадочную пропажу и скрылся, оставив всех, включая шантажиста, в недоумении. Согласитесь, в своём роде это даже остроумно. Он сбежал не от закона. Он сбежал от человека, превратившего его жизнь в ад.

Доктор Хейл задумался.

— Но если так, — медленно произнёс он, — то Кроуфорд скорее жертва, чем преступник. А настоящий злодей здесь — шантажист, который остался безнаказанным.

Эшфорд остановился и посмотрел на друга с одобрением.

— Вот, Хейл, почему я держу вас при себе. Вы всегда нащупываете нравственную суть дела, пока я увлечён его механикой. Вы совершенно правы. Закон, найди он Кроуфорда, наказал бы беглеца за недостачу и инсценировку. А шантажист, истинный виновник всех бед, ускользнул бы, как ускользал всегда. Вот почему я не намерен передавать Грегсону то, что узнал. Пока.

— Что же вы намерены делать? — спросил доктор.

— Найти не жертву, а охотника, — ответил детектив, и глаза его блеснули. — Кроуфорд хорошо спрятался, не будем его тревожить. А вот шантажиста, который, я уверен, уже присматривает новую добычу, мы выведем на чистую воду. Это, друг мой, и есть настоящее правосудие — не то, что записано в книгах, а то, что воздаёт по справедливости. Подайте мне справочник и не ложитесь рано. Сегодня мы расставим сеть.',
        'Почему, а не как', 'Установить «как» оказалось делом одного утра. Установить «почему» потребовало погружения в жизнь пропавшего, и Эшфорд занялся этим со свойственной ему методичностью. Он опросил сослуживцев клерка, навёл справки в банке, изучил его привычки и долги — и постепенно перед ним сложился портрет человека, доведённого до отчаяния.

— Картина проясняется, Хейл, — говорил он вечером, расхаживая по комнате. — Наш мистер Кроуфорд был честным клерком до того дня, когда совершил ошибку. Не злодейство — именно ошибку. Он по неосторожности допустил недостачу в банковских счетах. Сумма была невелика, и он сумел бы её покрыть, но обнаружилось другое: некий человек узнал об этой оплошности и принялся его шантажировать.

Чем глубже Эшфорд погружался в обстоятельства дела, тем яснее проступала перед ним невесёлая правда о человеческой природе. Шантаж он считал самым низким из преступлений — не дерзким, как грабёж, не страстным, как убийство в запале, а холодным, расчётливым, питающимся чужим страхом и чужими ошибками. Шантажист не отнимает кошелёк — он отнимает покой, превращая каждый день жертвы в пытку ожиданием разоблачения. И Кроуфорд, оступившийся однажды и заплативший за это годами ужаса, был в глазах детектива куда менее виновен, чем тот, кто наживался на его слабости. Эту разницу закон видел не всегда. А Эшфорд видел всегда.

— Шантаж, — нахмурился доктор. — Так вот в чём дело.

— Именно. Шантажист тянул из него деньги месяц за месяцем, грозя погубить и репутацию, и карьеру. Кроуфорд платил, пока мог. А когда платить стало нечем, перед ним встал выбор: разоблачение и тюрьма — или исчезновение. Он выбрал второе. Тщательно подготовился, инсценировал загадочную пропажу и скрылся, оставив всех, включая шантажиста, в недоумении. Согласитесь, в своём роде это даже остроумно. Он сбежал не от закона. Он сбежал от человека, превратившего его жизнь в ад.

Доктор Хейл задумался.

— Но если так, — медленно произнёс он, — то Кроуфорд скорее жертва, чем преступник. А настоящий злодей здесь — шантажист, который остался безнаказанным.

Эшфорд остановился и посмотрел на друга с одобрением.

— Вот, Хейл, почему я держу вас при себе. Вы всегда нащупываете нравственную суть дела, пока я увлечён его механикой. Вы совершенно правы. Закон, найди он Кроуфорда, наказал бы беглеца за недостачу и инсценировку. А шантажист, истинный виновник всех бед, ускользнул бы, как ускользал всегда. Вот почему я не намерен передавать Грегсону то, что узнал. Пока.

— Что же вы намерены делать? — спросил доктор.

— Найти не жертву, а охотника, — ответил детектив, и глаза его блеснули. — Кроуфорд хорошо спрятался, не будем его тревожить. А вот шантажиста, который, я уверен, уже присматривает новую добычу, мы выведем на чистую воду. Это, друг мой, и есть настоящее правосудие — не то, что записано в книгах, а то, что воздаёт по справедливости. Подайте мне справочник и не ложитесь рано. Сегодня мы расставим сеть.', 'published', '2026-02-22T12:00:00+00:00', '2026-02-22T13:00:00+00:00');
    INSERT INTO chapters (id, story_id, title, content, draft_title, draft_content, status, created_at, updated_at) VALUES (
        '58ee424d-0181-51b8-b7ea-ad424bf29c01', '11acb9b6-0358-5b92-928a-7e30321c3c9d', 'Сеть для охотника', 'План Эшфорда был дерзок и прост, как всё, что он придумывал. Раз шантажист охотится на оступившихся людей со страхом в глазах, нужно дать ему такую жертву — поддельную. И Эшфорд, мастер перевоплощений, взялся сыграть её сам.

Перевоплощение было одним из тайных искусств Эшфорда, которым он владел не хуже самого ремесла дедукции. Он умел не просто наклеить бакенбарды и сменить платье — он перенимал походку, голос, самую душу человека, которого изображал, до того, что и близкие знакомые проходили мимо, не узнавая. Доктор Хейл не раз бывал свидетелем этих превращений и всё равно поражался каждому. Вот и теперь, глядя, как его друг на глазах превращается в робкого, затравленного банковского служащего, доктор понимал: ни один шантажист не заподозрит подвоха. Наживка будет безупречна. Оставалось лишь дождаться, когда хищник на неё клюнет.

Через своих многочисленных осведомителей он пустил слух о новом банковском служащем, якобы по уши увязшем в долгах и совершившем растрату. Слух был составлен так искусно, с такими правдоподобными подробностями, что не клюнуть на него хищник не мог. И наживка сработала. Не прошло и недели, как «новому служащему» — то есть загримированному Эшфорду — назначили встречу в укромном уголке, чтобы предложить «сохранить тайну за умеренную плату».

Доктор Хейл, затаившись неподалёку с револьвером, наблюдал, как к скамье в туманном сквере подсаживается невзрачный человек с цепким взглядом — тот самый шантажист. Он был вежлив, обходителен и оттого ещё отвратительнее. Он говорил тихие, страшные слова о репутации, о тюрьме, о цене молчания — и не подозревал, что перед ним не дрожащая жертва, а ловушка.

Эшфорд дал ему высказать всё. Дал назвать сумму, изложить угрозы, во всех подробностях обрисовать преступную сделку — а в кустах за спиной шантажиста инспектор Грегсон с двумя констеблями записывал каждое слово. И когда хищник окончательно выдал себя, детектив снял грим одним движением.

— Боюсь, сделка не состоится, — сказал он своим обычным голосом. — Зато состоится арест. Грегсон, он ваш. И, полагаю, с такими свидетелями и таким количеством улик даже вы не упустите его.

Шантажист был взят с поличным. Выяснилось, что Кроуфорд был далеко не первой его жертвой — целая вереница погубленных судеб тянулась за этим тихим человеком, и теперь каждая из них могла наконец обрести справедливость.

— А что же Кроуфорд? — спросил доктор Хейл, когда они возвращались домой сквозь редеющий туман. — Вы так и не выдали его.

— И не выдам, — ответил Эшфорд. — Он совершил ошибку и заплатил за неё годами страха — довольно. Шантажист в тюрьме, угроза снята. Пусть Кроуфорд, где бы он ни был, однажды узнает из газет, что его мучитель пойман, и вернётся к жизни, если захочет. Видите ли, Хейл, закон ловит виновных. А наше с вами ремесло, если оно чего-то стоит, иногда должно ещё и отличать виноватого от несчастного. Это, признаюсь, куда труднее любой запертой комнаты — и куда важнее.',
        'Сеть для охотника', 'План Эшфорда был дерзок и прост, как всё, что он придумывал. Раз шантажист охотится на оступившихся людей со страхом в глазах, нужно дать ему такую жертву — поддельную. И Эшфорд, мастер перевоплощений, взялся сыграть её сам.

Перевоплощение было одним из тайных искусств Эшфорда, которым он владел не хуже самого ремесла дедукции. Он умел не просто наклеить бакенбарды и сменить платье — он перенимал походку, голос, самую душу человека, которого изображал, до того, что и близкие знакомые проходили мимо, не узнавая. Доктор Хейл не раз бывал свидетелем этих превращений и всё равно поражался каждому. Вот и теперь, глядя, как его друг на глазах превращается в робкого, затравленного банковского служащего, доктор понимал: ни один шантажист не заподозрит подвоха. Наживка будет безупречна. Оставалось лишь дождаться, когда хищник на неё клюнет.

Через своих многочисленных осведомителей он пустил слух о новом банковском служащем, якобы по уши увязшем в долгах и совершившем растрату. Слух был составлен так искусно, с такими правдоподобными подробностями, что не клюнуть на него хищник не мог. И наживка сработала. Не прошло и недели, как «новому служащему» — то есть загримированному Эшфорду — назначили встречу в укромном уголке, чтобы предложить «сохранить тайну за умеренную плату».

Доктор Хейл, затаившись неподалёку с револьвером, наблюдал, как к скамье в туманном сквере подсаживается невзрачный человек с цепким взглядом — тот самый шантажист. Он был вежлив, обходителен и оттого ещё отвратительнее. Он говорил тихие, страшные слова о репутации, о тюрьме, о цене молчания — и не подозревал, что перед ним не дрожащая жертва, а ловушка.

Эшфорд дал ему высказать всё. Дал назвать сумму, изложить угрозы, во всех подробностях обрисовать преступную сделку — а в кустах за спиной шантажиста инспектор Грегсон с двумя констеблями записывал каждое слово. И когда хищник окончательно выдал себя, детектив снял грим одним движением.

— Боюсь, сделка не состоится, — сказал он своим обычным голосом. — Зато состоится арест. Грегсон, он ваш. И, полагаю, с такими свидетелями и таким количеством улик даже вы не упустите его.

Шантажист был взят с поличным. Выяснилось, что Кроуфорд был далеко не первой его жертвой — целая вереница погубленных судеб тянулась за этим тихим человеком, и теперь каждая из них могла наконец обрести справедливость.

— А что же Кроуфорд? — спросил доктор Хейл, когда они возвращались домой сквозь редеющий туман. — Вы так и не выдали его.

— И не выдам, — ответил Эшфорд. — Он совершил ошибку и заплатил за неё годами страха — довольно. Шантажист в тюрьме, угроза снята. Пусть Кроуфорд, где бы он ни был, однажды узнает из газет, что его мучитель пойман, и вернётся к жизни, если захочет. Видите ли, Хейл, закон ловит виновных. А наше с вами ремесло, если оно чего-то стоит, иногда должно ещё и отличать виноватого от несчастного. Это, признаюсь, куда труднее любой запертой комнаты — и куда важнее.', 'published', '2026-02-23T12:00:00+00:00', '2026-02-23T13:00:00+00:00');

    -- [31] Квартирантка с Бейкер-стрит (sherlock)
    INSERT INTO stories (id, slug, title, status, author_id, ai_summary, created_at, updated_at) VALUES (
        '2d49bbb2-645b-5d76-a9f0-5155dcc4d297', 'sherlock-kvartirantka-s-beyker-strit', 'Квартирантка с Бейкер-стрит', 'published', v_author_id, 'Молодая гувернантка снимает комнату у знаменитого детектива и неожиданно для себя становится его ученицей. Оказывается, наблюдательность — это не дар, а навык, которому можно научиться.',
        '2026-02-18T12:00:00+00:00', '2026-04-19T12:00:00+00:00');
    INSERT INTO story_tags (story_id, tag_id) VALUES ('2d49bbb2-645b-5d76-a9f0-5155dcc4d297', '10000001-0001-4001-8001-000000000007');
    INSERT INTO story_tags (story_id, tag_id) VALUES ('2d49bbb2-645b-5d76-a9f0-5155dcc4d297', '10000004-0004-4004-8004-000000000001');
    INSERT INTO story_tags (story_id, tag_id) VALUES ('2d49bbb2-645b-5d76-a9f0-5155dcc4d297', '10000005-0005-4005-8005-000000000003');
    INSERT INTO story_tags (story_id, tag_id) VALUES ('2d49bbb2-645b-5d76-a9f0-5155dcc4d297', '10000006-0006-4006-8006-000000000001');
    INSERT INTO story_tags (story_id, tag_id) VALUES ('2d49bbb2-645b-5d76-a9f0-5155dcc4d297', '10000002-0002-4002-8002-000000000003');
    INSERT INTO story_tags (story_id, tag_id) VALUES ('2d49bbb2-645b-5d76-a9f0-5155dcc4d297', '10000002-0002-4002-8002-000000000002');
    INSERT INTO chapters (id, story_id, title, content, draft_title, draft_content, status, created_at, updated_at) VALUES (
        'f7af9e38-45f6-5827-a48b-c9ef33fb4f5a', '2d49bbb2-645b-5d76-a9f0-5155dcc4d297', 'Комната с видом на загадку', 'Мисс Эвелин Грей искала недорогую комнату и по объявлению попала в дом, о котором ходила по городу самая разная молва. Хозяином оказался знаменитый консультирующий детектив — человек резкий, рассеянный и, как выяснилось, совершенно неспособный к обычной светской беседе.

— Вы гувернантка, недавно потерявшая место, приехали из провинции, у вас близорукость, которую вы скрываете, и привычка экономить на всём, кроме книг, — выпалил он вместо приветствия, едва она вошла. — Комната ваша, плата вперёд, шуметь после десяти запрещаю.

Эвелин, вместо того чтобы оскорбиться или испугаться, как поступило бы большинство, лишь приподняла бровь.

— Поразительно, — сказала она спокойно. — И, осмелюсь заметить, наполовину неверно. Я действительно гувернантка и действительно из провинции. Но место я не потеряла, а оставила сама. И книги — единственное, на что я не жалею денег, тут вы правы. А вот близорукости у меня нет; я щурюсь, потому что в вашей прихожей царит полумрак, в котором немудрено споткнуться.

В этом коротком обмене репликами решилась, сама того не ведая, вся её дальнейшая судьба. Эвелин Грей не принадлежала к тем робким барышням, что падают в обморок от резкого слова; годы службы гувернанткой в чужих домах закалили её, научили держать удар и не теряться перед сильными мира сего. Но дело было не только в выдержке. В ней жил живой, цепкий ум, который годами томился без настоящей пищи среди детских прописей и нотных тетрадей. И сейчас, скрестив словесные шпаги со знаменитым детективом, она впервые за долгое время почувствовала, как этот ум просыпается и расправляет крылья. Она ещё не знала, к чему приведёт эта случайная встреча, но что-то подсказывало ей: порог этого странного дома она переступила не зря, и прежняя её жизнь, размеренная и предсказуемая, осталась там, за дверью, в туманном прошлом.

Детектив, привыкший повергать собеседников в трепет, замолчал и посмотрел на новую квартирантку внимательнее. Лицо его выразило нечто среднее между раздражением и любопытством.

— Вы поправили меня, — произнёс он медленно. — Это случается нечасто. И, что любопытно, по существу. Вы рассуждали, а не обиделись. Большинство людей на вашем месте захлопнули бы дверь.

— Большинство людей, — отозвалась Эвелин, снимая перчатки, — тратят время на обиды там, где интереснее разобраться. Я предпочитаю разбираться. Так где, вы сказали, моя комната?

Так Эвелин Грей поселилась на Бейкер-стрит и сама не заметила, как её размеренная жизнь гувернантки превратилась в нечто куда более удивительное. Ибо квартирантка оказалась наблюдательна от природы, а хозяин, при всей своей нелюдимости, не мог устоять перед искушением обучить ум, который проявлял задатки. Сначала это были случайные замечания за завтраком. Потом — маленькие задачки, которые он подбрасывал ей будто невзначай. А вскоре Эвелин с изумлением обнаружила, что учится у знаменитого детектива его удивительному ремеслу — и что у неё, оказывается, к нему недюжинные способности.',
        'Комната с видом на загадку', 'Мисс Эвелин Грей искала недорогую комнату и по объявлению попала в дом, о котором ходила по городу самая разная молва. Хозяином оказался знаменитый консультирующий детектив — человек резкий, рассеянный и, как выяснилось, совершенно неспособный к обычной светской беседе.

— Вы гувернантка, недавно потерявшая место, приехали из провинции, у вас близорукость, которую вы скрываете, и привычка экономить на всём, кроме книг, — выпалил он вместо приветствия, едва она вошла. — Комната ваша, плата вперёд, шуметь после десяти запрещаю.

Эвелин, вместо того чтобы оскорбиться или испугаться, как поступило бы большинство, лишь приподняла бровь.

— Поразительно, — сказала она спокойно. — И, осмелюсь заметить, наполовину неверно. Я действительно гувернантка и действительно из провинции. Но место я не потеряла, а оставила сама. И книги — единственное, на что я не жалею денег, тут вы правы. А вот близорукости у меня нет; я щурюсь, потому что в вашей прихожей царит полумрак, в котором немудрено споткнуться.

В этом коротком обмене репликами решилась, сама того не ведая, вся её дальнейшая судьба. Эвелин Грей не принадлежала к тем робким барышням, что падают в обморок от резкого слова; годы службы гувернанткой в чужих домах закалили её, научили держать удар и не теряться перед сильными мира сего. Но дело было не только в выдержке. В ней жил живой, цепкий ум, который годами томился без настоящей пищи среди детских прописей и нотных тетрадей. И сейчас, скрестив словесные шпаги со знаменитым детективом, она впервые за долгое время почувствовала, как этот ум просыпается и расправляет крылья. Она ещё не знала, к чему приведёт эта случайная встреча, но что-то подсказывало ей: порог этого странного дома она переступила не зря, и прежняя её жизнь, размеренная и предсказуемая, осталась там, за дверью, в туманном прошлом.

Детектив, привыкший повергать собеседников в трепет, замолчал и посмотрел на новую квартирантку внимательнее. Лицо его выразило нечто среднее между раздражением и любопытством.

— Вы поправили меня, — произнёс он медленно. — Это случается нечасто. И, что любопытно, по существу. Вы рассуждали, а не обиделись. Большинство людей на вашем месте захлопнули бы дверь.

— Большинство людей, — отозвалась Эвелин, снимая перчатки, — тратят время на обиды там, где интереснее разобраться. Я предпочитаю разбираться. Так где, вы сказали, моя комната?

Так Эвелин Грей поселилась на Бейкер-стрит и сама не заметила, как её размеренная жизнь гувернантки превратилась в нечто куда более удивительное. Ибо квартирантка оказалась наблюдательна от природы, а хозяин, при всей своей нелюдимости, не мог устоять перед искушением обучить ум, который проявлял задатки. Сначала это были случайные замечания за завтраком. Потом — маленькие задачки, которые он подбрасывал ей будто невзначай. А вскоре Эвелин с изумлением обнаружила, что учится у знаменитого детектива его удивительному ремеслу — и что у неё, оказывается, к нему недюжинные способности.', 'published', '2026-02-18T12:00:00+00:00', '2026-02-18T13:00:00+00:00');
    INSERT INTO chapters (id, story_id, title, content, draft_title, draft_content, status, created_at, updated_at) VALUES (
        '128ff496-1edb-53bb-998d-a49680d18da5', '2d49bbb2-645b-5d76-a9f0-5155dcc4d297', 'Уроки за завтраком', 'Обучение шло странно — без всякой системы, урывками, чаще всего за завтраком, когда детектив бывал в относительно сносном расположении духа. Он не объяснял правил. Он просто требовал, чтобы Эвелин смотрела — и видела.

— Вот молочник, который принёс утром бидоны, — говорил он, кивая на окно. — Что вы о нём скажете?

Поначалу Эвелин терялась. Молочник как молочник. Но детектив был неумолим, и постепенно она научилась замечать то, мимо чего скользила прежде: что у молочника новые башмаки, но старая куртка — значит, недавно случились непредвиденные расходы на обувь; что он прихрамывает на левую ногу к концу обхода, но не в начале — значит, усталость, а не увечье; что он сменил маршрут — значит, на прежнем что-то переменилось.

— Вы не угадываете, — втолковывал ей детектив. — Угадывают глупцы и гадалки. Вы наблюдаете и делаете вывод. Между этими вещами та же разница, что между болтовнёй и наукой. Большинство людей всю жизнь смотрят, но не видят. Глаза у них есть, а внимания нет. Наблюдательность, мисс Грей, — это не дар свыше, как принято думать. Это навык. Мышца, которую можно натренировать упражнением, как любую другую. И вы, к моему удивлению, тренируете её на редкость прилежно.

Эти уроки за завтраком стали для Эвелин самым дорогим временем дня. В них не было ни строгого расписания, ни учебников, ни той сухой назидательности, какой полнилось её собственное преподавание. Был лишь живой ум наставника, играючи перебрасывавшийся с ней наблюдениями, и азарт совместной разгадки. Эвелин ловила себя на том, что начинает смотреть на мир иначе — не скользить по нему рассеянным взглядом, а читать его, как читают увлекательную книгу. Прохожие, экипажи, витрины лавок, даже грязь на сапогах посыльного — всё вдруг обрело смысл, всё что-то рассказывало тому, кто умел слушать. Мир, прежде плоский, обрёл глубину.

Эвелин ловила каждое слово. Она и вправду оказалась способной ученицей — отчасти потому, что годы работы гувернанткой приучили её к терпению и вниманию к мелочам, отчасти потому, что в ней горело то же неугасимое любопытство, что и в её наставнике.

Скоро она начала замечать вещи и сама, без подсказки. За тем же завтраком она вдруг сказала детективу, что у того, должно быть, выдалась бессонная ночь над химическим опытом — судя по пятну реактива на манжете, по запаху и по тому, что он положил в чай три ложки сахару вместо обычной одной (верный признак усталости). Детектив замер с чашкой в руке, а потом по его узкому лицу скользнуло то, чего Эвелин не видела у него никогда, — улыбка.

— А вы делаете успехи, мисс Грей, — сказал он. — Пожалуй, скоро я смогу доверить вам кое-что посерьёзнее молочника.',
        'Уроки за завтраком', 'Обучение шло странно — без всякой системы, урывками, чаще всего за завтраком, когда детектив бывал в относительно сносном расположении духа. Он не объяснял правил. Он просто требовал, чтобы Эвелин смотрела — и видела.

— Вот молочник, который принёс утром бидоны, — говорил он, кивая на окно. — Что вы о нём скажете?

Поначалу Эвелин терялась. Молочник как молочник. Но детектив был неумолим, и постепенно она научилась замечать то, мимо чего скользила прежде: что у молочника новые башмаки, но старая куртка — значит, недавно случились непредвиденные расходы на обувь; что он прихрамывает на левую ногу к концу обхода, но не в начале — значит, усталость, а не увечье; что он сменил маршрут — значит, на прежнем что-то переменилось.

— Вы не угадываете, — втолковывал ей детектив. — Угадывают глупцы и гадалки. Вы наблюдаете и делаете вывод. Между этими вещами та же разница, что между болтовнёй и наукой. Большинство людей всю жизнь смотрят, но не видят. Глаза у них есть, а внимания нет. Наблюдательность, мисс Грей, — это не дар свыше, как принято думать. Это навык. Мышца, которую можно натренировать упражнением, как любую другую. И вы, к моему удивлению, тренируете её на редкость прилежно.

Эти уроки за завтраком стали для Эвелин самым дорогим временем дня. В них не было ни строгого расписания, ни учебников, ни той сухой назидательности, какой полнилось её собственное преподавание. Был лишь живой ум наставника, играючи перебрасывавшийся с ней наблюдениями, и азарт совместной разгадки. Эвелин ловила себя на том, что начинает смотреть на мир иначе — не скользить по нему рассеянным взглядом, а читать его, как читают увлекательную книгу. Прохожие, экипажи, витрины лавок, даже грязь на сапогах посыльного — всё вдруг обрело смысл, всё что-то рассказывало тому, кто умел слушать. Мир, прежде плоский, обрёл глубину.

Эвелин ловила каждое слово. Она и вправду оказалась способной ученицей — отчасти потому, что годы работы гувернанткой приучили её к терпению и вниманию к мелочам, отчасти потому, что в ней горело то же неугасимое любопытство, что и в её наставнике.

Скоро она начала замечать вещи и сама, без подсказки. За тем же завтраком она вдруг сказала детективу, что у того, должно быть, выдалась бессонная ночь над химическим опытом — судя по пятну реактива на манжете, по запаху и по тому, что он положил в чай три ложки сахару вместо обычной одной (верный признак усталости). Детектив замер с чашкой в руке, а потом по его узкому лицу скользнуло то, чего Эвелин не видела у него никогда, — улыбка.

— А вы делаете успехи, мисс Грей, — сказал он. — Пожалуй, скоро я смогу доверить вам кое-что посерьёзнее молочника.', 'published', '2026-02-19T12:00:00+00:00', '2026-02-19T13:00:00+00:00');
    INSERT INTO chapters (id, story_id, title, content, draft_title, draft_content, status, created_at, updated_at) VALUES (
        '7ba1af55-8e9b-5c59-9d61-21944e9aca79', '2d49bbb2-645b-5d76-a9f0-5155dcc4d297', 'Первое самостоятельное дело', 'Случай представился скоро. К детективу обратилась перепуганная женщина — её сестра, компаньонка богатой пожилой дамы, внезапно лишилась места и доброго имени: хозяйка обвинила её в краже дорогого кольца. Доказательств не было, но и оправдаться девушка не могла, а пятно на репутации компаньонки означало конец карьеры.

Эвелин понимала, как много стоит за этим скромным с виду делом. Для богатой дамы пропавшее кольцо было досадной мелочью, для полиции — пустяком, не стоящим внимания. Но для оклеветанной компаньонки это был вопрос всей жизни: лишённая доброго имени, она не нашла бы больше ни одного места, ибо кто возьмёт в дом прислугу, заподозренную в краже? Одно неосторожное обвинение грозило сломать судьбу ни в чём не повинного человека. И Эвелин, сама прошедшая через унижения зависимого положения, чувствовала эту несправедливость особенно остро. Она бралась за дело не ради упражнения в дедукции, а ради живой души, которой грозила беда.

Детектив был занят другим, куда более громким делом и, к удивлению просительницы, повернулся к Эвелин.

— Возьмитесь вы, мисс Грей, — сказал он. — Дело пустяковое для меня, но прекрасное для вас. Поезжайте, наблюдайте, рассуждайте. Я буду рядом, если понадоблюсь. Но решать будете сами.

Эвелин испугалась и обрадовалась разом. Она отправилась в дом пожилой дамы под видом новой компаньонки и принялась за то, чему училась, — смотреть и видеть. И очень скоро мелочи начали складываться в картину. Хозяйка была не злой, но забывчивой — Эвелин заметила, как та постоянно теряет вещи и винит в этом прислугу. Кольцо, по словам всех, в последний раз видели на её руке.

Эвелин обратила внимание на привычки старой дамы: та любила возиться в саду, перебирать комнатные цветы, кормить птиц. И ещё — снимала кольца, когда мыла руки, и клала куда придётся. Молодая сыщица не стала никого допрашивать. Вместо этого она тщательно осмотрела те места, где хозяйка бывала в день пропажи, — и в горшке с фиалкой, куда дама запускала пальцы, рыхля землю, блеснуло пропавшее кольцо. Старушка попросту обронила его сама, как роняла десятки других вещей, а потом, не помня этого, обвинила невинную компаньонку.

— Вы не искали вора, — сказал детектив, когда Эвелин, сияя, доложила ему о раскрытом деле. — Вы усомнились в том, что вор вообще был. Это и есть высшая ступень нашего ремесла. Глупец ищет виновного. Умный сперва спрашивает себя, было ли преступление. Вы оправдали невинную не блестящей догадкой, а тем, что отказались принять чужую поспешную версию на веру и проверили всё сами. Я горжусь вами, мисс Грей. А я, поверьте, горжусь немногими.

Эвелин зарделась от похвалы, которую — она знала — её скупой на чувства наставник не раздавал зря.',
        'Первое самостоятельное дело', 'Случай представился скоро. К детективу обратилась перепуганная женщина — её сестра, компаньонка богатой пожилой дамы, внезапно лишилась места и доброго имени: хозяйка обвинила её в краже дорогого кольца. Доказательств не было, но и оправдаться девушка не могла, а пятно на репутации компаньонки означало конец карьеры.

Эвелин понимала, как много стоит за этим скромным с виду делом. Для богатой дамы пропавшее кольцо было досадной мелочью, для полиции — пустяком, не стоящим внимания. Но для оклеветанной компаньонки это был вопрос всей жизни: лишённая доброго имени, она не нашла бы больше ни одного места, ибо кто возьмёт в дом прислугу, заподозренную в краже? Одно неосторожное обвинение грозило сломать судьбу ни в чём не повинного человека. И Эвелин, сама прошедшая через унижения зависимого положения, чувствовала эту несправедливость особенно остро. Она бралась за дело не ради упражнения в дедукции, а ради живой души, которой грозила беда.

Детектив был занят другим, куда более громким делом и, к удивлению просительницы, повернулся к Эвелин.

— Возьмитесь вы, мисс Грей, — сказал он. — Дело пустяковое для меня, но прекрасное для вас. Поезжайте, наблюдайте, рассуждайте. Я буду рядом, если понадоблюсь. Но решать будете сами.

Эвелин испугалась и обрадовалась разом. Она отправилась в дом пожилой дамы под видом новой компаньонки и принялась за то, чему училась, — смотреть и видеть. И очень скоро мелочи начали складываться в картину. Хозяйка была не злой, но забывчивой — Эвелин заметила, как та постоянно теряет вещи и винит в этом прислугу. Кольцо, по словам всех, в последний раз видели на её руке.

Эвелин обратила внимание на привычки старой дамы: та любила возиться в саду, перебирать комнатные цветы, кормить птиц. И ещё — снимала кольца, когда мыла руки, и клала куда придётся. Молодая сыщица не стала никого допрашивать. Вместо этого она тщательно осмотрела те места, где хозяйка бывала в день пропажи, — и в горшке с фиалкой, куда дама запускала пальцы, рыхля землю, блеснуло пропавшее кольцо. Старушка попросту обронила его сама, как роняла десятки других вещей, а потом, не помня этого, обвинила невинную компаньонку.

— Вы не искали вора, — сказал детектив, когда Эвелин, сияя, доложила ему о раскрытом деле. — Вы усомнились в том, что вор вообще был. Это и есть высшая ступень нашего ремесла. Глупец ищет виновного. Умный сперва спрашивает себя, было ли преступление. Вы оправдали невинную не блестящей догадкой, а тем, что отказались принять чужую поспешную версию на веру и проверили всё сами. Я горжусь вами, мисс Грей. А я, поверьте, горжусь немногими.

Эвелин зарделась от похвалы, которую — она знала — её скупой на чувства наставник не раздавал зря.', 'published', '2026-02-20T12:00:00+00:00', '2026-02-20T13:00:00+00:00');
    INSERT INTO chapters (id, story_id, title, content, draft_title, draft_content, status, created_at, updated_at) VALUES (
        '80c0619e-d79f-5fd8-91c4-b3325e720119', '2d49bbb2-645b-5d76-a9f0-5155dcc4d297', 'Глаза, которые видят', 'После того дела всё переменилось. Эвелин Грей перестала быть просто квартиранткой и стала тем, кем не была ещё ни одна женщина в этом ремесле, — помощницей и ученицей знаменитого детектива, а вскоре и сыщицей в своём собственном праве. Дамы, стеснявшиеся доверять свои деликатные дела мужчинам, потянулись к ней, и Эвелин распутывала их одно за другим с терпением и проницательностью, которым позавидовал бы иной инспектор Скотленд-Ярда.

Наставник наблюдал за её успехами с ворчливым удовлетворением. Он по-прежнему был резок, рассеян и невыносим в быту, но Эвелин давно научилась не обижаться на его манеры, а ценить редкие крупицы тепла, которые он ронял будто невзначай.

За годы под одной крышей Эвелин научилась читать своего наставника не хуже, чем он читал прохожих. Она знала, что за его резкостью прячется не злоба, а нетерпение ума, которому скучно среди медлительных людей. Знала, что редкие его похвалы дороже потока чужих комплиментов именно потому, что он не умеет льстить. И знала, что под маской холодного логика теплится — глубоко, тщательно скрываемое — настоящее, живое сердце, способное и на привязанность, и на щедрость. Он не сказал бы этого вслух ни за что на свете. Но то, что он взялся обучить её своему искусству, говорило само за себя.

— Знаете, что было самым трудным, когда я только поселилась здесь? — сказала она ему однажды вечером, когда они сидели у камина каждый над своим делом. — Не ваши колкости. К ним я привыкла за неделю. Трудным было поверить, что я, обыкновенная гувернантка, на это способна. Я ведь всю жизнь думала, что наблюдательность — удел избранных. Что либо ты родился гением, либо нет.

— Распространённое и вредное заблуждение, — отозвался детектив, не поднимая глаз. — Люди обожают объяснять чужие умения «даром», потому что это избавляет их от труда учиться самим. Удобно: раз это дар, значит, мне не дано, и стараться незачем. А правда в том, что почти всё, что я делаю, доступно любому, кто готов смотреть внимательно и думать честно. Я не волшебник, мисс Грей. Я просто человек, который приучил себя замечать. Вы — лучшее тому доказательство.

Эвелин улыбнулась, глядя в огонь.

— Тогда, выходит, ваш главный талант — не наблюдательность, — сказала она. — А упрямство, с которым вы её в себе воспитали. И, пожалуй, щедрость, с которой вы согласились воспитать её в другом.

Детектив хмыкнул, но не возразил — а для него это было всё равно что согласие.

И мисс Эвелин Грей, бывшая гувернантка, а ныне сыщица с Бейкер-стрит, вернулась к своим записям, чувствуя то спокойное счастье, какое даёт человеку найденное наконец своё дело. Глаза, которые научились видеть, она знала теперь, уже не разучатся — и впереди её ждал целый город, полный загадок, и целая жизнь, чтобы их разгадывать.',
        'Глаза, которые видят', 'После того дела всё переменилось. Эвелин Грей перестала быть просто квартиранткой и стала тем, кем не была ещё ни одна женщина в этом ремесле, — помощницей и ученицей знаменитого детектива, а вскоре и сыщицей в своём собственном праве. Дамы, стеснявшиеся доверять свои деликатные дела мужчинам, потянулись к ней, и Эвелин распутывала их одно за другим с терпением и проницательностью, которым позавидовал бы иной инспектор Скотленд-Ярда.

Наставник наблюдал за её успехами с ворчливым удовлетворением. Он по-прежнему был резок, рассеян и невыносим в быту, но Эвелин давно научилась не обижаться на его манеры, а ценить редкие крупицы тепла, которые он ронял будто невзначай.

За годы под одной крышей Эвелин научилась читать своего наставника не хуже, чем он читал прохожих. Она знала, что за его резкостью прячется не злоба, а нетерпение ума, которому скучно среди медлительных людей. Знала, что редкие его похвалы дороже потока чужих комплиментов именно потому, что он не умеет льстить. И знала, что под маской холодного логика теплится — глубоко, тщательно скрываемое — настоящее, живое сердце, способное и на привязанность, и на щедрость. Он не сказал бы этого вслух ни за что на свете. Но то, что он взялся обучить её своему искусству, говорило само за себя.

— Знаете, что было самым трудным, когда я только поселилась здесь? — сказала она ему однажды вечером, когда они сидели у камина каждый над своим делом. — Не ваши колкости. К ним я привыкла за неделю. Трудным было поверить, что я, обыкновенная гувернантка, на это способна. Я ведь всю жизнь думала, что наблюдательность — удел избранных. Что либо ты родился гением, либо нет.

— Распространённое и вредное заблуждение, — отозвался детектив, не поднимая глаз. — Люди обожают объяснять чужие умения «даром», потому что это избавляет их от труда учиться самим. Удобно: раз это дар, значит, мне не дано, и стараться незачем. А правда в том, что почти всё, что я делаю, доступно любому, кто готов смотреть внимательно и думать честно. Я не волшебник, мисс Грей. Я просто человек, который приучил себя замечать. Вы — лучшее тому доказательство.

Эвелин улыбнулась, глядя в огонь.

— Тогда, выходит, ваш главный талант — не наблюдательность, — сказала она. — А упрямство, с которым вы её в себе воспитали. И, пожалуй, щедрость, с которой вы согласились воспитать её в другом.

Детектив хмыкнул, но не возразил — а для него это было всё равно что согласие.

И мисс Эвелин Грей, бывшая гувернантка, а ныне сыщица с Бейкер-стрит, вернулась к своим записям, чувствуя то спокойное счастье, какое даёт человеку найденное наконец своё дело. Глаза, которые научились видеть, она знала теперь, уже не разучатся — и впереди её ждал целый город, полный загадок, и целая жизнь, чтобы их разгадывать.', 'published', '2026-02-21T12:00:00+00:00', '2026-02-21T13:00:00+00:00');

    -- [32] Скрипка в тумане (sherlock)
    INSERT INTO stories (id, slug, title, status, author_id, ai_summary, created_at, updated_at) VALUES (
        'f9044880-ab7e-51df-bcc5-2f82e55244b2', 'sherlock-skripka-v-tumane', 'Скрипка в тумане', 'published', v_author_id, 'Детектив берётся за дело, в котором единственная улика — мелодия, которую кто-то играет на скрипке в одно и то же время каждую ночь. За музыкой скрывается давняя, почти забытая трагедия.',
        '2026-02-16T12:00:00+00:00', '2026-04-18T11:00:00+00:00');
    INSERT INTO story_tags (story_id, tag_id) VALUES ('f9044880-ab7e-51df-bcc5-2f82e55244b2', '10000001-0001-4001-8001-000000000007');
    INSERT INTO story_tags (story_id, tag_id) VALUES ('f9044880-ab7e-51df-bcc5-2f82e55244b2', '10000004-0004-4004-8004-000000000002');
    INSERT INTO story_tags (story_id, tag_id) VALUES ('f9044880-ab7e-51df-bcc5-2f82e55244b2', '10000005-0005-4005-8005-000000000002');
    INSERT INTO story_tags (story_id, tag_id) VALUES ('f9044880-ab7e-51df-bcc5-2f82e55244b2', '10000006-0006-4006-8006-000000000001');
    INSERT INTO story_tags (story_id, tag_id) VALUES ('f9044880-ab7e-51df-bcc5-2f82e55244b2', '10000002-0002-4002-8002-000000000001');
    INSERT INTO story_tags (story_id, tag_id) VALUES ('f9044880-ab7e-51df-bcc5-2f82e55244b2', '10000002-0002-4002-8002-000000000003');
    INSERT INTO chapters (id, story_id, title, content, draft_title, draft_content, status, created_at, updated_at) VALUES (
        '755cdbc6-955a-5e65-8265-0cdf8abbc205', 'f9044880-ab7e-51df-bcc5-2f82e55244b2', 'Мелодия в три часа', 'Дело началось не с трупа и не с кражи, а с жалобы на музыку. Пожилой джентльмен, живущий в респектабельном квартале, пришёл к детективу с необычной просьбой: каждую ночь, ровно в три часа, где-то поблизости кто-то играл на скрипке одну и ту же печальную мелодию. Это длилось уже месяц и сводило его с ума.

Детектив, против своего обыкновения, не торопился отослать странного посетителя. Большинство сочло бы жалобу на ночную музыку пустяком, не стоящим внимания, — но Эшфорд давно усвоил, что необычное редко бывает пустяком. За кажущейся нелепицей — скрипка, играющая одно и то же в один и тот же час, — он сразу почуял нечто более глубокое. Случайность не бывает столь точна. Если кто-то месяц подряд, ночь за ночью, в любую погоду играет в три часа одну и ту же мелодию, значит, за этим стоит не каприз, а закон — закон чьей-то души, надломленной горем. И детектив намеревался этот закон постичь. Ибо за годы своего ремесла Эшфорд твёрдо усвоил: самые глубокие тайны прячутся не за громкими преступлениями, а за тихими, повторяющимися странностями, которые большинство людей просто привыкает не замечать.

— Я обращался в полицию, — жаловался посетитель. — Они подняли меня на смех. Мол, какой состав преступления в том, что кто-то музицирует по ночам? Но вы поймите — это не просто музыка. В ней есть что-то... что-то жуткое. Одна и та же мелодия, в один и тот же час, каждую ночь, в любую погоду. И никто не знает, откуда она доносится. Я обошёл всех соседей — никто не играет. А скрипка звучит.

Детектив, против обыкновения, не отмахнулся. Он подался вперёд, и в глазах его зажёгся интерес.

— Опишите мелодию, — попросил он. — Насколько сумеете.

Джентльмен, как мог, напел несколько тактов — неуверенно, фальшиво, но детективу этого хватило. Лицо его на мгновение изменилось.

— Любопытно, — пробормотал он. — Это старинная колыбельная. Очень редкая. Её почти не играют — слишком печальна. Её пели детям в одной определённой части страны, и пели, как правило, по очень скорбному поводу. Скажите, давно ли в вашем квартале случалось что-нибудь... трагическое? Связанное с ребёнком?

Посетитель растерянно заморгал.

— Я... я не знаю. Я живу здесь недавно. А при чём тут ребёнок?

— Возможно, ни при чём. А возможно, при всём, — ответил детектив, поднимаясь. — Музыка, мой друг, это язык, на котором говорят, когда слова бессильны. Кто-то играет эту колыбельную каждую ночь в один и тот же час не просто так. Это не каприз и не шалость. Это послание. Или, что вернее, — это горе, которое не нашло иного выхода. И я намерен выяснить, чьё. Хейл, ваше пальто. Сегодня ночью мы не ляжем спать. Мы будем слушать.',
        'Мелодия в три часа', 'Дело началось не с трупа и не с кражи, а с жалобы на музыку. Пожилой джентльмен, живущий в респектабельном квартале, пришёл к детективу с необычной просьбой: каждую ночь, ровно в три часа, где-то поблизости кто-то играл на скрипке одну и ту же печальную мелодию. Это длилось уже месяц и сводило его с ума.

Детектив, против своего обыкновения, не торопился отослать странного посетителя. Большинство сочло бы жалобу на ночную музыку пустяком, не стоящим внимания, — но Эшфорд давно усвоил, что необычное редко бывает пустяком. За кажущейся нелепицей — скрипка, играющая одно и то же в один и тот же час, — он сразу почуял нечто более глубокое. Случайность не бывает столь точна. Если кто-то месяц подряд, ночь за ночью, в любую погоду играет в три часа одну и ту же мелодию, значит, за этим стоит не каприз, а закон — закон чьей-то души, надломленной горем. И детектив намеревался этот закон постичь. Ибо за годы своего ремесла Эшфорд твёрдо усвоил: самые глубокие тайны прячутся не за громкими преступлениями, а за тихими, повторяющимися странностями, которые большинство людей просто привыкает не замечать.

— Я обращался в полицию, — жаловался посетитель. — Они подняли меня на смех. Мол, какой состав преступления в том, что кто-то музицирует по ночам? Но вы поймите — это не просто музыка. В ней есть что-то... что-то жуткое. Одна и та же мелодия, в один и тот же час, каждую ночь, в любую погоду. И никто не знает, откуда она доносится. Я обошёл всех соседей — никто не играет. А скрипка звучит.

Детектив, против обыкновения, не отмахнулся. Он подался вперёд, и в глазах его зажёгся интерес.

— Опишите мелодию, — попросил он. — Насколько сумеете.

Джентльмен, как мог, напел несколько тактов — неуверенно, фальшиво, но детективу этого хватило. Лицо его на мгновение изменилось.

— Любопытно, — пробормотал он. — Это старинная колыбельная. Очень редкая. Её почти не играют — слишком печальна. Её пели детям в одной определённой части страны, и пели, как правило, по очень скорбному поводу. Скажите, давно ли в вашем квартале случалось что-нибудь... трагическое? Связанное с ребёнком?

Посетитель растерянно заморгал.

— Я... я не знаю. Я живу здесь недавно. А при чём тут ребёнок?

— Возможно, ни при чём. А возможно, при всём, — ответил детектив, поднимаясь. — Музыка, мой друг, это язык, на котором говорят, когда слова бессильны. Кто-то играет эту колыбельную каждую ночь в один и тот же час не просто так. Это не каприз и не шалость. Это послание. Или, что вернее, — это горе, которое не нашло иного выхода. И я намерен выяснить, чьё. Хейл, ваше пальто. Сегодня ночью мы не ляжем спать. Мы будем слушать.', 'published', '2026-02-16T12:00:00+00:00', '2026-02-16T13:00:00+00:00');
    INSERT INTO chapters (id, story_id, title, content, draft_title, draft_content, status, created_at, updated_at) VALUES (
        '6ae17d1b-dacc-5eba-ab8e-1d2dce8bebf7', 'f9044880-ab7e-51df-bcc5-2f82e55244b2', 'Откуда приходит звук', 'Ночь выдалась туманная, и квартал тонул в той особенной тишине, какая бывает только под утро, когда город спит самым крепким сном. Детектив и доктор Хейл заняли пост на улице, у дома жалобщика, и стали ждать, кутаясь в пальто от сырости.

Туман в ту ночь был особенно густ, и доктору Хейлу, поёживавшемуся от сырости, всё происходящее казалось почти призрачным. Безлюдная улица, мёртвая тишина предрассветного часа, ожидание неведомой музыки — всё это настраивало на тревожный лад. Эшфорд же, напротив, был собран и спокоен, как всегда перед разгадкой. Он не поддавался ни жути обстановки, ни печали, которой веяло от самого этого дела. Для него туман был не зловещей завесой, а помехой, искажающей звук, которую следовало учесть в расчётах. И доктор в который раз подивился способности друга оставаться холодным разумом там, где всякий другой поддался бы суеверному страху.

Ровно в три часа, как и было обещано, в тумане родилась музыка. Скрипка пела тихо, тоскливо, выводя ту самую старинную колыбельную, и от этих звуков, плывущих в ночной мгле неведомо откуда, по спине доктора пробежал холодок. В музыке и впрямь было что-то потустороннее — не угрожающее, но бесконечно печальное, будто плакал сам туман.

Детектив, однако, слушал не сердцем, а разумом. Он закрыл глаза, склонил голову набок и сосредоточился — не на красоте мелодии, а на том, откуда она приходит. Доктор знал этот метод: по громкости, по отражению звука от стен, по тому, как искажает его туман, детектив определял источник вернее любого прибора.

— Не из жилого дома, — пробормотал он наконец. — Звук слишком чист, нет приглушения стенами и шторами. Играют в пустом, гулком помещении. И выше уровня улицы — на втором или третьем этаже. — Он открыл глаза и указал в туман. — Вон то здание. Заброшенное, если не ошибаюсь. Идёмте, Хейл, пока скрипач не умолк.

Они двинулись на звук сквозь молочную мглу. Здание, на которое указал детектив, и вправду оказалось нежилым — старый дом с заколоченными окнами, явно пустующий не первый год. Но на третьем этаже, в одном из окон, теплился слабый свет, и оттуда, разливаясь в тумане, лилась скорбная колыбельная.

Дверь была не заперта. Они поднялись по скрипучей лестнице, и музыка становилась всё ближе, всё отчётливее. У последней двери детектив остановился и положил руку на плечо доктора.

— Тише, друг мой, — сказал он непривычно мягко. — За этой дверью не преступник. За ней — чьё-то горе. Войдём осторожно. Здесь нужны не наручники, а сочувствие.

Он тихо отворил дверь. В пустой, освещённой одной свечой комнате сидел старик со скрипкой и играл, закрыв глаза, не замечая вошедших, — играл так, будто от этой мелодии зависела его жизнь.',
        'Откуда приходит звук', 'Ночь выдалась туманная, и квартал тонул в той особенной тишине, какая бывает только под утро, когда город спит самым крепким сном. Детектив и доктор Хейл заняли пост на улице, у дома жалобщика, и стали ждать, кутаясь в пальто от сырости.

Туман в ту ночь был особенно густ, и доктору Хейлу, поёживавшемуся от сырости, всё происходящее казалось почти призрачным. Безлюдная улица, мёртвая тишина предрассветного часа, ожидание неведомой музыки — всё это настраивало на тревожный лад. Эшфорд же, напротив, был собран и спокоен, как всегда перед разгадкой. Он не поддавался ни жути обстановки, ни печали, которой веяло от самого этого дела. Для него туман был не зловещей завесой, а помехой, искажающей звук, которую следовало учесть в расчётах. И доктор в который раз подивился способности друга оставаться холодным разумом там, где всякий другой поддался бы суеверному страху.

Ровно в три часа, как и было обещано, в тумане родилась музыка. Скрипка пела тихо, тоскливо, выводя ту самую старинную колыбельную, и от этих звуков, плывущих в ночной мгле неведомо откуда, по спине доктора пробежал холодок. В музыке и впрямь было что-то потустороннее — не угрожающее, но бесконечно печальное, будто плакал сам туман.

Детектив, однако, слушал не сердцем, а разумом. Он закрыл глаза, склонил голову набок и сосредоточился — не на красоте мелодии, а на том, откуда она приходит. Доктор знал этот метод: по громкости, по отражению звука от стен, по тому, как искажает его туман, детектив определял источник вернее любого прибора.

— Не из жилого дома, — пробормотал он наконец. — Звук слишком чист, нет приглушения стенами и шторами. Играют в пустом, гулком помещении. И выше уровня улицы — на втором или третьем этаже. — Он открыл глаза и указал в туман. — Вон то здание. Заброшенное, если не ошибаюсь. Идёмте, Хейл, пока скрипач не умолк.

Они двинулись на звук сквозь молочную мглу. Здание, на которое указал детектив, и вправду оказалось нежилым — старый дом с заколоченными окнами, явно пустующий не первый год. Но на третьем этаже, в одном из окон, теплился слабый свет, и оттуда, разливаясь в тумане, лилась скорбная колыбельная.

Дверь была не заперта. Они поднялись по скрипучей лестнице, и музыка становилась всё ближе, всё отчётливее. У последней двери детектив остановился и положил руку на плечо доктора.

— Тише, друг мой, — сказал он непривычно мягко. — За этой дверью не преступник. За ней — чьё-то горе. Войдём осторожно. Здесь нужны не наручники, а сочувствие.

Он тихо отворил дверь. В пустой, освещённой одной свечой комнате сидел старик со скрипкой и играл, закрыв глаза, не замечая вошедших, — играл так, будто от этой мелодии зависела его жизнь.', 'published', '2026-02-17T12:00:00+00:00', '2026-02-17T13:00:00+00:00');
    INSERT INTO chapters (id, story_id, title, content, draft_title, draft_content, status, created_at, updated_at) VALUES (
        '30eb5cde-7bf1-5ff4-8458-0f4e860db2f6', 'f9044880-ab7e-51df-bcc5-2f82e55244b2', 'Колыбельная для той, кого нет', 'Старик доиграл, открыл глаза и не вздрогнул, увидев чужих. Он словно давно ждал, что однажды кто-нибудь придёт на его музыку.

— Вы пришли, чтобы я перестал, — сказал он тихо, опуская скрипку. — Я знаю, я мешаю людям спать. Простите старика. Я пытался играть тише. Но эту колыбельную нельзя играть тихо. Она требует всего сердца.

Детектив опустился на пыльный ящик напротив него.

— Расскажите, — попросил он просто. — Для кого вы играете каждую ночь в три часа?

И старик рассказал. Много лет назад в этом доме — тогда ещё жилом — он жил с дочерью. Девочка была болезненной, и он, бедный музыкант, играл ей на ночь эту самую колыбельную, чтобы она засыпала без страха. Однажды зимой дочь слегла с горячкой. Она угасла под утро, ровно в три часа, на его руках, под звуки скрипки, которой он пытался её удержать.

— С тех пор прошло двадцать лет, — говорил старик, и голос его не дрожал, потому что выплакано было давно всё. — Я уехал, потом вернулся. Дом опустел, его забросили. А я не могу забыть тот час. Каждую ночь в три я прихожу сюда — туда, где она была со мной в последний раз, — и играю ей колыбельную. Будто всё ещё убаюкиваю. Будто она всё ещё слышит. Я знаю, что это глупо. Что её нет. Но это единственное, что у меня осталось от неё. Эти несколько минут музыки в темноте.

Доктор Хейл, повидавший немало смертей, отвернулся, пряча влагу в глазах. Даже детектив, чей разум всегда был холоден, молчал дольше обыкновенного.

Доктор Хейл за свою врачебную практику повидал немало смертей и немало горя, но рассказ старика тронул его до глубины души. Была в этой картине — одинокий музыкант, ночь за ночью играющий колыбельную давно умершему ребёнку в заброшенном доме, — такая бездонная, тихая скорбь, что сжималось сердце. И доктор понял вдруг, отчего его друг, обыкновенно столь язвительный и нетерпеливый, сейчас сидел молча, не перебивая. Бывают раны, перед которыми смолкает даже самый острый ум. Бывает горе, которое не разгадывают, а просто чтят молчанием. И величие Эшфорда, подумал Хейл, было не только в проницательности, но и в умении распознать такие минуты.

— Это не преступление, — сказал он наконец. — И я не для того пришёл, чтобы вам запретить. Но, быть может, я сумею кое-что предложить — то, что облегчит и вашу ношу, и сон ваших невольных слушателей. Вы играете в пустом доме, где звук разносится на весь квартал и тревожит людей, не понимающих его. А ведь есть места, где вашей музыке были бы рады, где она утешала бы, а не пугала.

Старик поднял на него непонимающие глаза.

— Какие же?',
        'Колыбельная для той, кого нет', 'Старик доиграл, открыл глаза и не вздрогнул, увидев чужих. Он словно давно ждал, что однажды кто-нибудь придёт на его музыку.

— Вы пришли, чтобы я перестал, — сказал он тихо, опуская скрипку. — Я знаю, я мешаю людям спать. Простите старика. Я пытался играть тише. Но эту колыбельную нельзя играть тихо. Она требует всего сердца.

Детектив опустился на пыльный ящик напротив него.

— Расскажите, — попросил он просто. — Для кого вы играете каждую ночь в три часа?

И старик рассказал. Много лет назад в этом доме — тогда ещё жилом — он жил с дочерью. Девочка была болезненной, и он, бедный музыкант, играл ей на ночь эту самую колыбельную, чтобы она засыпала без страха. Однажды зимой дочь слегла с горячкой. Она угасла под утро, ровно в три часа, на его руках, под звуки скрипки, которой он пытался её удержать.

— С тех пор прошло двадцать лет, — говорил старик, и голос его не дрожал, потому что выплакано было давно всё. — Я уехал, потом вернулся. Дом опустел, его забросили. А я не могу забыть тот час. Каждую ночь в три я прихожу сюда — туда, где она была со мной в последний раз, — и играю ей колыбельную. Будто всё ещё убаюкиваю. Будто она всё ещё слышит. Я знаю, что это глупо. Что её нет. Но это единственное, что у меня осталось от неё. Эти несколько минут музыки в темноте.

Доктор Хейл, повидавший немало смертей, отвернулся, пряча влагу в глазах. Даже детектив, чей разум всегда был холоден, молчал дольше обыкновенного.

Доктор Хейл за свою врачебную практику повидал немало смертей и немало горя, но рассказ старика тронул его до глубины души. Была в этой картине — одинокий музыкант, ночь за ночью играющий колыбельную давно умершему ребёнку в заброшенном доме, — такая бездонная, тихая скорбь, что сжималось сердце. И доктор понял вдруг, отчего его друг, обыкновенно столь язвительный и нетерпеливый, сейчас сидел молча, не перебивая. Бывают раны, перед которыми смолкает даже самый острый ум. Бывает горе, которое не разгадывают, а просто чтят молчанием. И величие Эшфорда, подумал Хейл, было не только в проницательности, но и в умении распознать такие минуты.

— Это не преступление, — сказал он наконец. — И я не для того пришёл, чтобы вам запретить. Но, быть может, я сумею кое-что предложить — то, что облегчит и вашу ношу, и сон ваших невольных слушателей. Вы играете в пустом доме, где звук разносится на весь квартал и тревожит людей, не понимающих его. А ведь есть места, где вашей музыке были бы рады, где она утешала бы, а не пугала.

Старик поднял на него непонимающие глаза.

— Какие же?', 'published', '2026-02-18T12:00:00+00:00', '2026-02-18T13:00:00+00:00');

    -- [33] Последнее дело доктора (sherlock)
    INSERT INTO stories (id, slug, title, status, author_id, ai_summary, created_at, updated_at) VALUES (
        '35dc7d7d-7be0-540e-8cdc-0763418c8314', 'sherlock-poslednee-delo-doktora', 'Последнее дело доктора', 'published', v_author_id, 'Когда знаменитый детектив уезжает, его верный спутник-доктор впервые остаётся один на один с загадкой. И обнаруживает, что годы рядом с гением научили его большему, чем он думал.',
        '2026-02-14T12:00:00+00:00', '2026-04-17T10:00:00+00:00');
    INSERT INTO story_tags (story_id, tag_id) VALUES ('35dc7d7d-7be0-540e-8cdc-0763418c8314', '10000001-0001-4001-8001-000000000007');
    INSERT INTO story_tags (story_id, tag_id) VALUES ('35dc7d7d-7be0-540e-8cdc-0763418c8314', '10000004-0004-4004-8004-000000000002');
    INSERT INTO story_tags (story_id, tag_id) VALUES ('35dc7d7d-7be0-540e-8cdc-0763418c8314', '10000005-0005-4005-8005-000000000003');
    INSERT INTO story_tags (story_id, tag_id) VALUES ('35dc7d7d-7be0-540e-8cdc-0763418c8314', '10000006-0006-4006-8006-000000000001');
    INSERT INTO story_tags (story_id, tag_id) VALUES ('35dc7d7d-7be0-540e-8cdc-0763418c8314', '10000002-0002-4002-8002-000000000003');
    INSERT INTO story_tags (story_id, tag_id) VALUES ('35dc7d7d-7be0-540e-8cdc-0763418c8314', '10000002-0002-4002-8002-000000000001');
    INSERT INTO chapters (id, story_id, title, content, draft_title, draft_content, status, created_at, updated_at) VALUES (
        'ed8cad65-a5c8-5e0a-8424-ae0043c5049d', '35dc7d7d-7be0-540e-8cdc-0763418c8314', 'Один на Бейкер-стрит', 'Доктор Хейл не привык чувствовать себя беспомощным, но именно так он себя и чувствовал в то утро. Его друг, знаменитый детектив, уехал на континент по делу государственной важности и должен был отсутствовать не меньше месяца. А Хейл остался один в их общей квартире на Бейкер-стрит — впервые за много лет без блестящего ума, к которому привык обращаться за разгадкой любой тайны.

Странное это было чувство — остаться без друга, к чьему блестящему уму он привык прибегать, как привыкают к свету лампы в тёмной комнате. Доктор Хейл за годы их совместной жизни незаметно для себя уверовал, что разгадывание тайн — целиком вотчина гения, а его собственная роль скромна: подавать реплики, вести записи, восхищаться. Он искренне не считал себя способным на большее. И вот теперь, оставшись один, он впервые ощутил всю тяжесть этой привычки полагаться на другого — и одновременно, где-то на самом краю сознания, шевельнулось робкое, незваное любопытство: а что, если он всё-таки сумеет?

Он-то полагал, что проведёт этот месяц спокойно — займётся медицинской практикой, разберёт записи, отдохнёт от вечной круговерти расследований. Но судьба распорядилась иначе. На второй же день после отъезда друга к нему явилась посетительница — молодая женщина в трауре, бледная и решительная.

— Мне нужен великий детектив, — сказала она с порога. — Это вопрос жизни и доброго имени.

— Его нет в городе, — с искренним сожалением ответил Хейл. — И не будет около месяца. Я лишь его друг и помощник, доктор Хейл. Боюсь, я не сумею заменить вам его. Если дело терпит...

— Не терпит, — перебила женщина, и в голосе её зазвенело отчаяние. — Через неделю моего отца, честнейшего человека, осудят за преступление, которого он не совершал. Через неделю будет поздно. У меня нет месяца, доктор. У меня есть только вы.

Хейл хотел было снова отказаться, объяснить, что он всего лишь врач, что распутывать загадки — не его призвание, что без друга он как без рук. Но он посмотрел в полные слёз и надежды глаза посетительницы — и слова застряли у него в горле. Перед ним был человек в беде, которому больше некуда идти. А отказывать таким Хейл не умел никогда — ни как врач, ни как друг знаменитого детектива.

— Расскажите всё, — услышал он собственный голос. — С самого начала. Не упуская ни единой мелочи, какой бы незначительной она вам ни казалась.

И, произнося эти слова — те самые, что сотни раз произносил при нём его друг, — доктор Хейл вдруг с удивлением осознал, что, быть может, годы рядом с гением не прошли для него даром. Что он впитал больше, чем думал. Оставалось лишь проверить, так ли это.',
        'Один на Бейкер-стрит', 'Доктор Хейл не привык чувствовать себя беспомощным, но именно так он себя и чувствовал в то утро. Его друг, знаменитый детектив, уехал на континент по делу государственной важности и должен был отсутствовать не меньше месяца. А Хейл остался один в их общей квартире на Бейкер-стрит — впервые за много лет без блестящего ума, к которому привык обращаться за разгадкой любой тайны.

Странное это было чувство — остаться без друга, к чьему блестящему уму он привык прибегать, как привыкают к свету лампы в тёмной комнате. Доктор Хейл за годы их совместной жизни незаметно для себя уверовал, что разгадывание тайн — целиком вотчина гения, а его собственная роль скромна: подавать реплики, вести записи, восхищаться. Он искренне не считал себя способным на большее. И вот теперь, оставшись один, он впервые ощутил всю тяжесть этой привычки полагаться на другого — и одновременно, где-то на самом краю сознания, шевельнулось робкое, незваное любопытство: а что, если он всё-таки сумеет?

Он-то полагал, что проведёт этот месяц спокойно — займётся медицинской практикой, разберёт записи, отдохнёт от вечной круговерти расследований. Но судьба распорядилась иначе. На второй же день после отъезда друга к нему явилась посетительница — молодая женщина в трауре, бледная и решительная.

— Мне нужен великий детектив, — сказала она с порога. — Это вопрос жизни и доброго имени.

— Его нет в городе, — с искренним сожалением ответил Хейл. — И не будет около месяца. Я лишь его друг и помощник, доктор Хейл. Боюсь, я не сумею заменить вам его. Если дело терпит...

— Не терпит, — перебила женщина, и в голосе её зазвенело отчаяние. — Через неделю моего отца, честнейшего человека, осудят за преступление, которого он не совершал. Через неделю будет поздно. У меня нет месяца, доктор. У меня есть только вы.

Хейл хотел было снова отказаться, объяснить, что он всего лишь врач, что распутывать загадки — не его призвание, что без друга он как без рук. Но он посмотрел в полные слёз и надежды глаза посетительницы — и слова застряли у него в горле. Перед ним был человек в беде, которому больше некуда идти. А отказывать таким Хейл не умел никогда — ни как врач, ни как друг знаменитого детектива.

— Расскажите всё, — услышал он собственный голос. — С самого начала. Не упуская ни единой мелочи, какой бы незначительной она вам ни казалась.

И, произнося эти слова — те самые, что сотни раз произносил при нём его друг, — доктор Хейл вдруг с удивлением осознал, что, быть может, годы рядом с гением не прошли для него даром. Что он впитал больше, чем думал. Оставалось лишь проверить, так ли это.', 'published', '2026-02-14T12:00:00+00:00', '2026-02-14T13:00:00+00:00');
    INSERT INTO chapters (id, story_id, title, content, draft_title, draft_content, status, created_at, updated_at) VALUES (
        '6114ebf8-0284-5c29-b9af-8bc3727e9b1c', '35dc7d7d-7be0-540e-8cdc-0763418c8314', 'Чему он научился', 'История посетительницы была печальна и запутанна. Её отец, уважаемый торговец, обвинялся в отравлении делового партнёра. Улики указывали на него: яд нашли в его конторе, у него были денежные разногласия с покойным, а в роковой вечер их видели вместе. Полиция считала дело решённым. Суд был не за горами.

Прежний Хейл развёл бы руками. Но за годы рядом с другом он, сам того не замечая, усвоил его метод — и теперь, оставшись один, впервые попробовал применить его сам. Он заставил себя не поддаваться очевидному, как учил детектив, а сомневаться в нём.

«Улики указывают на него слишком уж стройно, — рассуждал доктор, расхаживая по комнате, как делал его друг. — А жизнь редко бывает столь аккуратной. Когда всё складывается чересчур гладко, это часто значит, что картину сложили нарочно».

Самым трудным оказалось не наблюдать — наблюдать доктор научился, сам того не заметив, за годы рядом с другом. Самым трудным было поверить в собственные выводы. Всякий раз, нащупав очередную нестыковку, Хейл по привычке мысленно оборачивался к Эшфорду за подтверждением — и натыкался на пустоту. Приходилось доверять себе, а это пугало куда больше любой опасности. Что, если он ошибается? Что, если видит то, чего нет, и невинно осудит виновного или оправдает злодея? Но рядом не было гения, который поправил бы. Был только он, доктор Хейл, и человеческая жизнь, зависевшая от того, хватит ли ему смелости довериться собственному разуму.

Он отправился осматривать место и расспрашивать свидетелей — неуверенно поначалу, но всё смелее. И тут обнаружилось, что годы наблюдения за работой гения дали доктору куда больше, чем он подозревал. Он замечал то, чего не замечала полиция. Что яд хранился в конторе на видном месте — слишком на видном для человека, задумавшего убийство; настоящий отравитель спрятал бы его. Что у обвиняемого, по словам прислуги, сильно дрожали руки от старческого недуга — а склянку с ядом в тот вечер открывал кто-то с твёрдой рукой, судя по аккуратно сломанной печати.

Мелочь за мелочью, наблюдение за наблюдением — и стройная картина обвинения начала расползаться по швам. Доктор Хейл, всю жизнь считавший себя лишь скромным спутником чужого блеска, с изумлением обнаруживал, что способен рассуждать сам. Не так молниеносно, как его друг, не так эффектно — но верно. Шаг за шагом, упорно, по-докторски методично, он шёл к истине.

«Я не он, — думал Хейл, и в этой мысли больше не было прежней горечи. — Мне не дано его мгновенных озарений. Но он научил меня главному — не методу даже, а тому, как смотреть на мир. Сомневаться в очевидном. Доверять мелочам. Искать не виновного, а правду. И, кажется, этого довольно. По крайней мере, я обязан попытаться».

И он продолжал — не ради славы, которой не искал, а ради человека, чья жизнь висела на волоске и зависела теперь от него одного.',
        'Чему он научился', 'История посетительницы была печальна и запутанна. Её отец, уважаемый торговец, обвинялся в отравлении делового партнёра. Улики указывали на него: яд нашли в его конторе, у него были денежные разногласия с покойным, а в роковой вечер их видели вместе. Полиция считала дело решённым. Суд был не за горами.

Прежний Хейл развёл бы руками. Но за годы рядом с другом он, сам того не замечая, усвоил его метод — и теперь, оставшись один, впервые попробовал применить его сам. Он заставил себя не поддаваться очевидному, как учил детектив, а сомневаться в нём.

«Улики указывают на него слишком уж стройно, — рассуждал доктор, расхаживая по комнате, как делал его друг. — А жизнь редко бывает столь аккуратной. Когда всё складывается чересчур гладко, это часто значит, что картину сложили нарочно».

Самым трудным оказалось не наблюдать — наблюдать доктор научился, сам того не заметив, за годы рядом с другом. Самым трудным было поверить в собственные выводы. Всякий раз, нащупав очередную нестыковку, Хейл по привычке мысленно оборачивался к Эшфорду за подтверждением — и натыкался на пустоту. Приходилось доверять себе, а это пугало куда больше любой опасности. Что, если он ошибается? Что, если видит то, чего нет, и невинно осудит виновного или оправдает злодея? Но рядом не было гения, который поправил бы. Был только он, доктор Хейл, и человеческая жизнь, зависевшая от того, хватит ли ему смелости довериться собственному разуму.

Он отправился осматривать место и расспрашивать свидетелей — неуверенно поначалу, но всё смелее. И тут обнаружилось, что годы наблюдения за работой гения дали доктору куда больше, чем он подозревал. Он замечал то, чего не замечала полиция. Что яд хранился в конторе на видном месте — слишком на видном для человека, задумавшего убийство; настоящий отравитель спрятал бы его. Что у обвиняемого, по словам прислуги, сильно дрожали руки от старческого недуга — а склянку с ядом в тот вечер открывал кто-то с твёрдой рукой, судя по аккуратно сломанной печати.

Мелочь за мелочью, наблюдение за наблюдением — и стройная картина обвинения начала расползаться по швам. Доктор Хейл, всю жизнь считавший себя лишь скромным спутником чужого блеска, с изумлением обнаруживал, что способен рассуждать сам. Не так молниеносно, как его друг, не так эффектно — но верно. Шаг за шагом, упорно, по-докторски методично, он шёл к истине.

«Я не он, — думал Хейл, и в этой мысли больше не было прежней горечи. — Мне не дано его мгновенных озарений. Но он научил меня главному — не методу даже, а тому, как смотреть на мир. Сомневаться в очевидном. Доверять мелочам. Искать не виновного, а правду. И, кажется, этого довольно. По крайней мере, я обязан попытаться».

И он продолжал — не ради славы, которой не искал, а ради человека, чья жизнь висела на волоске и зависела теперь от него одного.', 'published', '2026-02-15T12:00:00+00:00', '2026-02-15T13:00:00+00:00');
    INSERT INTO chapters (id, story_id, title, content, draft_title, draft_content, status, created_at, updated_at) VALUES (
        '21b04df3-38dc-5c86-abf5-5164d60880ab', '35dc7d7d-7be0-540e-8cdc-0763418c8314', 'Истина без блеска', 'Разгадка пришла к доктору не вспышкой гениального озарения, а так, как приходит к врачу верный диагноз, — через терпеливое сопоставление всех симптомов. Сложив воедино все замеченные мелочи, Хейл понял, кто истинный убийца.

Им оказался молодой компаньон покойного — человек с твёрдой рукой, со свободным доступом в контору и с куда более вескими мотивами, чем у обвиняемого старика. Это он отравил своего благодетеля ради наследства и долей в деле, а затем хладнокровно обставил всё так, чтобы подозрение пало на пожилого партнёра, чьи денежные споры с покойным были у всех на слуху. План был умён. Он обманул полицию. Но он не выдержал того самого докторского, дотошного внимания к мелочам, которому Хейл выучился у своего друга.

Доказать это оказалось труднее, чем понять. У доктора не было ни власти инспектора, ни авторитета знаменитого детектива. Был только он сам, его выводы и неделя до суда. И Хейл сделал то, что сделал бы его друг, — собрал улики в безупречную, неоспоримую цепь, выстроил доказательства так, чтобы их не мог отмахнуть ни один судья, и представил всё инспектору Грегсону, заставив того, ворчащего и недоверчивого, проверить каждое звено.

Проверка подтвердила правоту доктора до последней детали. Молодого компаньона взяли под стражу. Невиновного старика освободили накануне суда, и его дочь, та самая посетительница в трауре, рыдала от счастья, не находя слов благодарности.

К разгадке доктор шёл иначе, чем его блистательный друг. Эшфорд срывал покров с тайны одним молниеносным озарением, повергая свидетелей в трепет. Хейл же двигался медленно, по-врачебному, как идут от симптома к диагнозу: собирал признаки, отбрасывал ложные версии, проверял и перепроверял каждое звено. Это было не эффектно и не быстро. Зато надёжно. И, выстраивая шаг за шагом цепь доказательств против истинного убийцы, доктор с тихим удивлением обнаружил, что его собственный, неспешный и дотошный метод имеет свои преимущества. То, что добыто долгим трудом, держится крепче случайной догадки — и в суде, и в жизни.

— Это не я, — смущённо отнекивался Хейл. — Это метод моего друга. Я лишь применил то, чему научился у него.

Но женщина покачала головой.

— Вашего друга здесь не было, доктор, — сказала она тихо. — Был только вы. И вы спасли моего отца. Не его метод. Вы. Не принижайте того, что сделали.

И доктор Хейл, привыкший всю жизнь стоять в тени чужого блеска, впервые позволил себе поверить, что в её словах есть правда. Он раскрыл это дело сам. Без подсказок. Без гения рядом. Истина, добытая им, была лишена эффектного блеска, какой придавал своим разгадкам его друг, — но от этого она не стала менее истинной. А спасённая жизнь осталась спасённой, кем бы ни был тот, кто за неё боролся.',
        'Истина без блеска', 'Разгадка пришла к доктору не вспышкой гениального озарения, а так, как приходит к врачу верный диагноз, — через терпеливое сопоставление всех симптомов. Сложив воедино все замеченные мелочи, Хейл понял, кто истинный убийца.

Им оказался молодой компаньон покойного — человек с твёрдой рукой, со свободным доступом в контору и с куда более вескими мотивами, чем у обвиняемого старика. Это он отравил своего благодетеля ради наследства и долей в деле, а затем хладнокровно обставил всё так, чтобы подозрение пало на пожилого партнёра, чьи денежные споры с покойным были у всех на слуху. План был умён. Он обманул полицию. Но он не выдержал того самого докторского, дотошного внимания к мелочам, которому Хейл выучился у своего друга.

Доказать это оказалось труднее, чем понять. У доктора не было ни власти инспектора, ни авторитета знаменитого детектива. Был только он сам, его выводы и неделя до суда. И Хейл сделал то, что сделал бы его друг, — собрал улики в безупречную, неоспоримую цепь, выстроил доказательства так, чтобы их не мог отмахнуть ни один судья, и представил всё инспектору Грегсону, заставив того, ворчащего и недоверчивого, проверить каждое звено.

Проверка подтвердила правоту доктора до последней детали. Молодого компаньона взяли под стражу. Невиновного старика освободили накануне суда, и его дочь, та самая посетительница в трауре, рыдала от счастья, не находя слов благодарности.

К разгадке доктор шёл иначе, чем его блистательный друг. Эшфорд срывал покров с тайны одним молниеносным озарением, повергая свидетелей в трепет. Хейл же двигался медленно, по-врачебному, как идут от симптома к диагнозу: собирал признаки, отбрасывал ложные версии, проверял и перепроверял каждое звено. Это было не эффектно и не быстро. Зато надёжно. И, выстраивая шаг за шагом цепь доказательств против истинного убийцы, доктор с тихим удивлением обнаружил, что его собственный, неспешный и дотошный метод имеет свои преимущества. То, что добыто долгим трудом, держится крепче случайной догадки — и в суде, и в жизни.

— Это не я, — смущённо отнекивался Хейл. — Это метод моего друга. Я лишь применил то, чему научился у него.

Но женщина покачала головой.

— Вашего друга здесь не было, доктор, — сказала она тихо. — Был только вы. И вы спасли моего отца. Не его метод. Вы. Не принижайте того, что сделали.

И доктор Хейл, привыкший всю жизнь стоять в тени чужого блеска, впервые позволил себе поверить, что в её словах есть правда. Он раскрыл это дело сам. Без подсказок. Без гения рядом. Истина, добытая им, была лишена эффектного блеска, какой придавал своим разгадкам его друг, — но от этого она не стала менее истинной. А спасённая жизнь осталась спасённой, кем бы ни был тот, кто за неё боролся.', 'published', '2026-02-16T12:00:00+00:00', '2026-02-16T13:00:00+00:00');
    INSERT INTO chapters (id, story_id, title, content, draft_title, draft_content, status, created_at, updated_at) VALUES (
        'd17b5bc4-6c90-51eb-b904-a5cb7fdaa9b2', '35dc7d7d-7be0-540e-8cdc-0763418c8314', 'Возвращение', 'Детектив вернулся с континента месяц спустя — похудевший, утомлённый, но довольный успешно завершённым делом. Едва переступив порог, он окинул друга своим обычным всевидящим взглядом и приподнял бровь.

— Однако, Хейл, — произнёс он. — Вы изменились за этот месяц. Держитесь увереннее. И, если не ошибаюсь, — он прищурился, — вы вели расследование. Самостоятельно. Причём успешное, иначе не выглядели бы столь спокойно довольным. Рассказывайте. Я сгораю от любопытства, а это, как вы знаете, со мной случается нечасто.

Доктор Хейл усмехнулся — друга было не провести — и рассказал всё: о посетительнице в трауре, о деле, которое не терпело отлагательства, о том, как он, оставшись один, впервые применил усвоенный за годы метод и распутал загадку сам.

Детектив слушал молча, с непривычным вниманием, ни разу не перебив. А когда Хейл закончил, произошло нечто небывалое: великий детектив поднялся, подошёл к другу и крепко пожал ему руку.

— Я всегда говорил, что вы недооцениваете себя, Хейл, — сказал он, и в голосе его не было обычной иронии. — Знаете, чем по-настоящему измеряется учитель? Не тем, как блистает он сам. А тем, способен ли его ученик обойтись без него. Вы доказали, что способны. И, признаюсь, я горжусь этим больше, чем любым собственным делом. Раскрыть загадку — мастерство. А вот передать своё умение другому так, чтобы оно жило и без тебя, — это, пожалуй, повыше любого мастерства.

Хейл был тронут до глубины души, но, по своему обыкновению, постарался скрыть это за шуткой.

— Не обольщайтесь, — сказал он. — Я провозился неделю там, где вам хватило бы и часа. Так что без работы вы не останетесь.

— И слава богу, — рассмеялся детектив, опускаясь в своё кресло, словно и не уезжал. — Но запомните этот месяц, друг мой. Вы доказали важнейшую вещь: способность видеть истину — не моя личная причуда, которую я унесу с собой. Это то, что можно передать. А значит, оно не умрёт. И, на мой взгляд, нет на свете итога достойнее этого.

Слова друга глубоко тронули доктора, хоть он и спрятал волнение за привычной шуткой. Ведь Эшфорд высказал то, о чём сам Хейл смутно догадывался все эти годы, не решаясь сформулировать. Истинное величие учителя — не в собственном блеске, а в том, что он зажигает свет в другом. Гений, унёсший свой дар с собой в могилу, оставляет миру лишь воспоминание. Гений, передавший своё умение ученику, оставляет миру продолжение. И Хейл понимал теперь, что этот месяц в одиночестве был не испытанием его слабости, а доказательством силы — той силы, которую вложил в него друг, сам, быть может, того до конца не сознавая.

За окном привычно клубился лондонский туман, в камине потрескивал огонь, и на Бейкер-стрит всё было как прежде — и всё же чуть иначе. Ибо теперь под этой крышей жили не гений и его тень, а двое людей, каждый из которых умел искать правду. И мир от этого стал самую малость безопаснее.',
        'Возвращение', 'Детектив вернулся с континента месяц спустя — похудевший, утомлённый, но довольный успешно завершённым делом. Едва переступив порог, он окинул друга своим обычным всевидящим взглядом и приподнял бровь.

— Однако, Хейл, — произнёс он. — Вы изменились за этот месяц. Держитесь увереннее. И, если не ошибаюсь, — он прищурился, — вы вели расследование. Самостоятельно. Причём успешное, иначе не выглядели бы столь спокойно довольным. Рассказывайте. Я сгораю от любопытства, а это, как вы знаете, со мной случается нечасто.

Доктор Хейл усмехнулся — друга было не провести — и рассказал всё: о посетительнице в трауре, о деле, которое не терпело отлагательства, о том, как он, оставшись один, впервые применил усвоенный за годы метод и распутал загадку сам.

Детектив слушал молча, с непривычным вниманием, ни разу не перебив. А когда Хейл закончил, произошло нечто небывалое: великий детектив поднялся, подошёл к другу и крепко пожал ему руку.

— Я всегда говорил, что вы недооцениваете себя, Хейл, — сказал он, и в голосе его не было обычной иронии. — Знаете, чем по-настоящему измеряется учитель? Не тем, как блистает он сам. А тем, способен ли его ученик обойтись без него. Вы доказали, что способны. И, признаюсь, я горжусь этим больше, чем любым собственным делом. Раскрыть загадку — мастерство. А вот передать своё умение другому так, чтобы оно жило и без тебя, — это, пожалуй, повыше любого мастерства.

Хейл был тронут до глубины души, но, по своему обыкновению, постарался скрыть это за шуткой.

— Не обольщайтесь, — сказал он. — Я провозился неделю там, где вам хватило бы и часа. Так что без работы вы не останетесь.

— И слава богу, — рассмеялся детектив, опускаясь в своё кресло, словно и не уезжал. — Но запомните этот месяц, друг мой. Вы доказали важнейшую вещь: способность видеть истину — не моя личная причуда, которую я унесу с собой. Это то, что можно передать. А значит, оно не умрёт. И, на мой взгляд, нет на свете итога достойнее этого.

Слова друга глубоко тронули доктора, хоть он и спрятал волнение за привычной шуткой. Ведь Эшфорд высказал то, о чём сам Хейл смутно догадывался все эти годы, не решаясь сформулировать. Истинное величие учителя — не в собственном блеске, а в том, что он зажигает свет в другом. Гений, унёсший свой дар с собой в могилу, оставляет миру лишь воспоминание. Гений, передавший своё умение ученику, оставляет миру продолжение. И Хейл понимал теперь, что этот месяц в одиночестве был не испытанием его слабости, а доказательством силы — той силы, которую вложил в него друг, сам, быть может, того до конца не сознавая.

За окном привычно клубился лондонский туман, в камине потрескивал огонь, и на Бейкер-стрит всё было как прежде — и всё же чуть иначе. Ибо теперь под этой крышей жили не гений и его тень, а двое людей, каждый из которых умел искать правду. И мир от этого стал самую малость безопаснее.', 'published', '2026-02-17T12:00:00+00:00', '2026-02-17T13:00:00+00:00');

    -- [34] Механик с Внешнего кольца (star-wars)
    INSERT INTO stories (id, slug, title, status, author_id, ai_summary, created_at, updated_at) VALUES (
        'a8b01144-8ffe-57cd-856f-4805b4c40999', 'sw-mehanik-s-vneshnego-kolca', 'Механик с Внешнего кольца', 'published', v_author_id, 'На пыльной планете Внешнего кольца живёт девочка-механик, которая чинит всё на свете. Когда у её порога терпит крушение незнакомец, обычная жизнь заканчивается — и начинается настоящая.',
        '2026-02-12T12:00:00+00:00', '2026-04-16T09:00:00+00:00');
    INSERT INTO story_tags (story_id, tag_id) VALUES ('a8b01144-8ffe-57cd-856f-4805b4c40999', '10000001-0001-4001-8001-000000000008');
    INSERT INTO story_tags (story_id, tag_id) VALUES ('a8b01144-8ffe-57cd-856f-4805b4c40999', '10000004-0004-4004-8004-000000000002');
    INSERT INTO story_tags (story_id, tag_id) VALUES ('a8b01144-8ffe-57cd-856f-4805b4c40999', '10000005-0005-4005-8005-000000000003');
    INSERT INTO story_tags (story_id, tag_id) VALUES ('a8b01144-8ffe-57cd-856f-4805b4c40999', '10000006-0006-4006-8006-000000000001');
    INSERT INTO story_tags (story_id, tag_id) VALUES ('a8b01144-8ffe-57cd-856f-4805b4c40999', '10000002-0002-4002-8002-000000000006');
    INSERT INTO story_tags (story_id, tag_id) VALUES ('a8b01144-8ffe-57cd-856f-4805b4c40999', '10000002-0002-4002-8002-000000000004');
    INSERT INTO chapters (id, story_id, title, content, draft_title, draft_content, status, created_at, updated_at) VALUES (
        '23132932-f11e-5ffc-a739-d7e264633550', 'a8b01144-8ffe-57cd-856f-4805b4c40999', 'Пыль и моторы', 'Планета Тэррик-IV была краем мира — в самом буквальном смысле. Дальше неё, на Внешнем кольце, лежали только безжизненные камни да пустота. Здесь не было ни больших городов, ни блеска Республики, ни даже приличного космопорта — лишь пыль, два палящих солнца и горстка поселенцев, цеплявшихся за жизнь среди песков.

Кейя выросла в этой пыли и не знала иной жизни. Ей было пятнадцать, и она была лучшим механиком на сотни километров вокруг — хотя сравнивать, по правде, было особо не с кем. С тех пор как родители погибли в песчаную бурю, она жила одна в их старой мастерской на окраине поселения и зарабатывала тем, что чинила всё, что приносили: испарители влаги, спидеры, дроидов, древние генераторы, помнившие ещё прошлый век.

Руки у Кейи были золотые. Она чувствовала механизмы так, как иные чувствуют музыку, — слышала по звуку, что не так, угадывала неисправность раньше, чем разбирала корпус. Старые поселенцы говорили, что у девчонки дар, и несли ей свою рухлядь со всей округи. Кейя чинила, брала недорого, а с самых бедных и вовсе не брала ничего — потому что знала, каково это, когда сломавшийся испаритель означает смерть от жажды.

Мастерская была всем, что у неё осталось от родителей, и Кейя берегла её как святыню. Здесь, среди разложенных по полкам деталей, среди запаха смазки и нагретого металла, она чувствовала себя дома, как нигде больше. Машины не лгали и не предавали — у них всё было честно: есть поломка, есть причина, есть починка. Люди, считала Кейя, устроены сложнее и хуже. Может, потому она и тянулась к моторам — с ними всё было понятно. А ещё потому, что только за работой утихала тоска по родителям, которую девочка прятала ото всех глубоко в груди.

Жизнь её была тяжёлой, пыльной и предсказуемой. Кейя мечтала когда-нибудь вырваться отсюда — увидеть зелёные планеты из рассказов заезжих торговцев, города с настоящими огнями, корабли, что бороздят гиперпространство. Но мечты эти были далёкими, как звёзды над пустыней, и девочка давно научилась не слишком на них надеяться. Кто вырывается с Внешнего кольца? Отсюда не улетают. Здесь живут и здесь умирают, занесённые песком.

По вечерам, закончив работу, Кейя забиралась на крышу мастерской и смотрела в небо. Иногда там, высоко-высоко, мелькали огоньки кораблей, проходивших мимо её забытой планеты, не задерживаясь. Они летели куда-то в большую жизнь, в которой не было места пыльной девчонке-механику. Кейя провожала их взглядом и возвращалась к своим моторам.

Так было всегда. Так, она думала, будет вечно. Пока однажды ночью один из этих огоньков не сорвался с неба, оставив за собой дымный след, и не рухнул в дюнах прямо за её мастерской — с грохотом, от которого задрожали стёкла. Кейя выскочила наружу, сердце колотилось. Среди песков догорал маленький корабль, какого она никогда не видела. А из развороченного люка, шатаясь, выбиралась тёмная фигура — и падала ничком на остывающий песок.',
        'Пыль и моторы', 'Планета Тэррик-IV была краем мира — в самом буквальном смысле. Дальше неё, на Внешнем кольце, лежали только безжизненные камни да пустота. Здесь не было ни больших городов, ни блеска Республики, ни даже приличного космопорта — лишь пыль, два палящих солнца и горстка поселенцев, цеплявшихся за жизнь среди песков.

Кейя выросла в этой пыли и не знала иной жизни. Ей было пятнадцать, и она была лучшим механиком на сотни километров вокруг — хотя сравнивать, по правде, было особо не с кем. С тех пор как родители погибли в песчаную бурю, она жила одна в их старой мастерской на окраине поселения и зарабатывала тем, что чинила всё, что приносили: испарители влаги, спидеры, дроидов, древние генераторы, помнившие ещё прошлый век.

Руки у Кейи были золотые. Она чувствовала механизмы так, как иные чувствуют музыку, — слышала по звуку, что не так, угадывала неисправность раньше, чем разбирала корпус. Старые поселенцы говорили, что у девчонки дар, и несли ей свою рухлядь со всей округи. Кейя чинила, брала недорого, а с самых бедных и вовсе не брала ничего — потому что знала, каково это, когда сломавшийся испаритель означает смерть от жажды.

Мастерская была всем, что у неё осталось от родителей, и Кейя берегла её как святыню. Здесь, среди разложенных по полкам деталей, среди запаха смазки и нагретого металла, она чувствовала себя дома, как нигде больше. Машины не лгали и не предавали — у них всё было честно: есть поломка, есть причина, есть починка. Люди, считала Кейя, устроены сложнее и хуже. Может, потому она и тянулась к моторам — с ними всё было понятно. А ещё потому, что только за работой утихала тоска по родителям, которую девочка прятала ото всех глубоко в груди.

Жизнь её была тяжёлой, пыльной и предсказуемой. Кейя мечтала когда-нибудь вырваться отсюда — увидеть зелёные планеты из рассказов заезжих торговцев, города с настоящими огнями, корабли, что бороздят гиперпространство. Но мечты эти были далёкими, как звёзды над пустыней, и девочка давно научилась не слишком на них надеяться. Кто вырывается с Внешнего кольца? Отсюда не улетают. Здесь живут и здесь умирают, занесённые песком.

По вечерам, закончив работу, Кейя забиралась на крышу мастерской и смотрела в небо. Иногда там, высоко-высоко, мелькали огоньки кораблей, проходивших мимо её забытой планеты, не задерживаясь. Они летели куда-то в большую жизнь, в которой не было места пыльной девчонке-механику. Кейя провожала их взглядом и возвращалась к своим моторам.

Так было всегда. Так, она думала, будет вечно. Пока однажды ночью один из этих огоньков не сорвался с неба, оставив за собой дымный след, и не рухнул в дюнах прямо за её мастерской — с грохотом, от которого задрожали стёкла. Кейя выскочила наружу, сердце колотилось. Среди песков догорал маленький корабль, какого она никогда не видела. А из развороченного люка, шатаясь, выбиралась тёмная фигура — и падала ничком на остывающий песок.', 'published', '2026-02-12T12:00:00+00:00', '2026-02-12T13:00:00+00:00');
    INSERT INTO chapters (id, story_id, title, content, draft_title, draft_content, status, created_at, updated_at) VALUES (
        '969e14d7-6a10-5463-9c5d-27ece90e440b', 'a8b01144-8ffe-57cd-856f-4805b4c40999', 'Незнакомец в дюнах', 'Кейя дотащила незнакомца до мастерской на старом грузовом дроиде. Это оказался мужчина — немолодой, израненный, в опалённой одежде, с обожжёнными руками. Он был без сознания, но дышал. Девочка, кое-что понимавшая не только в моторах, но и в первой помощи (на Внешнем кольце иначе не выжить), как могла обработала его ожоги и уложила на свою койку.

Очнулся он только к утру. Открыл глаза, обвёл взглядом мастерскую, заваленную запчастями, и попытался вскочить — но застонал и откинулся обратно.

— Лежи, — велела Кейя, не отрываясь от верстака, где уже копалась в обломках его корабля. — Ты весь обгорел. Дёрнешься — швы разойдутся. Я тебя три часа штопала, так что будь добр, не порть работу.

Незнакомец оглядел девчонку — маленькую, чумазую, с гаечным ключом в руке и недетски серьёзными глазами.

— Где я? — спросил он хрипло.

— Тэррик-четыре. Край галактики. Дальше только пустота, — ответила Кейя. — Твой корабль всмятку. Я вытащила тебя из люка. Кто ты и от кого так драпал, что вошёл в атмосферу на честном слове и одном двигателе?

Мужчина помолчал, разглядывая её. Что-то в его взгляде было такое — усталое, внимательное, повидавшее слишком много, — отчего Кейе стало не по себе.

— Чем меньше ты знаешь, девочка, тем безопаснее для тебя, — сказал он наконец. — За мной идут. Скоро будут здесь. Мне нужно чинить корабль и улетать, иначе беда падёт и на тебя. Спасибо, что вытащила. А теперь забудь, что видела меня.

Кейя давно усвоила, что на Внешнем кольце доверять нужно с оглядкой, — но и бросать раненого в дюнах она не привыкла, кто бы он ни был. Здесь, на краю галактики, люди держались друг за друга, иначе не выжить, и помощь чужаку была не глупостью, а законом пустыни. К тому же в незнакомце, при всей его скрытности, не было того гнильца, что Кейя научилась чуять в дурных людях, проезжавших порой через их поселение. Усталость, боль, тревога — да. Но не подлость. И девочка, привыкшая доверять чутью не меньше, чем приборам, решила, что этому человеку, пожалуй, можно помочь.

Кейя фыркнула и швырнула на стол перед ним обгорелую деталь.

— Корабль твой не полетит. Ни сегодня, ни через неделю. Гипердвигатель — лом, стабилизаторы — лом, половина систем выгорела. Чинить тут на месяц работы, и то если найти запчасти, которых на этой дыре отродясь не водилось. Так что, мил человек, никуда ты пока не летишь. Придётся тебе довериться чумазой девчонке. Других вариантов у тебя нет.

Незнакомец долго смотрел на неё, а потом, неожиданно, слабо усмехнулся — впервые.

— А ты не из пугливых, — сказал он. — Ну хорошо. Будем чинить. Только учти: с этой минуты ты в большой игре, девочка. И назад дороги уже нет.',
        'Незнакомец в дюнах', 'Кейя дотащила незнакомца до мастерской на старом грузовом дроиде. Это оказался мужчина — немолодой, израненный, в опалённой одежде, с обожжёнными руками. Он был без сознания, но дышал. Девочка, кое-что понимавшая не только в моторах, но и в первой помощи (на Внешнем кольце иначе не выжить), как могла обработала его ожоги и уложила на свою койку.

Очнулся он только к утру. Открыл глаза, обвёл взглядом мастерскую, заваленную запчастями, и попытался вскочить — но застонал и откинулся обратно.

— Лежи, — велела Кейя, не отрываясь от верстака, где уже копалась в обломках его корабля. — Ты весь обгорел. Дёрнешься — швы разойдутся. Я тебя три часа штопала, так что будь добр, не порть работу.

Незнакомец оглядел девчонку — маленькую, чумазую, с гаечным ключом в руке и недетски серьёзными глазами.

— Где я? — спросил он хрипло.

— Тэррик-четыре. Край галактики. Дальше только пустота, — ответила Кейя. — Твой корабль всмятку. Я вытащила тебя из люка. Кто ты и от кого так драпал, что вошёл в атмосферу на честном слове и одном двигателе?

Мужчина помолчал, разглядывая её. Что-то в его взгляде было такое — усталое, внимательное, повидавшее слишком много, — отчего Кейе стало не по себе.

— Чем меньше ты знаешь, девочка, тем безопаснее для тебя, — сказал он наконец. — За мной идут. Скоро будут здесь. Мне нужно чинить корабль и улетать, иначе беда падёт и на тебя. Спасибо, что вытащила. А теперь забудь, что видела меня.

Кейя давно усвоила, что на Внешнем кольце доверять нужно с оглядкой, — но и бросать раненого в дюнах она не привыкла, кто бы он ни был. Здесь, на краю галактики, люди держались друг за друга, иначе не выжить, и помощь чужаку была не глупостью, а законом пустыни. К тому же в незнакомце, при всей его скрытности, не было того гнильца, что Кейя научилась чуять в дурных людях, проезжавших порой через их поселение. Усталость, боль, тревога — да. Но не подлость. И девочка, привыкшая доверять чутью не меньше, чем приборам, решила, что этому человеку, пожалуй, можно помочь.

Кейя фыркнула и швырнула на стол перед ним обгорелую деталь.

— Корабль твой не полетит. Ни сегодня, ни через неделю. Гипердвигатель — лом, стабилизаторы — лом, половина систем выгорела. Чинить тут на месяц работы, и то если найти запчасти, которых на этой дыре отродясь не водилось. Так что, мил человек, никуда ты пока не летишь. Придётся тебе довериться чумазой девчонке. Других вариантов у тебя нет.

Незнакомец долго смотрел на неё, а потом, неожиданно, слабо усмехнулся — впервые.

— А ты не из пугливых, — сказал он. — Ну хорошо. Будем чинить. Только учти: с этой минуты ты в большой игре, девочка. И назад дороги уже нет.', 'published', '2026-02-13T12:00:00+00:00', '2026-02-13T13:00:00+00:00');
    INSERT INTO chapters (id, story_id, title, content, draft_title, draft_content, status, created_at, updated_at) VALUES (
        'a4b19395-2529-5f87-9e59-414211ddb637', 'a8b01144-8ffe-57cd-856f-4805b4c40999', 'Большая игра', 'Они чинили корабль вместе три дня. Незнакомец, назвавшийся просто Корром, оказался знающим — руки у него тоже были умелые, хоть и обожжённые. Но без Кейи, без её запасов, без её знания, где на планете раздобыть нужный хлам, он не справился бы нипочём. Девочка раздобывала детали по всей округе, выменивала, выпрашивала, вытачивала недостающее сама на старом станке.

За работой Корр понемногу разговорился. Не всё рассказал — но достаточно, чтобы Кейя поняла: незнакомец не преступник, как она было подумала. Он перевозил людей. Беженцев — семьи, спасавшиеся от тех, кто пришёл к власти в центре галактики и принялся наводить свои порядки огнём и страхом. Корр вывозил их с захваченных планет в безопасные места, и за это за ним охотились.

— На этом рейсе я вёз целую семью, — рассказывал он, паяя проводку. — Высадил их в безопасности, а на обратном пути нарвался на патруль. Еле ушёл. Думал, дотяну до своих, а дотянул до тебя, на край света.

Кейя слушала, и в ней просыпалось что-то новое. Всю жизнь её мир ограничивался пыльным поселением и сломанными моторами. А оказывается, где-то там, в большой галактике, шла настоящая борьба — горели планеты, гибли и спасались люди, и были такие, как Корр, кто рисковал собой ради чужих семей. Рядом с этим её мечты о зелёных планетах вдруг показались мелкими.

— Возьми меня с собой, — сказала она на третий день, неожиданно для самой себя. — Когда починим. Я хороший механик. Тебе пригодится тот, кто держит корабль на ходу. А мне... мне надоело смотреть, как огоньки пролетают мимо. Хочу быть одним из них.

Слова сорвались с её губ прежде, чем она успела их обдумать, — но, произнеся их, Кейя поняла, что не возьмёт обратно. Всю жизнь она просидела в этой пыли, чиня чужие машины, чтобы другие могли уехать в большую жизнь, а сама оставалась. Всю жизнь смотрела на огоньки в небе, не смея поверить, что однажды станет одним из них. И вот судьба сама постучалась в её дверь — обгоревшая, израненная, опасная, но настоящая. Упустить такой случай значило приговорить себя к той самой пыльной вечности, которой она боялась больше всего. Нет. Будь что будет — но Кейя не останется.

Корр оторвался от работы и посмотрел на неё серьёзно.

— Это не приключение, девочка, — сказал он. — Это опасно. По-настоящему. Тех, кто помогает беженцам, не щадят. Ты можешь погибнуть. Можешь никогда не вернуться на свою планету. Подумай как следует.

— Я живу на краю галактики, где можно умереть от сломанного испарителя, — пожала плечами Кейя. — Опасностью меня не напугаешь. А вот прожить всю жизнь в этой пыли, так и не сделав ничего важного, — вот это по-настоящему страшно. Я всё решила, Корр. Чиним корабль — и я с тобой.',
        'Большая игра', 'Они чинили корабль вместе три дня. Незнакомец, назвавшийся просто Корром, оказался знающим — руки у него тоже были умелые, хоть и обожжённые. Но без Кейи, без её запасов, без её знания, где на планете раздобыть нужный хлам, он не справился бы нипочём. Девочка раздобывала детали по всей округе, выменивала, выпрашивала, вытачивала недостающее сама на старом станке.

За работой Корр понемногу разговорился. Не всё рассказал — но достаточно, чтобы Кейя поняла: незнакомец не преступник, как она было подумала. Он перевозил людей. Беженцев — семьи, спасавшиеся от тех, кто пришёл к власти в центре галактики и принялся наводить свои порядки огнём и страхом. Корр вывозил их с захваченных планет в безопасные места, и за это за ним охотились.

— На этом рейсе я вёз целую семью, — рассказывал он, паяя проводку. — Высадил их в безопасности, а на обратном пути нарвался на патруль. Еле ушёл. Думал, дотяну до своих, а дотянул до тебя, на край света.

Кейя слушала, и в ней просыпалось что-то новое. Всю жизнь её мир ограничивался пыльным поселением и сломанными моторами. А оказывается, где-то там, в большой галактике, шла настоящая борьба — горели планеты, гибли и спасались люди, и были такие, как Корр, кто рисковал собой ради чужих семей. Рядом с этим её мечты о зелёных планетах вдруг показались мелкими.

— Возьми меня с собой, — сказала она на третий день, неожиданно для самой себя. — Когда починим. Я хороший механик. Тебе пригодится тот, кто держит корабль на ходу. А мне... мне надоело смотреть, как огоньки пролетают мимо. Хочу быть одним из них.

Слова сорвались с её губ прежде, чем она успела их обдумать, — но, произнеся их, Кейя поняла, что не возьмёт обратно. Всю жизнь она просидела в этой пыли, чиня чужие машины, чтобы другие могли уехать в большую жизнь, а сама оставалась. Всю жизнь смотрела на огоньки в небе, не смея поверить, что однажды станет одним из них. И вот судьба сама постучалась в её дверь — обгоревшая, израненная, опасная, но настоящая. Упустить такой случай значило приговорить себя к той самой пыльной вечности, которой она боялась больше всего. Нет. Будь что будет — но Кейя не останется.

Корр оторвался от работы и посмотрел на неё серьёзно.

— Это не приключение, девочка, — сказал он. — Это опасно. По-настоящему. Тех, кто помогает беженцам, не щадят. Ты можешь погибнуть. Можешь никогда не вернуться на свою планету. Подумай как следует.

— Я живу на краю галактики, где можно умереть от сломанного испарителя, — пожала плечами Кейя. — Опасностью меня не напугаешь. А вот прожить всю жизнь в этой пыли, так и не сделав ничего важного, — вот это по-настоящему страшно. Я всё решила, Корр. Чиним корабль — и я с тобой.', 'published', '2026-02-14T12:00:00+00:00', '2026-02-14T13:00:00+00:00');
    INSERT INTO chapters (id, story_id, title, content, draft_title, draft_content, status, created_at, updated_at) VALUES (
        'a1ab2e84-60c3-545a-99d2-c701913e54b3', 'a8b01144-8ffe-57cd-856f-4805b4c40999', 'Огонёк, что не пролетел мимо', 'Корабль они доделали на четвёртую ночь — как раз вовремя. На рассвете датчики Кейи засекли чужие сигнатуры на орбите: те, кто охотился за Корром, всё-таки выследили его до Тэррик-IV. Времени почти не оставалось.

— Уходим, — бросил Корр, забираясь в кабину. — Если хочешь со мной — сейчас или никогда.

Кейя замешкалась на пороге мастерской — той самой, где прошла вся её жизнь, где остались родительские инструменты, знакомая пыль, привычный мир. Уйти означало бросить всё, что она знала, ради неизвестности, опасности, войны. На один удар сердца ей стало страшно.

А потом она вспомнила огоньки в ночном небе, которые всю жизнь пролетали мимо. И поняла, что не хочет больше провожать их взглядом с крыши. Она хочет быть одним из них. Кейя похватала самое нужное — сумку с инструментами, кое-какие пожитки — и запрыгнула в кабину рядом с Корром.

— Полетели, — сказала она. — Чего ждёшь?

Корабль взревел двигателями, которые они выходили вдвоём, оторвался от песка и рванул ввысь, прочь от пыльной планеты, сквозь атмосферу, мимо вражеских кораблей, не успевших их перехватить. А потом небо распахнулось чёрной бездной, усыпанной звёздами, и Кейя впервые в жизни увидела свою планету сверху — маленький рыжий шарик, тонущий в темноте.

— Не передумала? — спросил Корр, ложась на курс.

Кейя смотрела в иллюминатор на бескрайнюю россыпь звёзд — на ту самую большую жизнь, о которой мечтала с детства и в которую больше не верила. Теперь эта жизнь была вокруг неё, настоящая, огромная, опасная и прекрасная.

— Ни капли, — ответила она. — Знаешь, я всю жизнь чинила чужие моторы, чтобы другие могли куда-то улететь. А сама оставалась в пыли. Хватит. Теперь я сама лечу. И, кажется, у меня впереди целая галактика, которую нужно чинить.

Произнося это, Кейя сама удивлялась тому, как легко и правильно звучат её слова. Ещё вчера она была пыльной девчонкой с края галактики, не чаявшей вырваться. А сегодня под ней проплывала её родная планета — маленькая, рыжая, тонущая в звёздах, — и впереди лежала целая вселенная, огромная и неизведанная. Страх перед неизвестностью никуда не делся; он был, тихий и холодный, где-то под рёбрами. Но поверх страха разливалось что-то куда более сильное — пьянящее, головокружительное чувство начала. Чувство, что её настоящая жизнь, которую она ждала пятнадцать лет, наконец-то началась. Она бросила последний взгляд на удаляющийся рыжий шарик — и решительно отвернулась к звёздам, навстречу всему, что ждало впереди.

Корр усмехнулся и направил корабль к мерцающей точке вдалеке — к своим, к беженцам, к той самой борьбе, что шла за тысячи парсеков от пыльного Тэррик-IV. А чумазая девочка-механик с края галактики летела навстречу своей новой судьбе — и впервые в жизни была совершенно, до головокружения счастлива.',
        'Огонёк, что не пролетел мимо', 'Корабль они доделали на четвёртую ночь — как раз вовремя. На рассвете датчики Кейи засекли чужие сигнатуры на орбите: те, кто охотился за Корром, всё-таки выследили его до Тэррик-IV. Времени почти не оставалось.

— Уходим, — бросил Корр, забираясь в кабину. — Если хочешь со мной — сейчас или никогда.

Кейя замешкалась на пороге мастерской — той самой, где прошла вся её жизнь, где остались родительские инструменты, знакомая пыль, привычный мир. Уйти означало бросить всё, что она знала, ради неизвестности, опасности, войны. На один удар сердца ей стало страшно.

А потом она вспомнила огоньки в ночном небе, которые всю жизнь пролетали мимо. И поняла, что не хочет больше провожать их взглядом с крыши. Она хочет быть одним из них. Кейя похватала самое нужное — сумку с инструментами, кое-какие пожитки — и запрыгнула в кабину рядом с Корром.

— Полетели, — сказала она. — Чего ждёшь?

Корабль взревел двигателями, которые они выходили вдвоём, оторвался от песка и рванул ввысь, прочь от пыльной планеты, сквозь атмосферу, мимо вражеских кораблей, не успевших их перехватить. А потом небо распахнулось чёрной бездной, усыпанной звёздами, и Кейя впервые в жизни увидела свою планету сверху — маленький рыжий шарик, тонущий в темноте.

— Не передумала? — спросил Корр, ложась на курс.

Кейя смотрела в иллюминатор на бескрайнюю россыпь звёзд — на ту самую большую жизнь, о которой мечтала с детства и в которую больше не верила. Теперь эта жизнь была вокруг неё, настоящая, огромная, опасная и прекрасная.

— Ни капли, — ответила она. — Знаешь, я всю жизнь чинила чужие моторы, чтобы другие могли куда-то улететь. А сама оставалась в пыли. Хватит. Теперь я сама лечу. И, кажется, у меня впереди целая галактика, которую нужно чинить.

Произнося это, Кейя сама удивлялась тому, как легко и правильно звучат её слова. Ещё вчера она была пыльной девчонкой с края галактики, не чаявшей вырваться. А сегодня под ней проплывала её родная планета — маленькая, рыжая, тонущая в звёздах, — и впереди лежала целая вселенная, огромная и неизведанная. Страх перед неизвестностью никуда не делся; он был, тихий и холодный, где-то под рёбрами. Но поверх страха разливалось что-то куда более сильное — пьянящее, головокружительное чувство начала. Чувство, что её настоящая жизнь, которую она ждала пятнадцать лет, наконец-то началась. Она бросила последний взгляд на удаляющийся рыжий шарик — и решительно отвернулась к звёздам, навстречу всему, что ждало впереди.

Корр усмехнулся и направил корабль к мерцающей точке вдалеке — к своим, к беженцам, к той самой борьбе, что шла за тысячи парсеков от пыльного Тэррик-IV. А чумазая девочка-механик с края галактики летела навстречу своей новой судьбе — и впервые в жизни была совершенно, до головокружения счастлива.', 'published', '2026-02-15T12:00:00+00:00', '2026-02-15T13:00:00+00:00');

    -- [35] Падаван без меча (star-wars)
    INSERT INTO stories (id, slug, title, status, author_id, ai_summary, created_at, updated_at) VALUES (
        '956ee064-d3a9-57fe-9db6-3294cc3f0652', 'sw-padavan-bez-mecha', 'Падаван без меча', 'published', v_author_id, 'Юный ученик ордена не годится в воины — он слаб в бою и роняет световой меч. Но именно ему открывается то, что важнее любого клинка: путь миротворца.',
        '2026-02-10T12:00:00+00:00', '2026-04-15T08:00:00+00:00');
    INSERT INTO story_tags (story_id, tag_id) VALUES ('956ee064-d3a9-57fe-9db6-3294cc3f0652', '10000001-0001-4001-8001-000000000008');
    INSERT INTO story_tags (story_id, tag_id) VALUES ('956ee064-d3a9-57fe-9db6-3294cc3f0652', '10000004-0004-4004-8004-000000000002');
    INSERT INTO story_tags (story_id, tag_id) VALUES ('956ee064-d3a9-57fe-9db6-3294cc3f0652', '10000005-0005-4005-8005-000000000003');
    INSERT INTO story_tags (story_id, tag_id) VALUES ('956ee064-d3a9-57fe-9db6-3294cc3f0652', '10000006-0006-4006-8006-000000000001');
    INSERT INTO story_tags (story_id, tag_id) VALUES ('956ee064-d3a9-57fe-9db6-3294cc3f0652', '10000002-0002-4002-8002-000000000001');
    INSERT INTO story_tags (story_id, tag_id) VALUES ('956ee064-d3a9-57fe-9db6-3294cc3f0652', '10000002-0002-4002-8002-000000000006');
    INSERT INTO chapters (id, story_id, title, content, draft_title, draft_content, status, created_at, updated_at) VALUES (
        '14570705-1314-5f5b-ba10-c2165414f91d', '956ee064-d3a9-57fe-9db6-3294cc3f0652', 'Худший ученик', 'Эрин был, по общему мнению, худшим падаваном своего поколения. В фехтовании он безнадёжно уступал сверстникам, световой меч в его руках жил будто своей жизнью, норовя выскользнуть в самый ответственный момент. На тренировочных поединках его укладывали все, кому не лень. Наставники качали головами, а сверстники беззлобно, но обидно подшучивали.

Эрин старался изо всех сил. Часами отрабатывал стойки, до изнеможения упражнялся с клинком — и всё без толку. Тело словно сопротивлялось искусству войны. В Силе он был не слабее других — наоборот, наставники отмечали его необычайную чувствительность. Но стоило дойти до боя, и вся эта чувствительность будто оборачивалась против него: он слишком ясно ощущал чужую боль, чужой страх, и рука не поднималась бить в полную силу.

— Ты колеблешься, — выговаривал ему наставник после очередного проигранного поединка. — В решающий миг ты медлишь. Воин не может медлить.

— Я не хочу причинять боль, учитель, — тихо отвечал Эрин. — Даже на тренировке. Я чувствую её слишком хорошо.

Эрин и сам не понимал толком, почему рука его не поднимается бить. Дело было не в трусости — он не раз доказывал, что не робкого десятка. Дело было в чём-то более глубоком, чего он не умел объяснить наставникам. Когда он сходился с противником, Сила несла ему не азарт схватки, а отголоски чужого: напряжение, страх, боль предстоящего удара. Он чувствовал соперника изнутри, и потому ударить означало для него ударить будто самого себя. Эта чрезмерная чуткость казалась всем — и ему самому — слабостью, изъяном, который надо преодолеть. Никто, и меньше всего Эрин, не догадывался, что это и есть его величайший дар.

Наставник вздыхал. Он видел в мальчике редкий потенциал в Силе — и полную непригодность к тому, для чего этот орден, увы, всё чаще готовил своих учеников. Времена были тревожные. Галактику лихорадило, конфликты вспыхивали то тут, то там, и орден всё больше превращался из миротворцев в воинов. А Эрин был миротворцем до мозга костей — в эпоху, которой нужны были бойцы.

Сам Эрин страдал от своей непригодности. Он мечтал быть полезным, мечтал оправдать доверие наставников, не подвести орден. Но как, если он не может даже удержать меч в учебном бою? Ночами он лежал без сна и думал, что, должно быть, никогда не станет настоящим рыцарем, что место его — среди отстающих, среди тех, на кого махнули рукой.

Он не знал ещё, что Сила ведёт каждого своим путём. Что не всем суждено быть воинами — и что мир порой нуждается в миротворцах куда отчаяннее, чем в бойцах. Эрину предстояло открыть это самому, и открытие это придёт к нему не в тренировочном зале, а там, где гремело настоящее, не учебное оружие, — и где его необычный дар окажется нужнее всех клинков ордена.',
        'Худший ученик', 'Эрин был, по общему мнению, худшим падаваном своего поколения. В фехтовании он безнадёжно уступал сверстникам, световой меч в его руках жил будто своей жизнью, норовя выскользнуть в самый ответственный момент. На тренировочных поединках его укладывали все, кому не лень. Наставники качали головами, а сверстники беззлобно, но обидно подшучивали.

Эрин старался изо всех сил. Часами отрабатывал стойки, до изнеможения упражнялся с клинком — и всё без толку. Тело словно сопротивлялось искусству войны. В Силе он был не слабее других — наоборот, наставники отмечали его необычайную чувствительность. Но стоило дойти до боя, и вся эта чувствительность будто оборачивалась против него: он слишком ясно ощущал чужую боль, чужой страх, и рука не поднималась бить в полную силу.

— Ты колеблешься, — выговаривал ему наставник после очередного проигранного поединка. — В решающий миг ты медлишь. Воин не может медлить.

— Я не хочу причинять боль, учитель, — тихо отвечал Эрин. — Даже на тренировке. Я чувствую её слишком хорошо.

Эрин и сам не понимал толком, почему рука его не поднимается бить. Дело было не в трусости — он не раз доказывал, что не робкого десятка. Дело было в чём-то более глубоком, чего он не умел объяснить наставникам. Когда он сходился с противником, Сила несла ему не азарт схватки, а отголоски чужого: напряжение, страх, боль предстоящего удара. Он чувствовал соперника изнутри, и потому ударить означало для него ударить будто самого себя. Эта чрезмерная чуткость казалась всем — и ему самому — слабостью, изъяном, который надо преодолеть. Никто, и меньше всего Эрин, не догадывался, что это и есть его величайший дар.

Наставник вздыхал. Он видел в мальчике редкий потенциал в Силе — и полную непригодность к тому, для чего этот орден, увы, всё чаще готовил своих учеников. Времена были тревожные. Галактику лихорадило, конфликты вспыхивали то тут, то там, и орден всё больше превращался из миротворцев в воинов. А Эрин был миротворцем до мозга костей — в эпоху, которой нужны были бойцы.

Сам Эрин страдал от своей непригодности. Он мечтал быть полезным, мечтал оправдать доверие наставников, не подвести орден. Но как, если он не может даже удержать меч в учебном бою? Ночами он лежал без сна и думал, что, должно быть, никогда не станет настоящим рыцарем, что место его — среди отстающих, среди тех, на кого махнули рукой.

Он не знал ещё, что Сила ведёт каждого своим путём. Что не всем суждено быть воинами — и что мир порой нуждается в миротворцах куда отчаяннее, чем в бойцах. Эрину предстояло открыть это самому, и открытие это придёт к нему не в тренировочном зале, а там, где гремело настоящее, не учебное оружие, — и где его необычный дар окажется нужнее всех клинков ордена.', 'published', '2026-02-10T12:00:00+00:00', '2026-02-10T13:00:00+00:00');
    INSERT INTO chapters (id, story_id, title, content, draft_title, draft_content, status, created_at, updated_at) VALUES (
        'f1f33851-a171-5f6e-aa26-da16e7e030eb', '956ee064-d3a9-57fe-9db6-3294cc3f0652', 'Миссия, которая пошла не так', 'Эрина отправили на первую настоящую миссию скорее из жалости, чем из расчёта, — в паре с опытным рыцарем, на переговоры между двумя поселениями, что враждовали из-за воды на засушливой планете. Дело казалось несложным: помочь договориться, не дать конфликту разгореться. Наставники рассудили, что даже худший падаван справится с ролью наблюдателя.

Но всё пошло не так. Едва они прибыли, обстановка накалилась: переговоры сорвались, обе стороны схватились за оружие, и опытный рыцарь, спутник Эрина, был ранен в первой же стычке, пытаясь встать между враждующими. Внезапно Эрин остался один — перепуганный падаван, не умеющий драться, посреди готовой вспыхнуть войны.

Будь на его месте настоящий воин, он, может быть, попытался бы силой развести стороны, обнажил бы клинок, показал мощь ордена. Но Эрин не умел драться — и потому сделал единственное, что умел. Он шагнул в самую середину, между наведёнными друг на друга стволами, безоружный, с поднятыми руками, и заговорил.

Он не приказывал и не угрожал. Он чувствовал — своей обострённой чувствительностью к Силе — страх и боль с обеих сторон, и говорил именно о них. О том, что и те, и другие боятся за свои семьи. О том, что и те, и другие просто хотят, чтобы их дети не умерли от жажды. О том, что вода, из-за которой они готовы убивать друг друга, иссякнет от крови не меньше, чем от засухи.

Странное дело — его слушали. Голос Эрина, тихий и искренний, доходил туда, куда не дошёл бы приказ. Он называл вслух то, что чувствовали все, но боялись произнести. И оружие, наведённое было для бойни, мало-помалу опускалось — не из страха перед джедаем, а потому, что мальчик напомнил враждующим об их общей человечности.

Позже Эрин не мог толком вспомнить, что именно говорил, — слова шли сами, подсказанные не разумом, а тем самым обострённым чутьём, что обычно ему мешало. Он чувствовал каждого из этих людей: их усталость от вражды, их страх, их затаённое желание, чтобы всё это наконец прекратилось. И он говорил не с их оружием, а с этим желанием, обращался к тому человеческому, что таилось за наведёнными стволами. То, что всю жизнь делало его негодным воином, здесь, на самой грани бойни, обернулось небывалой силой. Впервые Эрин действовал не вопреки своей природе, а в полном согласии с ней — и природа эта творила чудо.

Эрин говорил долго, до хрипоты. Он переходил от одних к другим, выслушивал, примирял, нащупывал то общее, что было дороже спорной воды. И к ночи случилось то, чего не добился бы ни один клинок: вчерашние враги сели за один стол — не потому, что их заставили, а потому, что им впервые дали увидеть друг в друге людей. Раненый рыцарь, наблюдавший за этим со стороны, смотрел на своего нелепого падавана так, будто видел его впервые.',
        'Миссия, которая пошла не так', 'Эрина отправили на первую настоящую миссию скорее из жалости, чем из расчёта, — в паре с опытным рыцарем, на переговоры между двумя поселениями, что враждовали из-за воды на засушливой планете. Дело казалось несложным: помочь договориться, не дать конфликту разгореться. Наставники рассудили, что даже худший падаван справится с ролью наблюдателя.

Но всё пошло не так. Едва они прибыли, обстановка накалилась: переговоры сорвались, обе стороны схватились за оружие, и опытный рыцарь, спутник Эрина, был ранен в первой же стычке, пытаясь встать между враждующими. Внезапно Эрин остался один — перепуганный падаван, не умеющий драться, посреди готовой вспыхнуть войны.

Будь на его месте настоящий воин, он, может быть, попытался бы силой развести стороны, обнажил бы клинок, показал мощь ордена. Но Эрин не умел драться — и потому сделал единственное, что умел. Он шагнул в самую середину, между наведёнными друг на друга стволами, безоружный, с поднятыми руками, и заговорил.

Он не приказывал и не угрожал. Он чувствовал — своей обострённой чувствительностью к Силе — страх и боль с обеих сторон, и говорил именно о них. О том, что и те, и другие боятся за свои семьи. О том, что и те, и другие просто хотят, чтобы их дети не умерли от жажды. О том, что вода, из-за которой они готовы убивать друг друга, иссякнет от крови не меньше, чем от засухи.

Странное дело — его слушали. Голос Эрина, тихий и искренний, доходил туда, куда не дошёл бы приказ. Он называл вслух то, что чувствовали все, но боялись произнести. И оружие, наведённое было для бойни, мало-помалу опускалось — не из страха перед джедаем, а потому, что мальчик напомнил враждующим об их общей человечности.

Позже Эрин не мог толком вспомнить, что именно говорил, — слова шли сами, подсказанные не разумом, а тем самым обострённым чутьём, что обычно ему мешало. Он чувствовал каждого из этих людей: их усталость от вражды, их страх, их затаённое желание, чтобы всё это наконец прекратилось. И он говорил не с их оружием, а с этим желанием, обращался к тому человеческому, что таилось за наведёнными стволами. То, что всю жизнь делало его негодным воином, здесь, на самой грани бойни, обернулось небывалой силой. Впервые Эрин действовал не вопреки своей природе, а в полном согласии с ней — и природа эта творила чудо.

Эрин говорил долго, до хрипоты. Он переходил от одних к другим, выслушивал, примирял, нащупывал то общее, что было дороже спорной воды. И к ночи случилось то, чего не добился бы ни один клинок: вчерашние враги сели за один стол — не потому, что их заставили, а потому, что им впервые дали увидеть друг в друге людей. Раненый рыцарь, наблюдавший за этим со стороны, смотрел на своего нелепого падавана так, будто видел его впервые.', 'published', '2026-02-11T12:00:00+00:00', '2026-02-11T13:00:00+00:00');
    INSERT INTO chapters (id, story_id, title, content, draft_title, draft_content, status, created_at, updated_at) VALUES (
        'cb7f1903-bf7d-510d-8681-9cb8a2674e58', '956ee064-d3a9-57fe-9db6-3294cc3f0652', 'Сила, что не разит', 'Переговоры, которые Эрин вытянул в одиночку, увенчались миром — прочным, настоящим, не из страха, а из понимания. Поселения договорились делить воду и впервые за годы вздохнули спокойно. А раненый рыцарь, вернувшись в орден, доложил обо всём наставникам — и доклад его заставил их взглянуть на «худшего ученика» совсем иначе.

— Он не обнажил клинка ни разу, — рассказывал рыцарь. — Он вообще не умеет драться, вы знаете. Но он сделал то, чего не сделал бы и десяток наших лучших бойцов. Он погасил войну словом. Чувствуя обе стороны, он нашёл то, что их примирило. Я сражаюсь сорок лет — и ни одна моя победа не спасла столько жизней, сколько спасла его единственная мирная.

Наставники задумались. Перед ними была загадка: ученик, бесполезный по всем привычным меркам, оказался незаменим там, где привычные мерки не работали. И постепенно они поняли то, что давно пытался сказать им сам Эрин. Его слабость в бою была обратной стороной его силы в мире. Та самая чувствительность, что мешала ему разить, позволяла ему исцелять. Он не мог причинять боль — потому и умел её унимать.

Старейший из наставников вызвал Эрина к себе.

— Мы ошибались в тебе, юный падаван, — сказал он. — Точнее, мы мерили тебя не той мерой. Мы пытались сделать из тебя воина, потому что времена требуют воинов. А ты никогда им не был и не будешь. И в этом не твоя беда, а наша слепота. Ибо Сила, которая разит, — лишь часть Силы. Есть и другая — та, что примиряет, исцеляет, связывает разорванное. И ею ты владеешь, как немногие на моей памяти.

Эрин слушал старого наставника, и в груди у него теплело от слов, которых он ждал, сам того не сознавая, всю свою жизнь в ордене. Годами он считал себя ошибкой, неудачником, тем, кому не место среди одарённых. Годами носил в себе тихий стыд за то, что не оправдывает надежд, что не таков, каким должен быть. И вот оказывалось, что он не хуже других — он просто иной. Что его слабость и его сила — одно и то же, две стороны одной медали. Что Сила вела его не к мечу, а мимо меча, к чему-то, чему орден почти разучился учить. Это меняло всё.

Эрин слушал, не веря.

— Значит, я не худший ученик? — тихо спросил он.

— Ты иной ученик, — поправил наставник. — Орден слишком увлёкся клинками и забыл, ради чего был создан, — ради мира, а не войны. Ты напомнил нам об этом. И отныне твой путь — не путь меча. Ты будешь учиться искусству, которое мы почти растеряли, — искусству миротворца. И, боюсь, в наступающие тёмные времена оно понадобится галактике куда больше, чем все наши клинки, вместе взятые.',
        'Сила, что не разит', 'Переговоры, которые Эрин вытянул в одиночку, увенчались миром — прочным, настоящим, не из страха, а из понимания. Поселения договорились делить воду и впервые за годы вздохнули спокойно. А раненый рыцарь, вернувшись в орден, доложил обо всём наставникам — и доклад его заставил их взглянуть на «худшего ученика» совсем иначе.

— Он не обнажил клинка ни разу, — рассказывал рыцарь. — Он вообще не умеет драться, вы знаете. Но он сделал то, чего не сделал бы и десяток наших лучших бойцов. Он погасил войну словом. Чувствуя обе стороны, он нашёл то, что их примирило. Я сражаюсь сорок лет — и ни одна моя победа не спасла столько жизней, сколько спасла его единственная мирная.

Наставники задумались. Перед ними была загадка: ученик, бесполезный по всем привычным меркам, оказался незаменим там, где привычные мерки не работали. И постепенно они поняли то, что давно пытался сказать им сам Эрин. Его слабость в бою была обратной стороной его силы в мире. Та самая чувствительность, что мешала ему разить, позволяла ему исцелять. Он не мог причинять боль — потому и умел её унимать.

Старейший из наставников вызвал Эрина к себе.

— Мы ошибались в тебе, юный падаван, — сказал он. — Точнее, мы мерили тебя не той мерой. Мы пытались сделать из тебя воина, потому что времена требуют воинов. А ты никогда им не был и не будешь. И в этом не твоя беда, а наша слепота. Ибо Сила, которая разит, — лишь часть Силы. Есть и другая — та, что примиряет, исцеляет, связывает разорванное. И ею ты владеешь, как немногие на моей памяти.

Эрин слушал старого наставника, и в груди у него теплело от слов, которых он ждал, сам того не сознавая, всю свою жизнь в ордене. Годами он считал себя ошибкой, неудачником, тем, кому не место среди одарённых. Годами носил в себе тихий стыд за то, что не оправдывает надежд, что не таков, каким должен быть. И вот оказывалось, что он не хуже других — он просто иной. Что его слабость и его сила — одно и то же, две стороны одной медали. Что Сила вела его не к мечу, а мимо меча, к чему-то, чему орден почти разучился учить. Это меняло всё.

Эрин слушал, не веря.

— Значит, я не худший ученик? — тихо спросил он.

— Ты иной ученик, — поправил наставник. — Орден слишком увлёкся клинками и забыл, ради чего был создан, — ради мира, а не войны. Ты напомнил нам об этом. И отныне твой путь — не путь меча. Ты будешь учиться искусству, которое мы почти растеряли, — искусству миротворца. И, боюсь, в наступающие тёмные времена оно понадобится галактике куда больше, чем все наши клинки, вместе взятые.', 'published', '2026-02-12T12:00:00+00:00', '2026-02-12T13:00:00+00:00');
    INSERT INTO chapters (id, story_id, title, content, draft_title, draft_content, status, created_at, updated_at) VALUES (
        '77f1e65c-032e-5d8a-ac13-56b55b6cd0d9', '956ee064-d3a9-57fe-9db6-3294cc3f0652', 'Путь миротворца', 'Эрин так и не стал мастером клинка. Световой меч он по-прежнему носил, но почти не обнажал — тот висел у пояса больше как знак ордена, чем как оружие. Зато он стал тем, кем не был, кажется, никто в его поколении, — странствующим миротворцем, гасителем конфликтов, человеком, которого звали туда, где вот-вот должна была пролиться кровь.

Он странствовал от планеты к планете, от спора к спору. Где-то мирил поселения, где-то — кланы, где-то — целые народы, стоявшие на грани войны. И всюду действовал одинаково: не силой, не угрозой, не властью ордена, а тем редким даром чувствовать людей и говорить с ними о том, что они прячут глубже всего. Он не побеждал — он примирял. И за ним оставались не пепелища, а заключённые миры.

Конечно, не всё удавалось. Бывали конфликты, которые не гасились никаким словом, — где ненависть зашла слишком далеко или где кому-то война была попросту выгодна. Эрин переживал такие неудачи тяжело, до бессонницы. Но он научился не отчаиваться. На каждый спор, который не удалось погасить, приходились другие, которые удалось, — и за каждым стояли спасённые жизни, нерождённые сироты, несожжённые дома.

Со временем Эрин понял важную вещь о своём ремесле: о миротворцах не слагают песен. Менестрели воспевают битвы, героев с клинками, громкие победы, после которых остаются пепелища и могилы. А о войне, которой не случилось, о бойне, которую кто-то тихо погасил словом, никто не поёт — ведь как воспеть то, чего не произошло? Несбывшаяся трагедия не оставляет следа в легендах. Эрина это не печалило. Он давно понял, что выбрал путь без славы, зато с тихой, прочной правотой. Пусть о его трудах не помнит история — зато их помнят те живые, что благодаря ему не стали мёртвыми.

Однажды, спустя годы, он встретил того самого сверстника, что когда-то больше всех потешался над неуклюжим падаваном. Тот стал блестящим воином, прославился в сражениях — и был мрачен, изранен, надломлен изнутри тем, что повидал на войне.

— А знаешь, — сказал он Эрину невесело, — я ведь когда-то жалел тебя. Думал: вот бедняга, не годится в бойцы. А теперь сам тебе завидую. Я выиграл сотню битв, и за каждой — горы тел, в том числе своих. А ты предотвратил сотню битв, и за каждой — живые люди. Кто из нас, выходит, прожил правильнее?

Эрин не ответил. Он давно перестал делить пути на правильные и неправильные. Воины были нужны — он это понимал, и уважал тех, кто защищал слабых клинком. Но он был рад, что нашёл свой собственный путь, тот, что когда-то казался ему позором, а обернулся призванием.

— Сила ведёт каждого своей дорогой, — сказал он наконец. — Тебя — дорогой меча. Меня — дорогой мира. Обе нужны галактике. Просто о моей реже слагают легенды. Зато по ней, — он улыбнулся, — куда меньше крови. И, знаешь, я ни на что бы её не променял.',
        'Путь миротворца', 'Эрин так и не стал мастером клинка. Световой меч он по-прежнему носил, но почти не обнажал — тот висел у пояса больше как знак ордена, чем как оружие. Зато он стал тем, кем не был, кажется, никто в его поколении, — странствующим миротворцем, гасителем конфликтов, человеком, которого звали туда, где вот-вот должна была пролиться кровь.

Он странствовал от планеты к планете, от спора к спору. Где-то мирил поселения, где-то — кланы, где-то — целые народы, стоявшие на грани войны. И всюду действовал одинаково: не силой, не угрозой, не властью ордена, а тем редким даром чувствовать людей и говорить с ними о том, что они прячут глубже всего. Он не побеждал — он примирял. И за ним оставались не пепелища, а заключённые миры.

Конечно, не всё удавалось. Бывали конфликты, которые не гасились никаким словом, — где ненависть зашла слишком далеко или где кому-то война была попросту выгодна. Эрин переживал такие неудачи тяжело, до бессонницы. Но он научился не отчаиваться. На каждый спор, который не удалось погасить, приходились другие, которые удалось, — и за каждым стояли спасённые жизни, нерождённые сироты, несожжённые дома.

Со временем Эрин понял важную вещь о своём ремесле: о миротворцах не слагают песен. Менестрели воспевают битвы, героев с клинками, громкие победы, после которых остаются пепелища и могилы. А о войне, которой не случилось, о бойне, которую кто-то тихо погасил словом, никто не поёт — ведь как воспеть то, чего не произошло? Несбывшаяся трагедия не оставляет следа в легендах. Эрина это не печалило. Он давно понял, что выбрал путь без славы, зато с тихой, прочной правотой. Пусть о его трудах не помнит история — зато их помнят те живые, что благодаря ему не стали мёртвыми.

Однажды, спустя годы, он встретил того самого сверстника, что когда-то больше всех потешался над неуклюжим падаваном. Тот стал блестящим воином, прославился в сражениях — и был мрачен, изранен, надломлен изнутри тем, что повидал на войне.

— А знаешь, — сказал он Эрину невесело, — я ведь когда-то жалел тебя. Думал: вот бедняга, не годится в бойцы. А теперь сам тебе завидую. Я выиграл сотню битв, и за каждой — горы тел, в том числе своих. А ты предотвратил сотню битв, и за каждой — живые люди. Кто из нас, выходит, прожил правильнее?

Эрин не ответил. Он давно перестал делить пути на правильные и неправильные. Воины были нужны — он это понимал, и уважал тех, кто защищал слабых клинком. Но он был рад, что нашёл свой собственный путь, тот, что когда-то казался ему позором, а обернулся призванием.

— Сила ведёт каждого своей дорогой, — сказал он наконец. — Тебя — дорогой меча. Меня — дорогой мира. Обе нужны галактике. Просто о моей реже слагают легенды. Зато по ней, — он улыбнулся, — куда меньше крови. И, знаешь, я ни на что бы её не променял.', 'published', '2026-02-13T12:00:00+00:00', '2026-02-13T13:00:00+00:00');

    -- [36] Контрабандистка с совестью (star-wars)
    INSERT INTO stories (id, slug, title, status, author_id, ai_summary, created_at, updated_at) VALUES (
        '30ce014f-65dd-5fc3-a726-e4ea686983ff', 'sw-kontrabandistka-s-sovestyu', 'Контрабандистка с совестью', 'published', v_author_id, 'Контрабандистка возит что угодно и не задаёт вопросов — таково правило её ремесла. Но однажды груз оказывается живым, и старое правило приходится нарушить.',
        '2026-02-08T12:00:00+00:00', '2026-04-14T12:00:00+00:00');
    INSERT INTO story_tags (story_id, tag_id) VALUES ('30ce014f-65dd-5fc3-a726-e4ea686983ff', '10000001-0001-4001-8001-000000000008');
    INSERT INTO story_tags (story_id, tag_id) VALUES ('30ce014f-65dd-5fc3-a726-e4ea686983ff', '10000004-0004-4004-8004-000000000002');
    INSERT INTO story_tags (story_id, tag_id) VALUES ('30ce014f-65dd-5fc3-a726-e4ea686983ff', '10000005-0005-4005-8005-000000000003');
    INSERT INTO story_tags (story_id, tag_id) VALUES ('30ce014f-65dd-5fc3-a726-e4ea686983ff', '10000006-0006-4006-8006-000000000001');
    INSERT INTO story_tags (story_id, tag_id) VALUES ('30ce014f-65dd-5fc3-a726-e4ea686983ff', '10000002-0002-4002-8002-000000000006');
    INSERT INTO story_tags (story_id, tag_id) VALUES ('30ce014f-65dd-5fc3-a726-e4ea686983ff', '10000002-0002-4002-8002-000000000001');
    INSERT INTO story_tags (story_id, tag_id) VALUES ('30ce014f-65dd-5fc3-a726-e4ea686983ff', '10000003-0003-4003-8003-000000000002');
    INSERT INTO chapters (id, story_id, title, content, draft_title, draft_content, status, created_at, updated_at) VALUES (
        '399da5cc-5beb-5ab5-bcf3-64ec7b7eedc5', '30ce014f-65dd-5fc3-a726-e4ea686983ff', 'Не задавай вопросов', 'У Зары было одно правило, и она держалась его свято: не задавать вопросов о грузе. В её ремесле — а Зара была контрабандисткой, и неплохой — любопытство стоило дорого. Берёшь груз, везёшь из точки А в точку Б, получаешь плату, не суёшь нос внутрь контейнеров. Так живут долго. Так живёт она.

Её корабль, потрёпанный, но быстрый «Звёздный шип», знал все обходные пути галактики — те, где не дежурят патрули нового режима, что прибрал к рукам центральные миры. Зара возила что придётся: запчасти, лекарства мимо таможни, иногда оружие, иногда вещи, о происхождении которых лучше было не думать. Совесть свою она давно научилась держать на коротком поводке. Времена были суровые, выживали те, кто не разборчив.

По крайней мере, так Зара себе говорила. На деле где-то в глубине, под коркой цинизма, в ней ещё теплилось то, что она старательно прятала, — совесть, которую не удавалось заглушить до конца. Она не возила рабов — на это не шла никогда, хоть и платили за такое щедро. Она не сдавала своих. И с бедных порой брала вполовину. Мелочи, говорила она себе. Не для того, чтобы остаться хорошей. Просто чтобы не противно было смотреть в зеркало.

Зара не любила копаться в себе — в её ремесле это было лишней роскошью. Но если бы она дала себе труд задуматься, то поняла бы, что вся её показная чёрствость — лишь броня, наросшая за годы суровой жизни. Под этой бронёй пряталась девчонка, когда-то верившая в справедливость и обжёгшаяся об мир, который справедливостью не баловал. Цинизм был для неё способом выжить, не сломавшись окончательно. Те маленькие правила, которые она себе оставила — не возить рабов, не сдавать своих, — были последними нитями, связывавшими её с прежней собой. Зара держалась за них упрямо, хотя и сама не призналась бы, до чего они ей дороги.

Очередной заказ выглядел обычным. Богатый клиент, неприметный контейнер, хорошая плата за доставку на дальнюю планету, без вопросов и без вскрытия. Зара взяла груз в трюм, легла на курс и приготовилась к рутинному рейсу. Контейнер был большой, запечатанный, с какими-то непонятными значками, но это её, по правилу, не касалось.

Однако на вторые сутки полёта из трюма донёсся звук, от которого по спине Зары пробежал холодок. Не лязг сместившегося груза. Не гул аппаратуры. Тихий, приглушённый звук, который ни с чем не спутаешь, — плач. Детский плач, доносящийся из запечатанного контейнера.

Зара застыла у пульта. Правило было ясным: не задавай вопросов, не вскрывай груз. Вскроешь — узнаешь то, чего знать не положено, влезешь в чужие дела, наживёшь врагов. Самое умное — заткнуть уши, долететь, сдать груз, забыть. Так поступила бы любая разумная контрабандистка.

Плач за переборкой стал громче. Зара сидела, стиснув зубы, борясь с собой. А потом, выругавшись сквозь зубы на собственную несдержанную совесть, поднялась и пошла в трюм — вскрывать контейнер. Нарушать единственное правило, на котором держалась вся её безопасная жизнь.',
        'Не задавай вопросов', 'У Зары было одно правило, и она держалась его свято: не задавать вопросов о грузе. В её ремесле — а Зара была контрабандисткой, и неплохой — любопытство стоило дорого. Берёшь груз, везёшь из точки А в точку Б, получаешь плату, не суёшь нос внутрь контейнеров. Так живут долго. Так живёт она.

Её корабль, потрёпанный, но быстрый «Звёздный шип», знал все обходные пути галактики — те, где не дежурят патрули нового режима, что прибрал к рукам центральные миры. Зара возила что придётся: запчасти, лекарства мимо таможни, иногда оружие, иногда вещи, о происхождении которых лучше было не думать. Совесть свою она давно научилась держать на коротком поводке. Времена были суровые, выживали те, кто не разборчив.

По крайней мере, так Зара себе говорила. На деле где-то в глубине, под коркой цинизма, в ней ещё теплилось то, что она старательно прятала, — совесть, которую не удавалось заглушить до конца. Она не возила рабов — на это не шла никогда, хоть и платили за такое щедро. Она не сдавала своих. И с бедных порой брала вполовину. Мелочи, говорила она себе. Не для того, чтобы остаться хорошей. Просто чтобы не противно было смотреть в зеркало.

Зара не любила копаться в себе — в её ремесле это было лишней роскошью. Но если бы она дала себе труд задуматься, то поняла бы, что вся её показная чёрствость — лишь броня, наросшая за годы суровой жизни. Под этой бронёй пряталась девчонка, когда-то верившая в справедливость и обжёгшаяся об мир, который справедливостью не баловал. Цинизм был для неё способом выжить, не сломавшись окончательно. Те маленькие правила, которые она себе оставила — не возить рабов, не сдавать своих, — были последними нитями, связывавшими её с прежней собой. Зара держалась за них упрямо, хотя и сама не призналась бы, до чего они ей дороги.

Очередной заказ выглядел обычным. Богатый клиент, неприметный контейнер, хорошая плата за доставку на дальнюю планету, без вопросов и без вскрытия. Зара взяла груз в трюм, легла на курс и приготовилась к рутинному рейсу. Контейнер был большой, запечатанный, с какими-то непонятными значками, но это её, по правилу, не касалось.

Однако на вторые сутки полёта из трюма донёсся звук, от которого по спине Зары пробежал холодок. Не лязг сместившегося груза. Не гул аппаратуры. Тихий, приглушённый звук, который ни с чем не спутаешь, — плач. Детский плач, доносящийся из запечатанного контейнера.

Зара застыла у пульта. Правило было ясным: не задавай вопросов, не вскрывай груз. Вскроешь — узнаешь то, чего знать не положено, влезешь в чужие дела, наживёшь врагов. Самое умное — заткнуть уши, долететь, сдать груз, забыть. Так поступила бы любая разумная контрабандистка.

Плач за переборкой стал громче. Зара сидела, стиснув зубы, борясь с собой. А потом, выругавшись сквозь зубы на собственную несдержанную совесть, поднялась и пошла в трюм — вскрывать контейнер. Нарушать единственное правило, на котором держалась вся её безопасная жизнь.', 'published', '2026-02-08T12:00:00+00:00', '2026-02-08T13:00:00+00:00');
    INSERT INTO chapters (id, story_id, title, content, draft_title, draft_content, status, created_at, updated_at) VALUES (
        'e9e053fd-706c-5cee-9ac8-598f9158b1e3', '30ce014f-65dd-5fc3-a726-e4ea686983ff', 'Живой груз', 'В контейнере были дети. Трое — испуганные, измождённые, прижавшиеся друг к другу в тесноте. Старшей девочке было лет десять, младшему мальчишке — не больше пяти. Они сжались в углу, увидев Зару, и смотрели на неё огромными глазами, полными такого ужаса, что у видавшей виды контрабандистки перехватило дыхание.

Она поняла всё мгновенно. Богатый клиент. Неприметный контейнер. Дальняя планета без лишних вопросов. Она везла детей на продажу — то самое, на что зареклась не идти никогда. Везла, не зная, потому что не задавала вопросов. Правило, которое берегло её все эти годы, обернулось против неё самой: оно сделало её соучастницей того, что она ненавидела больше всего.

— Тихо, тихо, — выдавила она, опускаясь на колени, чтобы не нависать над детьми. — Я не трону. Я... я не знала, что вы здесь. Слышите? Не знала. Теперь знаю. И будь я проклята, если повезу вас туда, куда заказано.

Старшая девочка не поверила — да и как поверить, после всего. Но Зара не стала уговаривать. Она принесла детям воды, еды из своих запасов, одеяла. Села рядом и молча была рядом, пока испуг понемногу не отступил. И постепенно, по крупицам, девочка рассказала: их забрали с захваченной планеты, разлучили с родителями, продали, как вещи, и везли неизвестно куда.

Зара слушала, и внутри у неё что-то твердело — старая, придушенная совесть распрямлялась, как сжатая пружина. Она знала, чем рискует. Заказчик был из новых хозяев галактики, людей беспощадных. Не довезти груз означало навлечь на себя их гнев — а с такими врагами долго не живут. Самое безопасное было довезти, закрыть глаза, получить плату.

Но, глядя на троих детей в трюме своего корабля, Зара впервые за долгие годы поняла, что есть вещи пострашнее опасных врагов. Страшнее — это до конца жизни помнить лица этих детей, зная, что могла спасти и не спасла. С таким зеркалом ей было не жить.

Зара взвешивала всё трезво, как привыкла взвешивать любой риск в своём опасном ремесле. Довезти груз — безопасно, выгодно, привычно. Спасти детей — гибельно, разорительно, безумно. Любой расчёт говорил в пользу первого. Но впервые за долгие годы Зара поняла, что есть весы, на которых выгода и безопасность ничего не стоят. На этих весах лежали трое детских жизней с одной стороны и её собственное право называться человеком — с другой. И тут не о чем было даже думать. Расчётливая контрабандистка, всю жизнь ставившая выживание превыше всего, в этот миг с удивлением обнаружила, что есть вещи, ради которых стоит рискнуть и самим выживанием.

— Слушайте меня, — сказала она детям, и голос её обрёл твёрдость. — Я не повезу вас к тем, кто вас купил. Я отвезу вас в безопасное место. Не знаю пока куда — но найду. Будет трудно, за нами станут гнаться. Но я вас не отдам. Слово контрабандистки. А оно, уж поверьте, чего-нибудь да стоит.',
        'Живой груз', 'В контейнере были дети. Трое — испуганные, измождённые, прижавшиеся друг к другу в тесноте. Старшей девочке было лет десять, младшему мальчишке — не больше пяти. Они сжались в углу, увидев Зару, и смотрели на неё огромными глазами, полными такого ужаса, что у видавшей виды контрабандистки перехватило дыхание.

Она поняла всё мгновенно. Богатый клиент. Неприметный контейнер. Дальняя планета без лишних вопросов. Она везла детей на продажу — то самое, на что зареклась не идти никогда. Везла, не зная, потому что не задавала вопросов. Правило, которое берегло её все эти годы, обернулось против неё самой: оно сделало её соучастницей того, что она ненавидела больше всего.

— Тихо, тихо, — выдавила она, опускаясь на колени, чтобы не нависать над детьми. — Я не трону. Я... я не знала, что вы здесь. Слышите? Не знала. Теперь знаю. И будь я проклята, если повезу вас туда, куда заказано.

Старшая девочка не поверила — да и как поверить, после всего. Но Зара не стала уговаривать. Она принесла детям воды, еды из своих запасов, одеяла. Села рядом и молча была рядом, пока испуг понемногу не отступил. И постепенно, по крупицам, девочка рассказала: их забрали с захваченной планеты, разлучили с родителями, продали, как вещи, и везли неизвестно куда.

Зара слушала, и внутри у неё что-то твердело — старая, придушенная совесть распрямлялась, как сжатая пружина. Она знала, чем рискует. Заказчик был из новых хозяев галактики, людей беспощадных. Не довезти груз означало навлечь на себя их гнев — а с такими врагами долго не живут. Самое безопасное было довезти, закрыть глаза, получить плату.

Но, глядя на троих детей в трюме своего корабля, Зара впервые за долгие годы поняла, что есть вещи пострашнее опасных врагов. Страшнее — это до конца жизни помнить лица этих детей, зная, что могла спасти и не спасла. С таким зеркалом ей было не жить.

Зара взвешивала всё трезво, как привыкла взвешивать любой риск в своём опасном ремесле. Довезти груз — безопасно, выгодно, привычно. Спасти детей — гибельно, разорительно, безумно. Любой расчёт говорил в пользу первого. Но впервые за долгие годы Зара поняла, что есть весы, на которых выгода и безопасность ничего не стоят. На этих весах лежали трое детских жизней с одной стороны и её собственное право называться человеком — с другой. И тут не о чем было даже думать. Расчётливая контрабандистка, всю жизнь ставившая выживание превыше всего, в этот миг с удивлением обнаружила, что есть вещи, ради которых стоит рискнуть и самим выживанием.

— Слушайте меня, — сказала она детям, и голос её обрёл твёрдость. — Я не повезу вас к тем, кто вас купил. Я отвезу вас в безопасное место. Не знаю пока куда — но найду. Будет трудно, за нами станут гнаться. Но я вас не отдам. Слово контрабандистки. А оно, уж поверьте, чего-нибудь да стоит.', 'published', '2026-02-09T12:00:00+00:00', '2026-02-09T13:00:00+00:00');
    INSERT INTO chapters (id, story_id, title, content, draft_title, draft_content, status, created_at, updated_at) VALUES (
        '626887ed-1a31-5c2b-b0f3-549c1df72516', '30ce014f-65dd-5fc3-a726-e4ea686983ff', 'Цена правила', 'Решение далось Заре дорого. Едва она не явилась в точку передачи груза, заказчик поднял тревогу, и за «Звёздным шипом» началась охота. По всем обходным путям, которые Зара знала как свои пять пальцев, теперь рыскали те, кто хотел вернуть товар и наказать строптивую контрабандистку.

Начались тяжёлые дни. Зара уходила от погони, петляла, пряталась в астероидных полях, тратила последние сбережения на топливо и взятки. Корабль не раз был на волоске, дважды ей едва удавалось оторваться от патрулей. Она почти не спала, осунулась, извелась — но детей не отдала. Они притихли, привыкли к ней, младший даже начал улыбаться, и эти редкие улыбки были Заре дороже любой платы, которую она потеряла.

Дни погони изменили Зару сильнее, чем все предыдущие годы. Прежде она жила для себя одной, ни за кого не отвечая, ни к кому не привязываясь, — так было безопаснее. Теперь у неё на руках были три зависевшие от неё жизни, и эта ответственность, поначалу пугавшая, понемногу наполняла её существование смыслом, какого она не знала никогда. Она засыпала, прислушиваясь к дыханию спящих детей, просыпалась с мыслью об их безопасности, и впервые за долгое время её собственная судьба перестала быть единственным, что у неё есть. Зара и не подозревала, до чего изголодалась по этому простому чувству — быть кому-то по-настоящему нужной.

— Зачем ты это делаешь? — спросила её однажды старшая девочка, когда они в очередной раз отсиживались в тени мёртвой луны, пережидая патруль. — Тебе же из-за нас одни беды. Ты могла нас сдать и жить спокойно. Почему не сдала?

Зара долго молчала, глядя на тёмный экран сканеров.

— Знаешь, малая, — сказала она наконец, — у меня всю жизнь было правило: не задавать вопросов. Вези что дают, не лезь, не думай. Это правило берегло меня. Я была жива и при деньгах. Но в тот день, когда я услышала твой плач за переборкой, я поняла, чего это правило стоило. Оно сделало меня той, кто возит детей на продажу и не замечает. Я пряталась за «не знаю», чтобы не видеть, во что превращаюсь.

Она повернулась к девочке.

— Так что я делаю это не только ради вас. Ещё и ради себя. Чтобы снова стать человеком, который может смотреть в зеркало. Я слишком долго закрывала глаза. Хватит. Лучше погибну, помогая вам, чем буду жить, отвернувшись.

Девочка ничего не ответила — только придвинулась ближе и осторожно, недоверчиво положила голову Заре на плечо. И контрабандистка, не знавшая нежности годами, замерла, боясь спугнуть, — а потом осторожно обняла худенькие плечи. В этот миг она окончательно поняла, что не отдаст этих троих ни за что на свете, чего бы ей это ни стоило.',
        'Цена правила', 'Решение далось Заре дорого. Едва она не явилась в точку передачи груза, заказчик поднял тревогу, и за «Звёздным шипом» началась охота. По всем обходным путям, которые Зара знала как свои пять пальцев, теперь рыскали те, кто хотел вернуть товар и наказать строптивую контрабандистку.

Начались тяжёлые дни. Зара уходила от погони, петляла, пряталась в астероидных полях, тратила последние сбережения на топливо и взятки. Корабль не раз был на волоске, дважды ей едва удавалось оторваться от патрулей. Она почти не спала, осунулась, извелась — но детей не отдала. Они притихли, привыкли к ней, младший даже начал улыбаться, и эти редкие улыбки были Заре дороже любой платы, которую она потеряла.

Дни погони изменили Зару сильнее, чем все предыдущие годы. Прежде она жила для себя одной, ни за кого не отвечая, ни к кому не привязываясь, — так было безопаснее. Теперь у неё на руках были три зависевшие от неё жизни, и эта ответственность, поначалу пугавшая, понемногу наполняла её существование смыслом, какого она не знала никогда. Она засыпала, прислушиваясь к дыханию спящих детей, просыпалась с мыслью об их безопасности, и впервые за долгое время её собственная судьба перестала быть единственным, что у неё есть. Зара и не подозревала, до чего изголодалась по этому простому чувству — быть кому-то по-настоящему нужной.

— Зачем ты это делаешь? — спросила её однажды старшая девочка, когда они в очередной раз отсиживались в тени мёртвой луны, пережидая патруль. — Тебе же из-за нас одни беды. Ты могла нас сдать и жить спокойно. Почему не сдала?

Зара долго молчала, глядя на тёмный экран сканеров.

— Знаешь, малая, — сказала она наконец, — у меня всю жизнь было правило: не задавать вопросов. Вези что дают, не лезь, не думай. Это правило берегло меня. Я была жива и при деньгах. Но в тот день, когда я услышала твой плач за переборкой, я поняла, чего это правило стоило. Оно сделало меня той, кто возит детей на продажу и не замечает. Я пряталась за «не знаю», чтобы не видеть, во что превращаюсь.

Она повернулась к девочке.

— Так что я делаю это не только ради вас. Ещё и ради себя. Чтобы снова стать человеком, который может смотреть в зеркало. Я слишком долго закрывала глаза. Хватит. Лучше погибну, помогая вам, чем буду жить, отвернувшись.

Девочка ничего не ответила — только придвинулась ближе и осторожно, недоверчиво положила голову Заре на плечо. И контрабандистка, не знавшая нежности годами, замерла, боясь спугнуть, — а потом осторожно обняла худенькие плечи. В этот миг она окончательно поняла, что не отдаст этих троих ни за что на свете, чего бы ей это ни стоило.', 'published', '2026-02-10T12:00:00+00:00', '2026-02-10T13:00:00+00:00');
    INSERT INTO chapters (id, story_id, title, content, draft_title, draft_content, status, created_at, updated_at) VALUES (
        '309f81a5-e835-57d6-8967-4431d0cdbb1d', '30ce014f-65dd-5fc3-a726-e4ea686983ff', 'Куда летит «Звёздный шип»', 'Безопасное место Зара всё-таки нашла. Через старые связи, через полузабытых знакомых, через сеть тех, кто тайно помогал беженцам от нового режима, она вышла на людей, что укрывали спасённых детей и переправляли их к уцелевшей родне или в надёжные приюты на свободных мирах. Это были те самые, кого режим звал смутьянами, а Зара прежде сторонилась, считая чужие идеалы не своим делом.

Эти люди, которых Зара прежде сторонилась, оказались совсем не такими, как она думала. Не безумные фанатики, не наивные мечтатели — обычные мужчины и женщины, решившие, что не могут больше смотреть, как мир катится во тьму, и делающие что в их силах. Они рисковали жизнью не ради славы и не ради денег, а потому, что иначе не могли. Глядя на них, Зара узнавала собственное недавнее чувство — то, что заставило её вскрыть контейнер и нарушить главное правило. Оказывается, таких, как она, было много. Целая тихая сеть людей с пробудившейся совестью. И впервые за всю свою одинокую жизнь контрабандистка почувствовала, что нашла своих.

Передача далась нелегко — последний рывок сквозь блокаду едва не стоил «Звёздному шипу» крыльев. Но они прорвались. И когда Зара наконец сдала троих детей с рук на руки добрым людям, которые накормят их, согреют и вернут к жизни, она впервые за много дней выдохнула полной грудью.

Прощаться было неожиданно тяжело. Младший мальчишка вцепился в неё и не хотел отпускать. Старшая девочка, та, что плакала за переборкой, посмотрела на неё долгим взглядом.

— Спасибо, — сказала она просто. — Ты хорошая. Что бы ты про себя ни думала.

У Зары защипало в глазах — у неё, которая, казалось, давно разучилась плакать.

— Берегите себя, — буркнула она, пряча лицо. — И живите. Хорошо живите. За тем я вас и тащила через полгалактики.

Оставшись одна на своём корабле, Зара долго сидела в опустевшем трюме, где ещё недавно прятались дети. Денег она лишилась, нажила могущественных врагов, и прежняя безопасная жизнь была кончена навсегда. По всем расчётам контрабандистки, она поступила глупо — потеряла всё ради чужих детей.

И всё же Зара чувствовала не потерю, а что-то совсем иное — лёгкость, какой не знала годами. Будто сбросила груз тяжелее любого контейнера. Она снова могла смотреть в зеркало. Она снова была человеком.

Зара завела двигатели «Звёздного шипа» и легла на новый курс — к тем самым людям, что помогали беженцам. Раз уж она нажила врагов, раз уж прежней жизни конец, — так пусть новая жизнь хоть чего-то стоит. В галактике было полно контейнеров с живым горем, которые везли неизвестно куда. И у Зары теперь был быстрый корабль, знание всех обходных путей и заново обретённая совесть. Она знала, на что их потратит. Правило «не задавай вопросов» она нарушила навсегда — и впервые ни о чём не жалела.',
        'Куда летит «Звёздный шип»', 'Безопасное место Зара всё-таки нашла. Через старые связи, через полузабытых знакомых, через сеть тех, кто тайно помогал беженцам от нового режима, она вышла на людей, что укрывали спасённых детей и переправляли их к уцелевшей родне или в надёжные приюты на свободных мирах. Это были те самые, кого режим звал смутьянами, а Зара прежде сторонилась, считая чужие идеалы не своим делом.

Эти люди, которых Зара прежде сторонилась, оказались совсем не такими, как она думала. Не безумные фанатики, не наивные мечтатели — обычные мужчины и женщины, решившие, что не могут больше смотреть, как мир катится во тьму, и делающие что в их силах. Они рисковали жизнью не ради славы и не ради денег, а потому, что иначе не могли. Глядя на них, Зара узнавала собственное недавнее чувство — то, что заставило её вскрыть контейнер и нарушить главное правило. Оказывается, таких, как она, было много. Целая тихая сеть людей с пробудившейся совестью. И впервые за всю свою одинокую жизнь контрабандистка почувствовала, что нашла своих.

Передача далась нелегко — последний рывок сквозь блокаду едва не стоил «Звёздному шипу» крыльев. Но они прорвались. И когда Зара наконец сдала троих детей с рук на руки добрым людям, которые накормят их, согреют и вернут к жизни, она впервые за много дней выдохнула полной грудью.

Прощаться было неожиданно тяжело. Младший мальчишка вцепился в неё и не хотел отпускать. Старшая девочка, та, что плакала за переборкой, посмотрела на неё долгим взглядом.

— Спасибо, — сказала она просто. — Ты хорошая. Что бы ты про себя ни думала.

У Зары защипало в глазах — у неё, которая, казалось, давно разучилась плакать.

— Берегите себя, — буркнула она, пряча лицо. — И живите. Хорошо живите. За тем я вас и тащила через полгалактики.

Оставшись одна на своём корабле, Зара долго сидела в опустевшем трюме, где ещё недавно прятались дети. Денег она лишилась, нажила могущественных врагов, и прежняя безопасная жизнь была кончена навсегда. По всем расчётам контрабандистки, она поступила глупо — потеряла всё ради чужих детей.

И всё же Зара чувствовала не потерю, а что-то совсем иное — лёгкость, какой не знала годами. Будто сбросила груз тяжелее любого контейнера. Она снова могла смотреть в зеркало. Она снова была человеком.

Зара завела двигатели «Звёздного шипа» и легла на новый курс — к тем самым людям, что помогали беженцам. Раз уж она нажила врагов, раз уж прежней жизни конец, — так пусть новая жизнь хоть чего-то стоит. В галактике было полно контейнеров с живым горем, которые везли неизвестно куда. И у Зары теперь был быстрый корабль, знание всех обходных путей и заново обретённая совесть. Она знала, на что их потратит. Правило «не задавай вопросов» она нарушила навсегда — и впервые ни о чём не жалела.', 'published', '2026-02-11T12:00:00+00:00', '2026-02-11T13:00:00+00:00');

    -- [37] Голос в эфире (star-wars)
    INSERT INTO stories (id, slug, title, status, author_id, ai_summary, created_at, updated_at) VALUES (
        '6f66ff04-033b-5a11-ab3d-ced2240e078f', 'sw-golos-v-efire', 'Голос в эфире', 'published', v_author_id, 'На захваченной планете девушка-радист тайно ведёт подпольную передачу, поддерживая надежду в тех, кто остался. Её знают по голосу миллионы — но не знает в лицо никто.',
        '2026-02-06T12:00:00+00:00', '2026-04-13T11:00:00+00:00');
    INSERT INTO story_tags (story_id, tag_id) VALUES ('6f66ff04-033b-5a11-ab3d-ced2240e078f', '10000001-0001-4001-8001-000000000008');
    INSERT INTO story_tags (story_id, tag_id) VALUES ('6f66ff04-033b-5a11-ab3d-ced2240e078f', '10000004-0004-4004-8004-000000000002');
    INSERT INTO story_tags (story_id, tag_id) VALUES ('6f66ff04-033b-5a11-ab3d-ced2240e078f', '10000005-0005-4005-8005-000000000003');
    INSERT INTO story_tags (story_id, tag_id) VALUES ('6f66ff04-033b-5a11-ab3d-ced2240e078f', '10000006-0006-4006-8006-000000000002');
    INSERT INTO story_tags (story_id, tag_id) VALUES ('6f66ff04-033b-5a11-ab3d-ced2240e078f', '10000002-0002-4002-8002-000000000001');
    INSERT INTO story_tags (story_id, tag_id) VALUES ('6f66ff04-033b-5a11-ab3d-ced2240e078f', '10000002-0002-4002-8002-000000000006');
    INSERT INTO chapters (id, story_id, title, content, draft_title, draft_content, status, created_at, updated_at) VALUES (
        '1ab26abe-f37f-5788-83ae-f8762fb5ba28', '6f66ff04-033b-5a11-ab3d-ced2240e078f', 'Частота надежды', 'Когда планету захватили, первым делом новый режим взял под контроль все средства связи. Голопередачи, новости, эфир — всё теперь вещало одно: покоритесь, сопротивление бессмысленно, всё под контролем, будущего у мятежников нет. День за днём в каждый дом лился этот голос власти, гасивший последние искры надежды.

А потом в эфире появился другой голос.

Каждую ночь, на одной и той же тайной частоте, которую передавали из уст в уста, звучала короткая передача. Девичий голос — спокойный, тёплый, ничего не приказывающий и не призывающий к оружию. Он просто говорил с людьми. Рассказывал правду о том, что режим скрывал: что сопротивление живо, что свободные миры держатся, что не вся галактика покорилась. Напоминал, что страх, который насаждает власть, — это и есть её главное оружие, и пока люди не сдались внутри, они не побеждены.

Сила этого голоса была не в громких словах, а в его человечности. Режим вещал безлично, машинно, давя на страх; голос же говорил так, будто обращался к каждому слушателю лично, как друг к другу за столом. Он не обещал лёгкой победы и не приукрашивал — он признавал, что трудно, что страшно, что потери реальны. И именно эта честность внушала веру его словам. Людям, задавленным пропагандой и страхом, отчаянно нужен был хоть один голос, который говорил бы с ними как с людьми, а не как с подданными. И этот голос у них был — каждую ночь, на тайной частоте, наперекор всей мощи режима.

Голос не называл имён, не выдавал планов, не звал на баррикады — это было бы самоубийством и для него, и для слушателей. Он делал другое, не менее важное: не давал угаснуть надежде. В мире, где каждый чувствовал себя одиноким и сломленным, этот голос каждую ночь напоминал: ты не один, нас много, мы помним, кто мы, и мы дождёмся.

Режим объявил за голос награду — огромную. Его искали с остервенением, глушили частоту, прочёсывали город за городом. Но голос ускользал, менял частоты, появлялся снова. Для властей он стал наваждением, символом неподчинения, который никак не удавалось заставить замолчать. А для жителей захваченной планеты — невидимым другом, которого ждали каждую ночь, как ждут света в конце тоннеля.

Никто не знал, кто стоит за этим голосом. Воображение рисовало то седого мудреца, то отважного командира подполья, то целую тайную организацию с мощной аппаратурой. Никто и помыслить не мог, что голос, поддерживавший надежду миллионов, принадлежит девятнадцатилетней девушке по имени Лия, что вещает она из подвала, на старом, собранном из хлама передатчике, и что каждая её передача может оказаться последней.

Лия не была героиней из легенд. Она боялась — каждую ночь, выходя в эфир, боялась, что её засекут, что вот сейчас вышибут дверь. Но она говорила. Потому что кто-то должен был. Потому что молчание было той самой победой, которой добивался режим. И пока её голос звучал в ночи, эта победа от врага ускользала.',
        'Частота надежды', 'Когда планету захватили, первым делом новый режим взял под контроль все средства связи. Голопередачи, новости, эфир — всё теперь вещало одно: покоритесь, сопротивление бессмысленно, всё под контролем, будущего у мятежников нет. День за днём в каждый дом лился этот голос власти, гасивший последние искры надежды.

А потом в эфире появился другой голос.

Каждую ночь, на одной и той же тайной частоте, которую передавали из уст в уста, звучала короткая передача. Девичий голос — спокойный, тёплый, ничего не приказывающий и не призывающий к оружию. Он просто говорил с людьми. Рассказывал правду о том, что режим скрывал: что сопротивление живо, что свободные миры держатся, что не вся галактика покорилась. Напоминал, что страх, который насаждает власть, — это и есть её главное оружие, и пока люди не сдались внутри, они не побеждены.

Сила этого голоса была не в громких словах, а в его человечности. Режим вещал безлично, машинно, давя на страх; голос же говорил так, будто обращался к каждому слушателю лично, как друг к другу за столом. Он не обещал лёгкой победы и не приукрашивал — он признавал, что трудно, что страшно, что потери реальны. И именно эта честность внушала веру его словам. Людям, задавленным пропагандой и страхом, отчаянно нужен был хоть один голос, который говорил бы с ними как с людьми, а не как с подданными. И этот голос у них был — каждую ночь, на тайной частоте, наперекор всей мощи режима.

Голос не называл имён, не выдавал планов, не звал на баррикады — это было бы самоубийством и для него, и для слушателей. Он делал другое, не менее важное: не давал угаснуть надежде. В мире, где каждый чувствовал себя одиноким и сломленным, этот голос каждую ночь напоминал: ты не один, нас много, мы помним, кто мы, и мы дождёмся.

Режим объявил за голос награду — огромную. Его искали с остервенением, глушили частоту, прочёсывали город за городом. Но голос ускользал, менял частоты, появлялся снова. Для властей он стал наваждением, символом неподчинения, который никак не удавалось заставить замолчать. А для жителей захваченной планеты — невидимым другом, которого ждали каждую ночь, как ждут света в конце тоннеля.

Никто не знал, кто стоит за этим голосом. Воображение рисовало то седого мудреца, то отважного командира подполья, то целую тайную организацию с мощной аппаратурой. Никто и помыслить не мог, что голос, поддерживавший надежду миллионов, принадлежит девятнадцатилетней девушке по имени Лия, что вещает она из подвала, на старом, собранном из хлама передатчике, и что каждая её передача может оказаться последней.

Лия не была героиней из легенд. Она боялась — каждую ночь, выходя в эфир, боялась, что её засекут, что вот сейчас вышибут дверь. Но она говорила. Потому что кто-то должен был. Потому что молчание было той самой победой, которой добивался режим. И пока её голос звучал в ночи, эта победа от врага ускользала.', 'published', '2026-02-06T12:00:00+00:00', '2026-02-06T13:00:00+00:00');
    INSERT INTO chapters (id, story_id, title, content, draft_title, draft_content, status, created_at, updated_at) VALUES (
        'ea629965-bf3a-5726-b99f-e38dd5626306', '6f66ff04-033b-5a11-ab3d-ced2240e078f', 'Та, кого ищут', 'Днём Лия была никем — неприметной девушкой, работавшей в мастерской по ремонту техники, одной из тысяч, бредущих по своим делам под взглядами патрулей. Никто из знавших её и предположить не мог, что тихая, скромная Лия и есть тот самый голос, за который обещана баснословная награда. В этом и была её защита — полная обыкновенность.

Свою аппаратуру она собрала сама, из списанных деталей, что проходили через мастерскую. Она хорошо разбиралась в технике — это и навело её когда-то на мысль о подпольном вещании. Передатчик прятался в подвале под мастерской, за фальшивой стеной, и каждую ночь Лия спускалась туда, надевала наушники и становилась голосом надежды для целой планеты.

Это была двойная жизнь, и она изматывала. Днём — притворяться обычной, не выдать себя ни словом, ни взглядом, спокойно смотреть, как патрули хватают людей по подозрению в связи с «голосом». Ночью — рисковать всем, зная, что пеленгаторы режима подбираются всё ближе. Лия почти не спала, исхудала, вздрагивала от каждого стука. Но не бросала.

Иногда ей становилось невыносимо одиноко. Миллионы знали её голос, ждали его, черпали в нём силы — а она не могла поделиться своей ношей ни с кем, не подвергнув близких смертельной опасности. Она была знаменита и совершенно одна разом. Её любили, не зная её лица. Её искали, не зная её имени.

Это и было самое тяжёлое в её двойной жизни — не страх даже, а одиночество. Лия отдавала надежду тысячам, а сама не имела с кем разделить ни своих страхов, ни своей ноши. Она не могла рассказать о себе ни единой живой душе: любое доверенное слово стало бы смертным приговором — и ей, и тому, кому она доверилась. Знаменитая и безымянная, любимая и неведомая, она жила за двумя лицами разом, и ни одно не было до конца её собственным. Порой Лие отчаянно хотелось, чтобы хоть кто-нибудь знал правду, — просто чтобы не нести всё это в одиночку. Но она молчала. Молчание было ценой её дела.

Однажды патруль увёл её соседку — пожилую женщину, всего лишь за то, что у той нашли записанную передачу «голоса». Лия видела это из окна мастерской и сжимала кулаки, понимая, что не может вмешаться, не выдав себя. В ту ночь она едва не сдалась. Едва не разбила передатчик и не зажила тихой, безопасной жизнью. Какой смысл в её словах, если за них страдают невинные?

Но, выйдя в эфир той ночью, она сказала об этом — о страхе, о вине, о соблазне замолчать. И наутро по городу из уст в уста передавали её слова: что молчать от страха — значит позволить страху победить; что те, кого хватают, страдают не из-за голоса, а из-за тех, кто хватает; и что предать надежду — это предать в том числе и схваченную соседку. И Лия поняла: пока её слова нужны людям, она не имеет права молчать. Чего бы это ни стоило ей самой.

(продолжение следует)',
        'Та, кого ищут', 'Днём Лия была никем — неприметной девушкой, работавшей в мастерской по ремонту техники, одной из тысяч, бредущих по своим делам под взглядами патрулей. Никто из знавших её и предположить не мог, что тихая, скромная Лия и есть тот самый голос, за который обещана баснословная награда. В этом и была её защита — полная обыкновенность.

Свою аппаратуру она собрала сама, из списанных деталей, что проходили через мастерскую. Она хорошо разбиралась в технике — это и навело её когда-то на мысль о подпольном вещании. Передатчик прятался в подвале под мастерской, за фальшивой стеной, и каждую ночь Лия спускалась туда, надевала наушники и становилась голосом надежды для целой планеты.

Это была двойная жизнь, и она изматывала. Днём — притворяться обычной, не выдать себя ни словом, ни взглядом, спокойно смотреть, как патрули хватают людей по подозрению в связи с «голосом». Ночью — рисковать всем, зная, что пеленгаторы режима подбираются всё ближе. Лия почти не спала, исхудала, вздрагивала от каждого стука. Но не бросала.

Иногда ей становилось невыносимо одиноко. Миллионы знали её голос, ждали его, черпали в нём силы — а она не могла поделиться своей ношей ни с кем, не подвергнув близких смертельной опасности. Она была знаменита и совершенно одна разом. Её любили, не зная её лица. Её искали, не зная её имени.

Это и было самое тяжёлое в её двойной жизни — не страх даже, а одиночество. Лия отдавала надежду тысячам, а сама не имела с кем разделить ни своих страхов, ни своей ноши. Она не могла рассказать о себе ни единой живой душе: любое доверенное слово стало бы смертным приговором — и ей, и тому, кому она доверилась. Знаменитая и безымянная, любимая и неведомая, она жила за двумя лицами разом, и ни одно не было до конца её собственным. Порой Лие отчаянно хотелось, чтобы хоть кто-нибудь знал правду, — просто чтобы не нести всё это в одиночку. Но она молчала. Молчание было ценой её дела.

Однажды патруль увёл её соседку — пожилую женщину, всего лишь за то, что у той нашли записанную передачу «голоса». Лия видела это из окна мастерской и сжимала кулаки, понимая, что не может вмешаться, не выдав себя. В ту ночь она едва не сдалась. Едва не разбила передатчик и не зажила тихой, безопасной жизнью. Какой смысл в её словах, если за них страдают невинные?

Но, выйдя в эфир той ночью, она сказала об этом — о страхе, о вине, о соблазне замолчать. И наутро по городу из уст в уста передавали её слова: что молчать от страха — значит позволить страху победить; что те, кого хватают, страдают не из-за голоса, а из-за тех, кто хватает; и что предать надежду — это предать в том числе и схваченную соседку. И Лия поняла: пока её слова нужны людям, она не имеет права молчать. Чего бы это ни стоило ей самой.

(продолжение следует)', 'published', '2026-02-07T12:00:00+00:00', '2026-02-07T13:00:00+00:00');
    INSERT INTO chapters (id, story_id, title, content, draft_title, draft_content, status, created_at, updated_at) VALUES (
        '5288f9b2-4623-586d-9ff0-dcc2d2a8af08', '6f66ff04-033b-5a11-ab3d-ced2240e078f', 'Ближе, чем кажется', 'Кольцо вокруг Лии сжималось. Режим бросил на поиски «голоса» лучших специалистов, и пеленгаторы день ото дня подбирались ближе к её району. Лия чувствовала это — по участившимся патрулям, по облавам, по тому, как глушение её частоты становилось всё точнее. Каждая передача теперь была игрой со смертью.

Она стала осторожнее: меняла время выхода, вещала короче, переносила передатчик. Но она понимала, что это лишь оттягивает неизбежное. Рано или поздно её найдут. Вопрос был только в том, успеет ли она к тому времени сделать что-то по-настоящему важное — или просто однажды не выйдет в эфир, и голос надежды смолкнет, оборвавшись на полуслове.

И тогда Лия задумала самое опасное за всё время. До неё дошли вести: свободные миры готовят удар, чтобы освободить её планету. Но восстанию внутри нужно было знать час — чтобы подняться одновременно, поддержать освободителей изнутри, не дать режиму стянуть силы. Эту весть нужно было передать через эфир — открыто, всей планете, в точно назначенный миг. А значит, в ту ночь её запеленгуют наверняка. Эта передача почти неизбежно станет последней.

Лия знала это, готовясь к решающему эфиру. Она сидела в своём подвале, перед передатчиком, который собрала своими руками, и думала о том, что прожила, в сущности, недолго, но не зря. Тысячи ночей она дарила людям надежду. А теперь подарит им то, ради чего вся эта надежда и нужна, — час освобождения. Если ценой будет её жизнь — что ж, она знала, на что шла, с самой первой передачи.

Готовясь к этой передаче, Лия испытывала странное спокойствие — то, что приходит к человеку, принявшему окончательное решение. Страх, мучивший её все эти ночи, отступил, уступив место ясности. Она прожила девятнадцать лет, из них последние — на самой грани гибели, даря людям то единственное, что у неё было, — голос и надежду. И если этой ночью её дело завершится самой важной передачей в её жизни, то и жизнь, выходит, прожита не зря. Лия думала о схваченной соседке, о тысячах безымянных слушателей, о тех, кто поднимется по её сигналу, — и понимала, что не одна. За её голосом стояла целая планета.

Ей было страшно. Очень. Но страх давно стал её привычным спутником, и Лия научилась говорить сквозь него. Она в последний раз проверила аппаратуру, надела наушники, глубоко вдохнула.

Где-то наверху, в ночи, рыскали пеленгаторы, готовые засечь её сигнал. Где-то далеко, у границ системы, ждали своего часа корабли освободителей. А где-то по всей планете, в тёмных домах, миллионы людей настраивали приёмники на знакомую частоту, ожидая голос, который не подводил их ни разу.

Лия щёлкнула тумблером передатчика и заговорила — спокойно и твёрдо, как говорила всегда:

— Здравствуйте. Это снова я. Сегодня у меня для вас особенные новости. Слушайте внимательно — и не теряйте надежды. Кажется, ночь скоро кончится.

(продолжение следует)',
        'Ближе, чем кажется', 'Кольцо вокруг Лии сжималось. Режим бросил на поиски «голоса» лучших специалистов, и пеленгаторы день ото дня подбирались ближе к её району. Лия чувствовала это — по участившимся патрулям, по облавам, по тому, как глушение её частоты становилось всё точнее. Каждая передача теперь была игрой со смертью.

Она стала осторожнее: меняла время выхода, вещала короче, переносила передатчик. Но она понимала, что это лишь оттягивает неизбежное. Рано или поздно её найдут. Вопрос был только в том, успеет ли она к тому времени сделать что-то по-настоящему важное — или просто однажды не выйдет в эфир, и голос надежды смолкнет, оборвавшись на полуслове.

И тогда Лия задумала самое опасное за всё время. До неё дошли вести: свободные миры готовят удар, чтобы освободить её планету. Но восстанию внутри нужно было знать час — чтобы подняться одновременно, поддержать освободителей изнутри, не дать режиму стянуть силы. Эту весть нужно было передать через эфир — открыто, всей планете, в точно назначенный миг. А значит, в ту ночь её запеленгуют наверняка. Эта передача почти неизбежно станет последней.

Лия знала это, готовясь к решающему эфиру. Она сидела в своём подвале, перед передатчиком, который собрала своими руками, и думала о том, что прожила, в сущности, недолго, но не зря. Тысячи ночей она дарила людям надежду. А теперь подарит им то, ради чего вся эта надежда и нужна, — час освобождения. Если ценой будет её жизнь — что ж, она знала, на что шла, с самой первой передачи.

Готовясь к этой передаче, Лия испытывала странное спокойствие — то, что приходит к человеку, принявшему окончательное решение. Страх, мучивший её все эти ночи, отступил, уступив место ясности. Она прожила девятнадцать лет, из них последние — на самой грани гибели, даря людям то единственное, что у неё было, — голос и надежду. И если этой ночью её дело завершится самой важной передачей в её жизни, то и жизнь, выходит, прожита не зря. Лия думала о схваченной соседке, о тысячах безымянных слушателей, о тех, кто поднимется по её сигналу, — и понимала, что не одна. За её голосом стояла целая планета.

Ей было страшно. Очень. Но страх давно стал её привычным спутником, и Лия научилась говорить сквозь него. Она в последний раз проверила аппаратуру, надела наушники, глубоко вдохнула.

Где-то наверху, в ночи, рыскали пеленгаторы, готовые засечь её сигнал. Где-то далеко, у границ системы, ждали своего часа корабли освободителей. А где-то по всей планете, в тёмных домах, миллионы людей настраивали приёмники на знакомую частоту, ожидая голос, который не подводил их ни разу.

Лия щёлкнула тумблером передатчика и заговорила — спокойно и твёрдо, как говорила всегда:

— Здравствуйте. Это снова я. Сегодня у меня для вас особенные новости. Слушайте внимательно — и не теряйте надежды. Кажется, ночь скоро кончится.

(продолжение следует)', 'published', '2026-02-08T12:00:00+00:00', '2026-02-08T13:00:00+00:00');

    -- [38] Мейстер замёрзшего замка (game-of-thrones)
    INSERT INTO stories (id, slug, title, status, author_id, ai_summary, created_at, updated_at) VALUES (
        'aa16c84b-2922-59b9-9f06-ebf1b45dbec9', 'got-meyster-zamyorzshego-zamka', 'Мейстер замёрзшего замка', 'published', v_author_id, 'В забытом замке на самом краю Севера старый мейстер ведёт хроники, которые никто не читает. Когда к нему приходит беда, выясняется, что знания дороже мечей.',
        '2026-02-04T12:00:00+00:00', '2026-04-12T10:00:00+00:00');
    INSERT INTO story_tags (story_id, tag_id) VALUES ('aa16c84b-2922-59b9-9f06-ebf1b45dbec9', '10000001-0001-4001-8001-000000000009');
    INSERT INTO story_tags (story_id, tag_id) VALUES ('aa16c84b-2922-59b9-9f06-ebf1b45dbec9', '10000004-0004-4004-8004-000000000002');
    INSERT INTO story_tags (story_id, tag_id) VALUES ('aa16c84b-2922-59b9-9f06-ebf1b45dbec9', '10000005-0005-4005-8005-000000000003');
    INSERT INTO story_tags (story_id, tag_id) VALUES ('aa16c84b-2922-59b9-9f06-ebf1b45dbec9', '10000006-0006-4006-8006-000000000001');
    INSERT INTO story_tags (story_id, tag_id) VALUES ('aa16c84b-2922-59b9-9f06-ebf1b45dbec9', '10000002-0002-4002-8002-000000000001');
    INSERT INTO story_tags (story_id, tag_id) VALUES ('aa16c84b-2922-59b9-9f06-ebf1b45dbec9', '10000002-0002-4002-8002-000000000003');
    INSERT INTO chapters (id, story_id, title, content, draft_title, draft_content, status, created_at, updated_at) VALUES (
        '2943457c-3647-53a2-8a09-a3f63be6e2bf', 'aa16c84b-2922-59b9-9f06-ebf1b45dbec9', 'Хроники, которые никто не читает', 'Замок Зимний Дозор — не путать с великими твердынями Севера — стоял на самом краю обитаемых земель, там, где кончались дороги и начинались бескрайние снега. Это была маленькая, обветшалая крепость, гарнизон которой состоял из горстки немолодых воинов, а господа давно перебрались в места потеплее, наезжая сюда разве что раз в несколько лет.

Мейстер Виллем служил здесь уже сорок лет. Когда-то, молодым, он мечтал о большом замке, о знатных воспитанниках, о библиотеке, полной редких книг. Судьба распорядилась иначе — его направили на край света, в забытую всеми крепость, где не было ни знатных учеников, ни большой библиотеки, ни даже благодарных слушателей. Лишь снег, холод и тишина.

Но Виллем не озлобился. Он делал то, что велела ему цепь мейстера, — служил. Лечил обморожения и хвори немногочисленных обитателей замка. Следил за воронами. И, главное, вёл хроники. Каждый день, при свете чадящей свечи, он заносил в толстые книги всё, что видел и слышал: погоду, события в округе, рассказы редких путников, наблюдения за природой Севера, за повадками зверей, за тем, как меняется лёд на реке от года к году.

Никто не читал этих хроник. Господа не интересовались, в Цитадель за тридевять земель их отвезти было не с кем, а воины гарнизона едва знали грамоту. Виллем писал, в сущности, в пустоту — для самого себя да для тех неведомых потомков, что, быть может, когда-нибудь раскроют его книги. Иные на его месте давно бросили бы бесполезный труд. Но старый мейстер верил: знание, даже никем не читаемое, всё равно стоит того, чтобы его сохранить. Записанное не пропадает. Рано или поздно оно кому-нибудь да понадобится.

Особенно тщательно Виллем вёл записи о Севере — о том, чего не знали в тёплых землях. О том, как ведёт себя стужа, как читать небо перед большой бурей, какие травы спасают от лихорадки в краю, где не растёт ничего полезного, как выживать в снегах, когда припасы на исходе. За сорок лет он собрал бесценные сведения о суровом крае, в котором жил, — сведения, которых не было ни в одной книге Цитадели, потому что учёные мужи юга никогда не забирались так далеко на север.

Виллем не знал, что очень скоро именно эти его записи — никому не нужные хроники замёрзшего замка — окажутся единственным, что отделяет горстку людей от верной гибели. Что знание, которое он сорок лет собирал в пустоту, спасёт жизни, когда подведут и мечи, и стены. Пока же он просто макал перо в чернила, грел над свечой озябшие пальцы и писал — день за днём, год за годом, веря в свой тихий труд.',
        'Хроники, которые никто не читает', 'Замок Зимний Дозор — не путать с великими твердынями Севера — стоял на самом краю обитаемых земель, там, где кончались дороги и начинались бескрайние снега. Это была маленькая, обветшалая крепость, гарнизон которой состоял из горстки немолодых воинов, а господа давно перебрались в места потеплее, наезжая сюда разве что раз в несколько лет.

Мейстер Виллем служил здесь уже сорок лет. Когда-то, молодым, он мечтал о большом замке, о знатных воспитанниках, о библиотеке, полной редких книг. Судьба распорядилась иначе — его направили на край света, в забытую всеми крепость, где не было ни знатных учеников, ни большой библиотеки, ни даже благодарных слушателей. Лишь снег, холод и тишина.

Но Виллем не озлобился. Он делал то, что велела ему цепь мейстера, — служил. Лечил обморожения и хвори немногочисленных обитателей замка. Следил за воронами. И, главное, вёл хроники. Каждый день, при свете чадящей свечи, он заносил в толстые книги всё, что видел и слышал: погоду, события в округе, рассказы редких путников, наблюдения за природой Севера, за повадками зверей, за тем, как меняется лёд на реке от года к году.

Никто не читал этих хроник. Господа не интересовались, в Цитадель за тридевять земель их отвезти было не с кем, а воины гарнизона едва знали грамоту. Виллем писал, в сущности, в пустоту — для самого себя да для тех неведомых потомков, что, быть может, когда-нибудь раскроют его книги. Иные на его месте давно бросили бы бесполезный труд. Но старый мейстер верил: знание, даже никем не читаемое, всё равно стоит того, чтобы его сохранить. Записанное не пропадает. Рано или поздно оно кому-нибудь да понадобится.

Особенно тщательно Виллем вёл записи о Севере — о том, чего не знали в тёплых землях. О том, как ведёт себя стужа, как читать небо перед большой бурей, какие травы спасают от лихорадки в краю, где не растёт ничего полезного, как выживать в снегах, когда припасы на исходе. За сорок лет он собрал бесценные сведения о суровом крае, в котором жил, — сведения, которых не было ни в одной книге Цитадели, потому что учёные мужи юга никогда не забирались так далеко на север.

Виллем не знал, что очень скоро именно эти его записи — никому не нужные хроники замёрзшего замка — окажутся единственным, что отделяет горстку людей от верной гибели. Что знание, которое он сорок лет собирал в пустоту, спасёт жизни, когда подведут и мечи, и стены. Пока же он просто макал перо в чернила, грел над свечой озябшие пальцы и писал — день за днём, год за годом, веря в свой тихий труд.', 'published', '2026-02-04T12:00:00+00:00', '2026-02-04T13:00:00+00:00');
    INSERT INTO chapters (id, story_id, title, content, draft_title, draft_content, status, created_at, updated_at) VALUES (
        '3a94b4dc-3a87-52a6-aa3f-48ec43d5e71e', 'aa16c84b-2922-59b9-9f06-ebf1b45dbec9', 'Долгая зима', 'Беда пришла с зимой — самой долгой и жестокой на памяти живущих. Снега завалили дороги, отрезав Зимний Дозор от остального мира. Морозы стояли такие, что трескались камни. А потом подошли к концу припасы — обоз с продовольствием, который ждали осенью, так и не пробился сквозь заносы.

Горстка обитателей замка оказалась в ловушке: отрезанные от мира, без еды, в лютую стужу, которой не было видно конца. Командир гарнизона, суровый старый воин по имени Торен, собрал людей и не стал лгать.

— Помощи не будет, — сказал он прямо. — Дороги закрыты до весны. Еды — на считаные дни. Дров мало. Я воин, я умею держать меч и стену. Но против голода и мороза меч бесполезен. Если кто знает, что делать, — говорите сейчас. Иначе мы все здесь останемся навечно.

Воцарилось тяжёлое молчание. Мечи и доблесть, на которых держалась вся жизнь этих людей, вдруг оказались ни к чему. Враг, с которым они столкнулись, не выходил на поединок.

Воины переглядывались в растерянности. Всю жизнь они полагались на сталь — и сталь всегда выручала. Враг приходил с оружием, и они встречали его оружием. Но как обнажить меч против голода? Как зарубить мороз? Как осадить стену вокруг невидимого, неотвратимого врага, что подступал не из-за стен, а с самого неба? Впервые их доблесть, их единственное достояние, оказалась бесполезной. И в наступившей тишине, тяжёлой от близкого отчаяния, эти крепкие, привыкшие ничего не бояться люди вдруг ощутили растерянность детей, заблудившихся в снегу. Им нужен был не меч. Им нужно было то, чего у них не было, — знание.

И тогда поднялся старый мейстер Виллем.

— Я знаю, что делать, — сказал он негромко. — Точнее, это знают мои хроники. Сорок лет я записывал, как выживать на Севере в самые лютые зимы. Где под снегом искать съедобные коренья, не вымерзающие до весны. Как ставить силки на снежную дичь, что не уходит и в стужу. Как топить меньше дров, не замёрзнув. Как растягивать припасы, чтобы хватило вдвое дольше. Как лечить цингу травами, что растут даже здесь. Всё это записано. Нужно лишь прочесть.

Торен посмотрел на тщедушного старика с недоверием, к которому привыкли все воины, когда речь заходила о книжной премудрости.

— Книги? — переспросил он. — Ты предлагаешь спасаться книгами, мейстер? Здесь нужны дело и сила, а не чернила.

— Сила не выроет из-под снега то, о чём не знает, — спокойно ответил Виллем. — Твои люди крепки и храбры, командир. Но они не знают этой земли так, как знаю её я, проживший здесь сорок лет с пером в руке. Дай мне твоих воинов, дай их силу — а я дам им знание, куда эту силу приложить. Поодиночке нас погубят и стужа, и невежество. Вместе — у нас есть шанс. Решай, Торен. Время уходит, как песок, а с ним и наши жизни.',
        'Долгая зима', 'Беда пришла с зимой — самой долгой и жестокой на памяти живущих. Снега завалили дороги, отрезав Зимний Дозор от остального мира. Морозы стояли такие, что трескались камни. А потом подошли к концу припасы — обоз с продовольствием, который ждали осенью, так и не пробился сквозь заносы.

Горстка обитателей замка оказалась в ловушке: отрезанные от мира, без еды, в лютую стужу, которой не было видно конца. Командир гарнизона, суровый старый воин по имени Торен, собрал людей и не стал лгать.

— Помощи не будет, — сказал он прямо. — Дороги закрыты до весны. Еды — на считаные дни. Дров мало. Я воин, я умею держать меч и стену. Но против голода и мороза меч бесполезен. Если кто знает, что делать, — говорите сейчас. Иначе мы все здесь останемся навечно.

Воцарилось тяжёлое молчание. Мечи и доблесть, на которых держалась вся жизнь этих людей, вдруг оказались ни к чему. Враг, с которым они столкнулись, не выходил на поединок.

Воины переглядывались в растерянности. Всю жизнь они полагались на сталь — и сталь всегда выручала. Враг приходил с оружием, и они встречали его оружием. Но как обнажить меч против голода? Как зарубить мороз? Как осадить стену вокруг невидимого, неотвратимого врага, что подступал не из-за стен, а с самого неба? Впервые их доблесть, их единственное достояние, оказалась бесполезной. И в наступившей тишине, тяжёлой от близкого отчаяния, эти крепкие, привыкшие ничего не бояться люди вдруг ощутили растерянность детей, заблудившихся в снегу. Им нужен был не меч. Им нужно было то, чего у них не было, — знание.

И тогда поднялся старый мейстер Виллем.

— Я знаю, что делать, — сказал он негромко. — Точнее, это знают мои хроники. Сорок лет я записывал, как выживать на Севере в самые лютые зимы. Где под снегом искать съедобные коренья, не вымерзающие до весны. Как ставить силки на снежную дичь, что не уходит и в стужу. Как топить меньше дров, не замёрзнув. Как растягивать припасы, чтобы хватило вдвое дольше. Как лечить цингу травами, что растут даже здесь. Всё это записано. Нужно лишь прочесть.

Торен посмотрел на тщедушного старика с недоверием, к которому привыкли все воины, когда речь заходила о книжной премудрости.

— Книги? — переспросил он. — Ты предлагаешь спасаться книгами, мейстер? Здесь нужны дело и сила, а не чернила.

— Сила не выроет из-под снега то, о чём не знает, — спокойно ответил Виллем. — Твои люди крепки и храбры, командир. Но они не знают этой земли так, как знаю её я, проживший здесь сорок лет с пером в руке. Дай мне твоих воинов, дай их силу — а я дам им знание, куда эту силу приложить. Поодиночке нас погубят и стужа, и невежество. Вместе — у нас есть шанс. Решай, Торен. Время уходит, как песок, а с ним и наши жизни.', 'published', '2026-02-05T12:00:00+00:00', '2026-02-05T13:00:00+00:00');
    INSERT INTO chapters (id, story_id, title, content, draft_title, draft_content, status, created_at, updated_at) VALUES (
        '5083016e-a128-555e-9efc-89fc75a952c1', 'aa16c84b-2922-59b9-9f06-ebf1b45dbec9', 'Знание против стужи', 'Торен решил довериться мейстеру — выбора, по правде, не было. И началась странная, невиданная прежде работа: воины, привыкшие повиноваться мечу, теперь выполняли указания старого книжника, водившего пальцем по своим хроникам.

Зрелище было невиданное. Суровые воины, привыкшие подчиняться лишь силе да приказу командира, теперь склонялись над снегом по слову тщедушного старика и копали там, где он указывал перстом, сверившись с пожелтевшей страницей. Поначалу в их движениях сквозило недоверие, почти обида: не дело это для мужа — рыться в сугробах по велению книжника. Но когда из мёрзлой земли показалась первая горсть съедобных кореньев, что-то переменилось. Недоверие сменилось изумлением, а изумление — уважением. Они своими глазами увидели, как чернила на бумаге оборачиваются едой на столе, как старое наблюдение спасает живот, — и перестали смотреть на мейстера свысока. Те самые крепкие мужи, что прежде едва замечали тщедушного книжника, теперь ловили каждое его слово и спешили исполнить любое указание, ибо за каждым стоял лишний день жизни — их собственной и их товарищей.

По записям Виллема люди раскапывали снег в строго определённых местах — там, где, согласно его сорокалетним наблюдениям, под настом сохранялись съедобные корни и клубни, которые местные звери выкапывали даже зимой. Поначалу воины ворчали, не веря, — но когда из-под снега и впрямь показались мёрзлые, но съедобные коренья, ворчание стихло.

По другим записям ставили силки — там и так, как описал мейстер, наблюдавший повадки снежной дичи десятилетиями. И силки приносили добычу. По третьим — переустроили очаги так, чтобы те давали вдвое больше тепла на той же охапке дров: Виллем когда-то записал хитрость, подсмотренную у одичалого старика, забредшего в замок много зим назад. По четвёртым — заваривали из неприметной северной травы отвар, что отгонял цингу, косившую людей в долгие зимы.

День за днём знание старого мейстера отвоёвывало у стужи их жизни. То, что сорок лет пылилось в никому не нужных книгах, теперь оказалось дороже золота и острее любого клинка. Воины, прежде смотревшие на Виллема свысока, как на бесполезного книгочея, теперь ловили каждое его слово — потому что каждое слово означало лишний день жизни.

— Я был неправ, мейстер, — признал однажды Торен, жуя коренья, добытые по хроникам. — Я думал, твои книги — пустая трата свечей. А выходит, ты сорок лет ковал оружие против этой самой зимы, только мы, дураки, этого не понимали. Прости старого солдата.

— Не за что прощать, — отозвался Виллем. — Ты привык, что спасают мечом. И чаще всего так и есть. Но бывают враги, которых мечом не возьмёшь, — голод, мор, стужа, само невежество. Против них и нужно другое оружие. Я просто всю жизнь его копил, не зная, пригодится ли. Видишь, пригодилось. Знание, командир, тем и хорошо, что ждёт своего часа терпеливо. И дожидается.',
        'Знание против стужи', 'Торен решил довериться мейстеру — выбора, по правде, не было. И началась странная, невиданная прежде работа: воины, привыкшие повиноваться мечу, теперь выполняли указания старого книжника, водившего пальцем по своим хроникам.

Зрелище было невиданное. Суровые воины, привыкшие подчиняться лишь силе да приказу командира, теперь склонялись над снегом по слову тщедушного старика и копали там, где он указывал перстом, сверившись с пожелтевшей страницей. Поначалу в их движениях сквозило недоверие, почти обида: не дело это для мужа — рыться в сугробах по велению книжника. Но когда из мёрзлой земли показалась первая горсть съедобных кореньев, что-то переменилось. Недоверие сменилось изумлением, а изумление — уважением. Они своими глазами увидели, как чернила на бумаге оборачиваются едой на столе, как старое наблюдение спасает живот, — и перестали смотреть на мейстера свысока. Те самые крепкие мужи, что прежде едва замечали тщедушного книжника, теперь ловили каждое его слово и спешили исполнить любое указание, ибо за каждым стоял лишний день жизни — их собственной и их товарищей.

По записям Виллема люди раскапывали снег в строго определённых местах — там, где, согласно его сорокалетним наблюдениям, под настом сохранялись съедобные корни и клубни, которые местные звери выкапывали даже зимой. Поначалу воины ворчали, не веря, — но когда из-под снега и впрямь показались мёрзлые, но съедобные коренья, ворчание стихло.

По другим записям ставили силки — там и так, как описал мейстер, наблюдавший повадки снежной дичи десятилетиями. И силки приносили добычу. По третьим — переустроили очаги так, чтобы те давали вдвое больше тепла на той же охапке дров: Виллем когда-то записал хитрость, подсмотренную у одичалого старика, забредшего в замок много зим назад. По четвёртым — заваривали из неприметной северной травы отвар, что отгонял цингу, косившую людей в долгие зимы.

День за днём знание старого мейстера отвоёвывало у стужи их жизни. То, что сорок лет пылилось в никому не нужных книгах, теперь оказалось дороже золота и острее любого клинка. Воины, прежде смотревшие на Виллема свысока, как на бесполезного книгочея, теперь ловили каждое его слово — потому что каждое слово означало лишний день жизни.

— Я был неправ, мейстер, — признал однажды Торен, жуя коренья, добытые по хроникам. — Я думал, твои книги — пустая трата свечей. А выходит, ты сорок лет ковал оружие против этой самой зимы, только мы, дураки, этого не понимали. Прости старого солдата.

— Не за что прощать, — отозвался Виллем. — Ты привык, что спасают мечом. И чаще всего так и есть. Но бывают враги, которых мечом не возьмёшь, — голод, мор, стужа, само невежество. Против них и нужно другое оружие. Я просто всю жизнь его копил, не зная, пригодится ли. Видишь, пригодилось. Знание, командир, тем и хорошо, что ждёт своего часа терпеливо. И дожидается.', 'published', '2026-02-06T12:00:00+00:00', '2026-02-06T13:00:00+00:00');
    INSERT INTO chapters (id, story_id, title, content, draft_title, draft_content, status, created_at, updated_at) VALUES (
        '35649cda-ef6c-5391-bffe-d23b792ee6d8', 'aa16c84b-2922-59b9-9f06-ebf1b45dbec9', 'То, что переживёт зиму', 'Зима всё-таки отступила. Долгая, страшная, она унесла бы всех обитателей Зимнего Дозора до единого — если бы не хроники старого мейстера. Когда сошли снега и дороги открылись, пробившийся наконец обоз нашёл в замке не замёрзшие тела, а исхудавших, измученных, но живых людей. Всех до одного.

Весть о том, как горстка людей пережила небывалую зиму на краю света, разнеслась по Северу. Дошла она и до больших господ, и даже до далёкой Цитадели. И впервые за сорок лет в забытый замок прислали гонца — с просьбой прислать копии хроник мейстера Виллема, тех самых, что он вёл в пустоту все эти десятилетия.

Виллем не мог поверить, что его труд наконец понадобился — да ещё так. Сорок лет он писал в тишине, гоня прочь сомнения, не зная, прочтёт ли его кто-нибудь хоть однажды. Бывали ночи, когда перо валилось из рук и казалось, что вся его жизнь — бессмысленное накопление слов, которые истлеют вместе с ним. И вот теперь за этими словами присылали гонцов из самой Цитадели. Оказалось, что одинокий старик на краю света собрал сокровище, какого не было во всех тёплых землях. Знание, копленное в пустоту, обернулось спасением — и не для него одного.

Оказалось, что сведения, которые он по крупице собирал в одиночестве, бесценны. Никто в тёплых землях не знал Севера так, как знал его старый мейстер. Его записи о выживании в стужу, о северных травах, о повадках зверей, о чтении неба перед бурей могли спасти ещё многих — там, где зимы безжалостны, а помощь далека.

Виллем переписывал свои хроники набело, чтобы отправить копии в Цитадель и в большие замки, и впервые за сорок лет чувствовал, что его труд обрёл смысл не только для него самого. Старик не дожил бы, наверное, до большой славы — да она ему была и не нужна. Ему довольно было знать, что записанное им не пропадёт, что оно послужит другим, когда его самого уже не станет.

— Знаешь, командир, — сказал он как-то Торену, перебирая исписанные за жизнь страницы, — я ведь часто думал, не зря ли пишу. Сорок лет — в пустоту, для никого. Иной раз руки опускались. А оказалось — не в пустоту. Просто знанию нужно время, чтобы дождаться того, кому оно понадобится. Меч защищает того, кто его держит, здесь и сейчас. А книга защищает тех, кого её писавший никогда и не увидит. В этом её сила.

Торен, суровый воин, кивнул, глядя на старого мейстера с уважением, какого прежде не питал ни к одному книжнику.

— Выходит, перо бывает посильнее меча, — сказал он.

— Не сильнее, — улыбнулся Виллем. — Просто бьёт дальше. Туда, куда мечу не дотянуться, — сквозь годы. Помни об этом, командир. И пусть твои внуки учатся грамоте. Однажды это спасёт им жизнь — как спасло нам.',
        'То, что переживёт зиму', 'Зима всё-таки отступила. Долгая, страшная, она унесла бы всех обитателей Зимнего Дозора до единого — если бы не хроники старого мейстера. Когда сошли снега и дороги открылись, пробившийся наконец обоз нашёл в замке не замёрзшие тела, а исхудавших, измученных, но живых людей. Всех до одного.

Весть о том, как горстка людей пережила небывалую зиму на краю света, разнеслась по Северу. Дошла она и до больших господ, и даже до далёкой Цитадели. И впервые за сорок лет в забытый замок прислали гонца — с просьбой прислать копии хроник мейстера Виллема, тех самых, что он вёл в пустоту все эти десятилетия.

Виллем не мог поверить, что его труд наконец понадобился — да ещё так. Сорок лет он писал в тишине, гоня прочь сомнения, не зная, прочтёт ли его кто-нибудь хоть однажды. Бывали ночи, когда перо валилось из рук и казалось, что вся его жизнь — бессмысленное накопление слов, которые истлеют вместе с ним. И вот теперь за этими словами присылали гонцов из самой Цитадели. Оказалось, что одинокий старик на краю света собрал сокровище, какого не было во всех тёплых землях. Знание, копленное в пустоту, обернулось спасением — и не для него одного.

Оказалось, что сведения, которые он по крупице собирал в одиночестве, бесценны. Никто в тёплых землях не знал Севера так, как знал его старый мейстер. Его записи о выживании в стужу, о северных травах, о повадках зверей, о чтении неба перед бурей могли спасти ещё многих — там, где зимы безжалостны, а помощь далека.

Виллем переписывал свои хроники набело, чтобы отправить копии в Цитадель и в большие замки, и впервые за сорок лет чувствовал, что его труд обрёл смысл не только для него самого. Старик не дожил бы, наверное, до большой славы — да она ему была и не нужна. Ему довольно было знать, что записанное им не пропадёт, что оно послужит другим, когда его самого уже не станет.

— Знаешь, командир, — сказал он как-то Торену, перебирая исписанные за жизнь страницы, — я ведь часто думал, не зря ли пишу. Сорок лет — в пустоту, для никого. Иной раз руки опускались. А оказалось — не в пустоту. Просто знанию нужно время, чтобы дождаться того, кому оно понадобится. Меч защищает того, кто его держит, здесь и сейчас. А книга защищает тех, кого её писавший никогда и не увидит. В этом её сила.

Торен, суровый воин, кивнул, глядя на старого мейстера с уважением, какого прежде не питал ни к одному книжнику.

— Выходит, перо бывает посильнее меча, — сказал он.

— Не сильнее, — улыбнулся Виллем. — Просто бьёт дальше. Туда, куда мечу не дотянуться, — сквозь годы. Помни об этом, командир. И пусть твои внуки учатся грамоте. Однажды это спасёт им жизнь — как спасло нам.', 'published', '2026-02-07T12:00:00+00:00', '2026-02-07T13:00:00+00:00');

    -- [39] Песнь о малом доме (game-of-thrones)
    INSERT INTO stories (id, slug, title, status, author_id, ai_summary, created_at, updated_at) VALUES (
        '6520567b-76eb-51c5-a015-264d05e91680', 'got-pesn-o-malom-dome', 'Песнь о малом доме', 'published', v_author_id, 'Маленький дом, зажатый между двумя великими, должен выбрать, к кому примкнуть в надвигающейся войне. Юная наследница ищет третий путь — тот, что сохранит её людей.',
        '2026-02-02T12:00:00+00:00', '2026-04-11T09:00:00+00:00');
    INSERT INTO story_tags (story_id, tag_id) VALUES ('6520567b-76eb-51c5-a015-264d05e91680', '10000001-0001-4001-8001-000000000009');
    INSERT INTO story_tags (story_id, tag_id) VALUES ('6520567b-76eb-51c5-a015-264d05e91680', '10000004-0004-4004-8004-000000000002');
    INSERT INTO story_tags (story_id, tag_id) VALUES ('6520567b-76eb-51c5-a015-264d05e91680', '10000005-0005-4005-8005-000000000003');
    INSERT INTO story_tags (story_id, tag_id) VALUES ('6520567b-76eb-51c5-a015-264d05e91680', '10000006-0006-4006-8006-000000000001');
    INSERT INTO story_tags (story_id, tag_id) VALUES ('6520567b-76eb-51c5-a015-264d05e91680', '10000002-0002-4002-8002-000000000001');
    INSERT INTO story_tags (story_id, tag_id) VALUES ('6520567b-76eb-51c5-a015-264d05e91680', '10000003-0003-4003-8003-000000000001');
    INSERT INTO chapters (id, story_id, title, content, draft_title, draft_content, status, created_at, updated_at) VALUES (
        '0aedd0ff-41ab-5596-8081-0533f533d65c', '6520567b-76eb-51c5-a015-264d05e91680', 'Между двух огней', 'Дом Грейвотер был невелик — всего-то ветхий замок, десяток деревень да полоса земли между двумя реками. Но земля эта лежала ровно между владениями двух могущественных домов, которые вот уже год точили друг на друга мечи. И когда большая война наконец разгорелась, маленький дом Грейвотер оказался прямо на её пути — между молотом и наковальней.

Леди Алисанна приняла бремя власти слишком рано. Её отец, старый лорд, умер от лихорадки в самом начале смуты, братьев у неё не было, и в свои восемнадцать она осталась главой дома — в худшее из возможных времён. На её хрупкие плечи легла судьба тысяч людей: крестьян, ремесленников, стариков и детей, что жили под защитой её стен.

Оба великих дома прислали к ней гонцов с одним и тем же требованием: примкнуть. «Присягни нам, — говорили одни, — и мы защитим тебя, а откажешься — сметём как врага». «Присягни нам, — говорили другие то же самое, — выбора у тебя нет». Каждый сулил защиту и грозил гибелью. И каждый лгал, ибо Алисанна понимала: для великих домов её земля — всего лишь поле для битвы, а её люди — разменная монета.

Советники наперебой давали ей советы, противореча друг другу. Старый кастелян убеждал примкнуть к одним — те ближе и сильнее. Капитан стражи стоял за других — те благороднее. Но Алисанна, слушая их, видела то, чего не видели они, ослеплённые выбором стороны. Она видела, что любой выбор ведёт к одному: её маленький дом втянется в чужую войну, её деревни сожгут, её людей перебьют — за интересы, не имеющие к ним никакого отношения.

Алисанна слишком хорошо понимала, что значит для великих домов её клочок земли. Не союзник, не противник — всего лишь удобное место, где сойдутся их армии. Её крестьяне виделись им не людьми, а помехой или подспорьем; её деревни — не домами, а будущими пепелищами или лагерями. В большой игре престолов малые дома были фигурами, которыми жертвуют не задумываясь. И юная леди дала себе клятву: она не позволит превратить своих людей в разменную монету чужой гордыни. Пусть она молода и слаба, пусть у неё нет ни армий, ни союзников, — но люди, что доверились её стенам, не станут платить жизнями за чужие троны.

Ночами Алисанна не спала. Она была молода, неопытна, напугана — но в ней жила та упрямая порода, что не желала покорно гнать своих людей на убой ради чужой славы. «Должен быть другой путь, — думала она, глядя в темноту. — Не к этим и не к тем. Путь, на котором выживут мои люди. Я не верю, что единственный выбор для малого дома — это выбор, под чьим знаменем погибнуть».

Она ещё не знала, каким будет этот третий путь. Знала лишь, что будет искать его — потому что присягнуть на гибель своих подданных не могла, кому бы то ни было. Это, чувствовала юная леди, и есть истинный долг главы дома: не выбрать сильнейшего сюзерена, а сберечь тех, кто тебе вверен. Чего бы это ни стоило ей самой.',
        'Между двух огней', 'Дом Грейвотер был невелик — всего-то ветхий замок, десяток деревень да полоса земли между двумя реками. Но земля эта лежала ровно между владениями двух могущественных домов, которые вот уже год точили друг на друга мечи. И когда большая война наконец разгорелась, маленький дом Грейвотер оказался прямо на её пути — между молотом и наковальней.

Леди Алисанна приняла бремя власти слишком рано. Её отец, старый лорд, умер от лихорадки в самом начале смуты, братьев у неё не было, и в свои восемнадцать она осталась главой дома — в худшее из возможных времён. На её хрупкие плечи легла судьба тысяч людей: крестьян, ремесленников, стариков и детей, что жили под защитой её стен.

Оба великих дома прислали к ней гонцов с одним и тем же требованием: примкнуть. «Присягни нам, — говорили одни, — и мы защитим тебя, а откажешься — сметём как врага». «Присягни нам, — говорили другие то же самое, — выбора у тебя нет». Каждый сулил защиту и грозил гибелью. И каждый лгал, ибо Алисанна понимала: для великих домов её земля — всего лишь поле для битвы, а её люди — разменная монета.

Советники наперебой давали ей советы, противореча друг другу. Старый кастелян убеждал примкнуть к одним — те ближе и сильнее. Капитан стражи стоял за других — те благороднее. Но Алисанна, слушая их, видела то, чего не видели они, ослеплённые выбором стороны. Она видела, что любой выбор ведёт к одному: её маленький дом втянется в чужую войну, её деревни сожгут, её людей перебьют — за интересы, не имеющие к ним никакого отношения.

Алисанна слишком хорошо понимала, что значит для великих домов её клочок земли. Не союзник, не противник — всего лишь удобное место, где сойдутся их армии. Её крестьяне виделись им не людьми, а помехой или подспорьем; её деревни — не домами, а будущими пепелищами или лагерями. В большой игре престолов малые дома были фигурами, которыми жертвуют не задумываясь. И юная леди дала себе клятву: она не позволит превратить своих людей в разменную монету чужой гордыни. Пусть она молода и слаба, пусть у неё нет ни армий, ни союзников, — но люди, что доверились её стенам, не станут платить жизнями за чужие троны.

Ночами Алисанна не спала. Она была молода, неопытна, напугана — но в ней жила та упрямая порода, что не желала покорно гнать своих людей на убой ради чужой славы. «Должен быть другой путь, — думала она, глядя в темноту. — Не к этим и не к тем. Путь, на котором выживут мои люди. Я не верю, что единственный выбор для малого дома — это выбор, под чьим знаменем погибнуть».

Она ещё не знала, каким будет этот третий путь. Знала лишь, что будет искать его — потому что присягнуть на гибель своих подданных не могла, кому бы то ни было. Это, чувствовала юная леди, и есть истинный долг главы дома: не выбрать сильнейшего сюзерена, а сберечь тех, кто тебе вверен. Чего бы это ни стоило ей самой.', 'published', '2026-02-02T12:00:00+00:00', '2026-02-02T13:00:00+00:00');
    INSERT INTO chapters (id, story_id, title, content, draft_title, draft_content, status, created_at, updated_at) VALUES (
        '6ca579c4-d557-53ea-98a8-0cdb925d891a', '6520567b-76eb-51c5-a015-264d05e91680', 'Третий путь', 'Третий путь Алисанна нащупала не сразу. Она засела за старые договоры и хроники, расспрашивала купцов и странников, изучала земли вокруг — и постепенно у неё сложился дерзкий, отчаянный план.

Её земля лежала между двумя реками, и через неё проходил единственный удобный брод, по которому армии обоих домов могли переправляться, идя друг на друга. Без этого брода война затягивалась, обходные пути были долги и опасны. Выходит, маленький дом Грейвотер владел не просто полем для битвы — он владел ключом к ней.

Алисанна решила не присягать никому. Вместо этого она объявила свою землю нейтральной — открытой для торговли и беженцев, но закрытой для войск обеих сторон. А чтобы это не осталось пустыми словами, она сделала ход, которого от малого дома никто не ожидал: укрепила брод и взяла его под контроль, дав понять обоим великим домам, что переправа будет открыта лишь тому, кто откажется превращать её земли в поле боя.

Дерзость этого замысла поражала даже её самоё. Малый дом, у которого не было ни сильной армии, ни могущественных друзей, осмеливался диктовать условия двум великим — это походило на безумие. Советники бледнели, слушая её. Но Алисанна рассуждала холодно, как игрок, у которого на руках одна-единственная карта, зато козырная. Сила её была не в мечах, которых не было, а в том единственном, чем она и вправду владела, — в броде, ключе ко всей войне. И она намеревалась разыграть эту карту до конца, превратив само своё уязвимое положение в неожиданное преимущество. Слабый, поняла она, побеждает не силой, а умом — или не побеждает вовсе.

Это был огромный риск. Великие дома могли в ярости обрушиться на дерзкую девчонку, стереть её замок с лица земли. Советники в ужасе отговаривали её. Но Алисанна рассудила иначе и объяснила свой расчёт так:

— Подумайте. Если я примкну к одним, другие нападут — и мы погибнем в чужой войне. Но если я не нужна ни тем, ни другим как враг, а нужна обоим как держатель брода, который выгоднее иметь открытым, чем штурмовать, — тогда у обоих появляется причина меня не трогать. Я делаю свою слабость — то, что лежу у них на пути, — своей силой. Я не выбираю сторону. Я делаю так, чтобы обеим сторонам было выгоднее меня сберечь, чем сломать.

Это была не доблесть воина и не сила оружия. Это была хитрость слабого, у которого нет армии, зато есть голова. И Алисанна, юная и неопытная, поставила на эту хитрость жизнь всего своего дома — потому что прямой путь вёл лишь к гибели, а кривой давал хоть призрачную, но надежду.

Гонцы повезли её дерзкий ответ в оба великих дома. И юная леди затаила дыхание, ожидая, что принесёт ей этот отчаянный бросок костей, — спасение её людей или гнев, что сметёт их всех.',
        'Третий путь', 'Третий путь Алисанна нащупала не сразу. Она засела за старые договоры и хроники, расспрашивала купцов и странников, изучала земли вокруг — и постепенно у неё сложился дерзкий, отчаянный план.

Её земля лежала между двумя реками, и через неё проходил единственный удобный брод, по которому армии обоих домов могли переправляться, идя друг на друга. Без этого брода война затягивалась, обходные пути были долги и опасны. Выходит, маленький дом Грейвотер владел не просто полем для битвы — он владел ключом к ней.

Алисанна решила не присягать никому. Вместо этого она объявила свою землю нейтральной — открытой для торговли и беженцев, но закрытой для войск обеих сторон. А чтобы это не осталось пустыми словами, она сделала ход, которого от малого дома никто не ожидал: укрепила брод и взяла его под контроль, дав понять обоим великим домам, что переправа будет открыта лишь тому, кто откажется превращать её земли в поле боя.

Дерзость этого замысла поражала даже её самоё. Малый дом, у которого не было ни сильной армии, ни могущественных друзей, осмеливался диктовать условия двум великим — это походило на безумие. Советники бледнели, слушая её. Но Алисанна рассуждала холодно, как игрок, у которого на руках одна-единственная карта, зато козырная. Сила её была не в мечах, которых не было, а в том единственном, чем она и вправду владела, — в броде, ключе ко всей войне. И она намеревалась разыграть эту карту до конца, превратив само своё уязвимое положение в неожиданное преимущество. Слабый, поняла она, побеждает не силой, а умом — или не побеждает вовсе.

Это был огромный риск. Великие дома могли в ярости обрушиться на дерзкую девчонку, стереть её замок с лица земли. Советники в ужасе отговаривали её. Но Алисанна рассудила иначе и объяснила свой расчёт так:

— Подумайте. Если я примкну к одним, другие нападут — и мы погибнем в чужой войне. Но если я не нужна ни тем, ни другим как враг, а нужна обоим как держатель брода, который выгоднее иметь открытым, чем штурмовать, — тогда у обоих появляется причина меня не трогать. Я делаю свою слабость — то, что лежу у них на пути, — своей силой. Я не выбираю сторону. Я делаю так, чтобы обеим сторонам было выгоднее меня сберечь, чем сломать.

Это была не доблесть воина и не сила оружия. Это была хитрость слабого, у которого нет армии, зато есть голова. И Алисанна, юная и неопытная, поставила на эту хитрость жизнь всего своего дома — потому что прямой путь вёл лишь к гибели, а кривой давал хоть призрачную, но надежду.

Гонцы повезли её дерзкий ответ в оба великих дома. И юная леди затаила дыхание, ожидая, что принесёт ей этот отчаянный бросок костей, — спасение её людей или гнев, что сметёт их всех.', 'published', '2026-02-03T12:00:00+00:00', '2026-02-03T13:00:00+00:00');
    INSERT INTO chapters (id, story_id, title, content, draft_title, draft_content, status, created_at, updated_at) VALUES (
        '1bcb11c0-8614-5c0e-a5f8-ff570b4a5f5b', '6520567b-76eb-51c5-a015-264d05e91680', 'Цена нейтралитета', 'План Алисанны сработал — но не даром. Поначалу великие дома и впрямь предпочли терпеть строптивый малый дом, чем тратить силы на штурм укреплённого брода в разгар войны друг с другом. Земля Грейвотер стала островком мира среди пожара — сюда стекались беженцы из разорённых войной краёв, шла торговля, теплилась жизнь, пока вокруг полыхало.

Алисанна принимала всех. Её невеликие закрома таяли, кормя пришлых, но она не отказывала никому — ибо в этом, считала она, и был смысл её нейтралитета: не отсидеться, а стать убежищем. Маленький дом, который не пожелал воевать, превратился в единственное безопасное место на много лиг вокруг.

Алисанна и не подозревала прежде, как много значит для измученных войной людей простое слово «убежище». К её стенам брели целыми семьями — погорельцы, осиротевшие, потерявшие всё в чужой распре. И юная леди принимала их, хотя закрома таяли на глазах, хотя каждый новый рот приближал голод. Советники предостерегали: нельзя кормить всех, разоримся. Но Алисанна не умела отказывать тем, кому некуда больше идти. В этом, чувствовала она, и был истинный смысл её упрямого нейтралитета — не отсидеться за стенами, пока горит мир, а стать тем редким местом, где гонимые могут перевести дух. Дом, что не воюет, должен хотя бы спасать.

Но война — зверь жадный, и нейтралитет дорого обходится тем, кто посмел его выбрать. Нашлись горячие головы в обоих лагерях, кому встал поперёк горла дом, не желавший склониться. Однажды отряд, отколовшийся от одного из войск, всё же напал — не на замок, который был им не по зубам, а на дальнюю деревню, чтобы проучить дерзкую леди.

Деревню отстояли — стража Грейвотер подоспела вовремя, — но не без потерь. И среди павших оказался старый кастелян, тот самый, что когда-то отговаривал Алисанну от её затеи, а после стал самым верным её помощником. Он погиб, выводя крестьян из-под удара, прикрывая отход.

Алисанна стояла над телом старого слуги, и сердце её разрывалось. Вот она, цена её третьего пути. Не присягнув никому, она спасла тысячи — но и за нейтралитет приходилось платить кровью. Война не отпускала чистыми даже тех, кто отказался в ней участвовать.

— Я виновата, — горько сказала она капитану стражи. — Если бы я просто присягнула, он был бы жив.

— Нет, миледи, — твёрдо ответил капитан. — Если бы вы присягнули, он погиб бы в чужой битве вместе с сотнями других, и деревни наши лежали бы в пепле. Он погиб, защищая своих, на своей земле, за дело, в которое верил, — за ваш третий путь. Он сам выбрал это, миледи. Не вините себя за то, что дали людям то, за что не страшно умереть, — дом, который стоит до конца за своих.

Алисанна молчала, и слёзы текли по её щекам. Но в горе крепла и её решимость. Раз за этот путь уже заплачено такой кровью — значит, она доведёт его до конца. Иначе жертва старого кастеляна будет напрасной.',
        'Цена нейтралитета', 'План Алисанны сработал — но не даром. Поначалу великие дома и впрямь предпочли терпеть строптивый малый дом, чем тратить силы на штурм укреплённого брода в разгар войны друг с другом. Земля Грейвотер стала островком мира среди пожара — сюда стекались беженцы из разорённых войной краёв, шла торговля, теплилась жизнь, пока вокруг полыхало.

Алисанна принимала всех. Её невеликие закрома таяли, кормя пришлых, но она не отказывала никому — ибо в этом, считала она, и был смысл её нейтралитета: не отсидеться, а стать убежищем. Маленький дом, который не пожелал воевать, превратился в единственное безопасное место на много лиг вокруг.

Алисанна и не подозревала прежде, как много значит для измученных войной людей простое слово «убежище». К её стенам брели целыми семьями — погорельцы, осиротевшие, потерявшие всё в чужой распре. И юная леди принимала их, хотя закрома таяли на глазах, хотя каждый новый рот приближал голод. Советники предостерегали: нельзя кормить всех, разоримся. Но Алисанна не умела отказывать тем, кому некуда больше идти. В этом, чувствовала она, и был истинный смысл её упрямого нейтралитета — не отсидеться за стенами, пока горит мир, а стать тем редким местом, где гонимые могут перевести дух. Дом, что не воюет, должен хотя бы спасать.

Но война — зверь жадный, и нейтралитет дорого обходится тем, кто посмел его выбрать. Нашлись горячие головы в обоих лагерях, кому встал поперёк горла дом, не желавший склониться. Однажды отряд, отколовшийся от одного из войск, всё же напал — не на замок, который был им не по зубам, а на дальнюю деревню, чтобы проучить дерзкую леди.

Деревню отстояли — стража Грейвотер подоспела вовремя, — но не без потерь. И среди павших оказался старый кастелян, тот самый, что когда-то отговаривал Алисанну от её затеи, а после стал самым верным её помощником. Он погиб, выводя крестьян из-под удара, прикрывая отход.

Алисанна стояла над телом старого слуги, и сердце её разрывалось. Вот она, цена её третьего пути. Не присягнув никому, она спасла тысячи — но и за нейтралитет приходилось платить кровью. Война не отпускала чистыми даже тех, кто отказался в ней участвовать.

— Я виновата, — горько сказала она капитану стражи. — Если бы я просто присягнула, он был бы жив.

— Нет, миледи, — твёрдо ответил капитан. — Если бы вы присягнули, он погиб бы в чужой битве вместе с сотнями других, и деревни наши лежали бы в пепле. Он погиб, защищая своих, на своей земле, за дело, в которое верил, — за ваш третий путь. Он сам выбрал это, миледи. Не вините себя за то, что дали людям то, за что не страшно умереть, — дом, который стоит до конца за своих.

Алисанна молчала, и слёзы текли по её щекам. Но в горе крепла и её решимость. Раз за этот путь уже заплачено такой кровью — значит, она доведёт его до конца. Иначе жертва старого кастеляна будет напрасной.', 'published', '2026-02-04T12:00:00+00:00', '2026-02-04T13:00:00+00:00');
    INSERT INTO chapters (id, story_id, title, content, draft_title, draft_content, status, created_at, updated_at) VALUES (
        '1b70e647-70c8-5cfe-b4fe-9c4ce02a744c', '6520567b-76eb-51c5-a015-264d05e91680', 'То, что остаётся после войны', 'Война бушевала ещё долго, но дом Грейвотер выстоял. Алисанна держала свой брод и свой нейтралитет с упорством, которого никто не ждал от юной девушки. Бывали дни на грани гибели, бывали новые потери и тяжёлые жертвы. Но островок мира посреди пожара не угас — и сберёг тысячи жизней, что иначе сгорели бы в чужой распре.

А потом великая война, как все войны, кончилась — измотав оба великих дома, не принеся им ничего, кроме разорения и могил. И когда дым рассеялся, оказалось, что маленький, никем не принятый всерьёз дом Грейвотер вышел из бойни не только живым, но и окрепшим. Пока великие истощали друг друга, к Алисанне стекались беженцы, ремесленники, торговцы, ищущие безопасности. Её земли, не тронутые войной, цвели там, где соседние лежали в руинах.

Великие дома, обескровленные, смотрели теперь на былую «дерзкую девчонку» иначе. Малый дом, который они едва не растоптали, оказался единственным, кто выгадал от войны, — не предав никого и не пролив чужой крови ради чужих амбиций. О мудрости юной леди Грейвотер заговорили по всему краю.

Но Алисанну не радовали ни слава, ни возросшая сила дома. Слишком дорогой ценой всё досталось. Каждую годовщину она приходила на могилу старого кастеляна и других павших, что отдали жизни за её третий путь, и подолгу стояла в молчании.

С годами Алисанна научилась нести эту скорбь, не сгибаясь под ней. Она поняла, что глава дома не вправе предаваться вине до конца — иначе кто поведёт живых? Но и забывать павших она себе не позволяла. Каждое имя на этих тихих могилах было вписано в её сердце, и за каждое она чувствовала ответственность — не вину даже, а долг помнить. Они отдали жизни за её решение, за её третий путь, за то, чтобы их близкие уцелели. И лучшее, чем она могла отплатить им, — беречь спасённых так же истово, как берегли своих эти павшие. Их жертва обязывала её жить и править достойно.

— Я часто думаю, — сказала она однажды капитану стражи, теперь уже седому, — права ли я была. Можно ли было обойтись вовсе без жертв.

— Без жертв не бывает, миледи, — ответил тот. — Война есть война, она собирает свою дань со всех. Вопрос лишь в том, ради чего платить. Великие дома положили тысячи ради гордыни и пары замков. А наши пали, защищая своих, свой дом, своё право не участвовать в чужом безумии. И благодаря им живы тысячи. По мне, миледи, нет смерти достойнее.

Алисанна кивнула, глядя на тихие могилы под северным небом. Песнь о малом доме не споют менестрели — она слишком тиха для громких баллад о королях и битвах. Но те, кто выжил благодаря ей, передадут её детям и внукам. Песнь о доме, который посреди большой войны выбрал не славу, а своих людей, — и сберёг их. И эта тихая песнь, думала Алисанна, стоит всех громких.',
        'То, что остаётся после войны', 'Война бушевала ещё долго, но дом Грейвотер выстоял. Алисанна держала свой брод и свой нейтралитет с упорством, которого никто не ждал от юной девушки. Бывали дни на грани гибели, бывали новые потери и тяжёлые жертвы. Но островок мира посреди пожара не угас — и сберёг тысячи жизней, что иначе сгорели бы в чужой распре.

А потом великая война, как все войны, кончилась — измотав оба великих дома, не принеся им ничего, кроме разорения и могил. И когда дым рассеялся, оказалось, что маленький, никем не принятый всерьёз дом Грейвотер вышел из бойни не только живым, но и окрепшим. Пока великие истощали друг друга, к Алисанне стекались беженцы, ремесленники, торговцы, ищущие безопасности. Её земли, не тронутые войной, цвели там, где соседние лежали в руинах.

Великие дома, обескровленные, смотрели теперь на былую «дерзкую девчонку» иначе. Малый дом, который они едва не растоптали, оказался единственным, кто выгадал от войны, — не предав никого и не пролив чужой крови ради чужих амбиций. О мудрости юной леди Грейвотер заговорили по всему краю.

Но Алисанну не радовали ни слава, ни возросшая сила дома. Слишком дорогой ценой всё досталось. Каждую годовщину она приходила на могилу старого кастеляна и других павших, что отдали жизни за её третий путь, и подолгу стояла в молчании.

С годами Алисанна научилась нести эту скорбь, не сгибаясь под ней. Она поняла, что глава дома не вправе предаваться вине до конца — иначе кто поведёт живых? Но и забывать павших она себе не позволяла. Каждое имя на этих тихих могилах было вписано в её сердце, и за каждое она чувствовала ответственность — не вину даже, а долг помнить. Они отдали жизни за её решение, за её третий путь, за то, чтобы их близкие уцелели. И лучшее, чем она могла отплатить им, — беречь спасённых так же истово, как берегли своих эти павшие. Их жертва обязывала её жить и править достойно.

— Я часто думаю, — сказала она однажды капитану стражи, теперь уже седому, — права ли я была. Можно ли было обойтись вовсе без жертв.

— Без жертв не бывает, миледи, — ответил тот. — Война есть война, она собирает свою дань со всех. Вопрос лишь в том, ради чего платить. Великие дома положили тысячи ради гордыни и пары замков. А наши пали, защищая своих, свой дом, своё право не участвовать в чужом безумии. И благодаря им живы тысячи. По мне, миледи, нет смерти достойнее.

Алисанна кивнула, глядя на тихие могилы под северным небом. Песнь о малом доме не споют менестрели — она слишком тиха для громких баллад о королях и битвах. Но те, кто выжил благодаря ей, передадут её детям и внукам. Песнь о доме, который посреди большой войны выбрал не славу, а своих людей, — и сберёг их. И эта тихая песнь, думала Алисанна, стоит всех громких.', 'published', '2026-02-05T12:00:00+00:00', '2026-02-05T13:00:00+00:00');

    -- [40] Та, что чинит знамёна (game-of-thrones)
    INSERT INTO stories (id, slug, title, status, author_id, ai_summary, created_at, updated_at) VALUES (
        '01542503-08b1-5da0-96b6-0da847b873ad', 'got-ta-chto-chinit-znamyona', 'Та, что чинит знамёна', 'published', v_author_id, 'Старая швея в замке латает знамёна, что возвращаются с битв изорванными. В каждой прорехе она читает чужую судьбу — и хранит память о тех, о ком забыли лорды.',
        '2026-01-31T12:00:00+00:00', '2026-04-10T08:00:00+00:00');
    INSERT INTO story_tags (story_id, tag_id) VALUES ('01542503-08b1-5da0-96b6-0da847b873ad', '10000001-0001-4001-8001-000000000009');
    INSERT INTO story_tags (story_id, tag_id) VALUES ('01542503-08b1-5da0-96b6-0da847b873ad', '10000004-0004-4004-8004-000000000002');
    INSERT INTO story_tags (story_id, tag_id) VALUES ('01542503-08b1-5da0-96b6-0da847b873ad', '10000005-0005-4005-8005-000000000002');
    INSERT INTO story_tags (story_id, tag_id) VALUES ('01542503-08b1-5da0-96b6-0da847b873ad', '10000006-0006-4006-8006-000000000001');
    INSERT INTO story_tags (story_id, tag_id) VALUES ('01542503-08b1-5da0-96b6-0da847b873ad', '10000002-0002-4002-8002-000000000001');
    INSERT INTO story_tags (story_id, tag_id) VALUES ('01542503-08b1-5da0-96b6-0da847b873ad', '10000002-0002-4002-8002-000000000004');
    INSERT INTO chapters (id, story_id, title, content, draft_title, draft_content, status, created_at, updated_at) VALUES (
        '732b50dc-01f4-509d-887b-2f821a0138da', '01542503-08b1-5da0-96b6-0da847b873ad', 'Прорехи и память', 'В замке её звали просто Старая Мэг, и мало кто из господ знал её ремесло. А ремесло у Мэг было особое: она чинила знамёна. Те самые, что уходили на войну гордыми и яркими, а возвращались — если возвращались — изорванными, прожжёнными, заскорузлыми от грязи и крови.

Знамёна приносили ей охапками после каждой битвы. Мэг садилась в своей каморке у окна, раскладывала их на коленях и принималась за работу — штопала прорехи, ставила заплаты, отстирывала, что отстирывалось. Лорды хотели, чтобы их стяги снова выглядели гордо, и Мэг возвращала им гордый вид. Но за этой простой работой крылось нечто большее, чего господа не понимали.

Господа видели в знамёнах лишь честь дома — яркий стяг, который должно гордо нести в бой и красиво вешать на стену. Изорванное знамя для них было досадой, которую следовало починить, чтобы снова блестело. Они не задумывались, отчего на ткани прорехи и пятна, — это было ниже их забот. Мэг же видела иное. Для неё каждое знамя было не куском материи, а свидетелем — немым, но красноречивым. Оно побывало там, где гибли люди, и хранило память о них в каждом разрыве. Господа чинили знамёна, чтобы забыть войну. А старая швея чинила их, чтобы помнить, — и в этом была вся разница между ними.

Ибо Мэг умела читать знамёна, как иные читают книги. Каждая прореха рассказывала ей историю. Вот этот разрез — от меча, нанесён сверху, значит, знаменосца рубили конным; он, должно быть, упал одним из первых. Вот эта подпалина — стяг побывал в горящем лагере. Вот эти бурые пятна, въевшиеся в ткань, — о них Мэг старалась не думать слишком много, но и не забывала. За каждой дырой стоял человек. Чаще всего — мёртвый.

Господа считали потери в цифрах и землях. Менестрели пели о подвигах лордов и рыцарей, чьи имена гремели. А о тех, кто нёс знамёна и падал безымянным, не помнил никто — кроме Старой Мэг. Она не знала их имён, но знала их смерть, записанную в прорехах ткани. И, штопая, она поминала каждого — про себя, без слов, простым вниманием к тому, как он погиб.

— Зачем ты так возишься, Мэг? — спрашивали порой молодые служанки, видя, как бережно, почти нежно она латает очередной изорванный стяг. — Заштопала бы кое-как, лордам всё равно, лишь бы издали красиво.

— Лордам — может, и всё равно, — отвечала Мэг, не отрываясь от иглы. — А я так не умею. За каждой этой дырой, девочки, чья-то жизнь оборвалась. Молодой парень, может, вроде ваших женихов. И никто его не помянет — ни лорд, ни менестрель. Так пусть хоть я. Пусть хоть одна старуха с иглой помнит, что он был. Это, выходит, всё, что от него осталось, — вот эта прореха да моя память. Грех чинить такое кое-как.',
        'Прорехи и память', 'В замке её звали просто Старая Мэг, и мало кто из господ знал её ремесло. А ремесло у Мэг было особое: она чинила знамёна. Те самые, что уходили на войну гордыми и яркими, а возвращались — если возвращались — изорванными, прожжёнными, заскорузлыми от грязи и крови.

Знамёна приносили ей охапками после каждой битвы. Мэг садилась в своей каморке у окна, раскладывала их на коленях и принималась за работу — штопала прорехи, ставила заплаты, отстирывала, что отстирывалось. Лорды хотели, чтобы их стяги снова выглядели гордо, и Мэг возвращала им гордый вид. Но за этой простой работой крылось нечто большее, чего господа не понимали.

Господа видели в знамёнах лишь честь дома — яркий стяг, который должно гордо нести в бой и красиво вешать на стену. Изорванное знамя для них было досадой, которую следовало починить, чтобы снова блестело. Они не задумывались, отчего на ткани прорехи и пятна, — это было ниже их забот. Мэг же видела иное. Для неё каждое знамя было не куском материи, а свидетелем — немым, но красноречивым. Оно побывало там, где гибли люди, и хранило память о них в каждом разрыве. Господа чинили знамёна, чтобы забыть войну. А старая швея чинила их, чтобы помнить, — и в этом была вся разница между ними.

Ибо Мэг умела читать знамёна, как иные читают книги. Каждая прореха рассказывала ей историю. Вот этот разрез — от меча, нанесён сверху, значит, знаменосца рубили конным; он, должно быть, упал одним из первых. Вот эта подпалина — стяг побывал в горящем лагере. Вот эти бурые пятна, въевшиеся в ткань, — о них Мэг старалась не думать слишком много, но и не забывала. За каждой дырой стоял человек. Чаще всего — мёртвый.

Господа считали потери в цифрах и землях. Менестрели пели о подвигах лордов и рыцарей, чьи имена гремели. А о тех, кто нёс знамёна и падал безымянным, не помнил никто — кроме Старой Мэг. Она не знала их имён, но знала их смерть, записанную в прорехах ткани. И, штопая, она поминала каждого — про себя, без слов, простым вниманием к тому, как он погиб.

— Зачем ты так возишься, Мэг? — спрашивали порой молодые служанки, видя, как бережно, почти нежно она латает очередной изорванный стяг. — Заштопала бы кое-как, лордам всё равно, лишь бы издали красиво.

— Лордам — может, и всё равно, — отвечала Мэг, не отрываясь от иглы. — А я так не умею. За каждой этой дырой, девочки, чья-то жизнь оборвалась. Молодой парень, может, вроде ваших женихов. И никто его не помянет — ни лорд, ни менестрель. Так пусть хоть я. Пусть хоть одна старуха с иглой помнит, что он был. Это, выходит, всё, что от него осталось, — вот эта прореха да моя память. Грех чинить такое кое-как.', 'published', '2026-01-31T12:00:00+00:00', '2026-01-31T13:00:00+00:00');
    INSERT INTO chapters (id, story_id, title, content, draft_title, draft_content, status, created_at, updated_at) VALUES (
        'f18e6924-8e9b-5625-a01c-d5fe9fb7c2eb', '01542503-08b1-5da0-96b6-0da847b873ad', 'Знамя, что вернулось', 'Однажды после большой и страшной битвы знамёна принесли особенно много — целую телегу. Война в тот год выдалась лютая, и замок недосчитался многих. Мэг работала не покладая рук, и каждая прореха ложилась на сердце тяжелее обычного.

Среди прочих ей принесли знамя, при виде которого у старухи защемило сердце. Она узнала его сразу — этот стяг она шила сама, своими руками, полгода назад. Шила для молодого знаменосца по имени Дэйв — единственного, кто из всех господ и воинов заходил к ней просто поговорить, помочь, посидеть. Хороший был парень, светлый, всего семнадцати лет. Перед уходом на войну он гордо показывал ей новый стяг, и Мэг от души желала ему вернуться.

Теперь его знамя лежало у неё на коленях — изорванное, в бурых пятнах. И Мэг по прорехам прочла всё. Дэйв не бросил стяг и не бежал. Знамя было пробито спереди — значит, он стоял лицом к врагу до конца. А рядом с большим разрывом виднелись маленькие, частые порезы — он защищал знамя руками, когда его пытались отнять. Юный знаменосец погиб, не отдав свой стяг. О таком поют баллады — но имени Дэйва не вспомнит ни один менестрель.

Старая Мэг долго сидела, прижимая изорванное знамя к груди, и плакала — тихо, как плачут старики, давно выучившие, что слезами горю не поможешь, и всё же не способные сдержать их. Она оплакивала светлого мальчика, который заходил к ней поговорить и которого больше нет. Того, кого, кроме неё, и помянуть-то было некому.

Мэг повидала на своём веку много смертей, прочла по знамёнам сотни чужих концов — и всё же эта пронзила её, как первая. Может быть, потому, что Дэйва она знала живым: его улыбку, его голос, его привычку забегать к ней в каморку поболтать, когда другим до старой швеи не было дела. Для всех прочих он был безымянным знаменосцем, одним из многих павших. Для Мэг он был мальчиком, которому она шила этот самый стяг, желая ему вернуться. Вот в чём крылась вся горечь войны, поняла она в тот миг: за каждой цифрой потерь, за каждой прорехой стоял чей-то живой, незабвенный, единственный человек.

А потом она сделала то, чего не делала прежде. Заштопав знамя Дэйва бережнее обычного, она не отдала его обратно в оружейную, к прочим стягам. Она оставила маленький лоскут — отрезала уголок, на котором сходились следы его последнего боя, — и спрятала у себя. На память. Чтобы остался хоть один клочок, хранящий, что юноша по имени Дэйв жил на свете, заходил к старухе поговорить и умер, не отдав свой стяг.

С того дня у Мэг завелась тайная шкатулка. И в неё она складывала по лоскуту — от каждого знамени, чью историю прочла, от каждого безымянного, кого больше некому было помнить. Маленький музей чужих жизней, который вела одна старая швея.',
        'Знамя, что вернулось', 'Однажды после большой и страшной битвы знамёна принесли особенно много — целую телегу. Война в тот год выдалась лютая, и замок недосчитался многих. Мэг работала не покладая рук, и каждая прореха ложилась на сердце тяжелее обычного.

Среди прочих ей принесли знамя, при виде которого у старухи защемило сердце. Она узнала его сразу — этот стяг она шила сама, своими руками, полгода назад. Шила для молодого знаменосца по имени Дэйв — единственного, кто из всех господ и воинов заходил к ней просто поговорить, помочь, посидеть. Хороший был парень, светлый, всего семнадцати лет. Перед уходом на войну он гордо показывал ей новый стяг, и Мэг от души желала ему вернуться.

Теперь его знамя лежало у неё на коленях — изорванное, в бурых пятнах. И Мэг по прорехам прочла всё. Дэйв не бросил стяг и не бежал. Знамя было пробито спереди — значит, он стоял лицом к врагу до конца. А рядом с большим разрывом виднелись маленькие, частые порезы — он защищал знамя руками, когда его пытались отнять. Юный знаменосец погиб, не отдав свой стяг. О таком поют баллады — но имени Дэйва не вспомнит ни один менестрель.

Старая Мэг долго сидела, прижимая изорванное знамя к груди, и плакала — тихо, как плачут старики, давно выучившие, что слезами горю не поможешь, и всё же не способные сдержать их. Она оплакивала светлого мальчика, который заходил к ней поговорить и которого больше нет. Того, кого, кроме неё, и помянуть-то было некому.

Мэг повидала на своём веку много смертей, прочла по знамёнам сотни чужих концов — и всё же эта пронзила её, как первая. Может быть, потому, что Дэйва она знала живым: его улыбку, его голос, его привычку забегать к ней в каморку поболтать, когда другим до старой швеи не было дела. Для всех прочих он был безымянным знаменосцем, одним из многих павших. Для Мэг он был мальчиком, которому она шила этот самый стяг, желая ему вернуться. Вот в чём крылась вся горечь войны, поняла она в тот миг: за каждой цифрой потерь, за каждой прорехой стоял чей-то живой, незабвенный, единственный человек.

А потом она сделала то, чего не делала прежде. Заштопав знамя Дэйва бережнее обычного, она не отдала его обратно в оружейную, к прочим стягам. Она оставила маленький лоскут — отрезала уголок, на котором сходились следы его последнего боя, — и спрятала у себя. На память. Чтобы остался хоть один клочок, хранящий, что юноша по имени Дэйв жил на свете, заходил к старухе поговорить и умер, не отдав свой стяг.

С того дня у Мэг завелась тайная шкатулка. И в неё она складывала по лоскуту — от каждого знамени, чью историю прочла, от каждого безымянного, кого больше некому было помнить. Маленький музей чужих жизней, который вела одна старая швея.', 'published', '2026-02-01T12:00:00+00:00', '2026-02-01T13:00:00+00:00');
    INSERT INTO chapters (id, story_id, title, content, draft_title, draft_content, status, created_at, updated_at) VALUES (
        'fd14ad52-06ea-5630-b332-986bdd60265a', '01542503-08b1-5da0-96b6-0da847b873ad', 'Память, сшитая из лоскутов', 'Шли годы, и шкатулка Старой Мэг наполнялась лоскутами. Десятки, потом сотни — от каждого знамени, что прошло через её руки, от каждой прочитанной ею смерти. Это была странная коллекция: обрывки ткани, ничего не говорящие постороннему, но для Мэг — целая летопись войн, написанная не именами лордов, а памятью о безымянных.

Мэг понимала, что её странная коллекция не имеет цены ни для кого, кроме неё. Лоскуты ткани, обрывки чужих знамён — постороннему они сказали бы не больше, чем горсть тряпья. Но для старой швеи в них была заключена целая летопись, какой не вели ни мейстеры, ни менестрели. История войн, рассказанная не с высоты тронов, а снизу, из гущи погибших, — память о тех, кого великие списывали в потери, не запоминая лиц. И мысль о том, что после её смерти эта память развеется, что последние следы стольких людей исчезнут вместе с ней, была для Мэг невыносима. Она не могла этого допустить.

Когда Мэг состарилась совсем и руки её начали дрожать, она задумалась о том, что станется со шкатулкой, когда её не станет. Выбросят, не поняв. И вся её память, копленная десятилетиями, пропадёт — а с ней исчезнут навсегда последние следы сотен людей, которых, кроме неё, и не помнил никто.

И тогда старая швея взялась за последний свой труд. Из всех собранных лоскутов она решила сшить одно большое полотно — общее знамя для всех безымянных. Не герб лорда, не символ дома, а памятник тем, кого забыли: знаменосцам, простым воинам, тем, кто падал первым и о ком не пели баллад. Каждый лоскут она вшивала на своё место, и за каждым стояла история, которую помнила она одна.

Работа заняла у неё последний год жизни. Дрожащими руками, при свете свечи, почти ослепшая, Мэг сшивала свою память в единое полотно. Лоскут Дэйва, того светлого юноши, она вшила в самую середину — на почётное место.

Молодые служанки, прежде посмеивавшиеся над её вознёй, теперь приходили помогать и слушали её рассказы — про этот разрез, про ту подпалину, про того и этого человека, от которого остался лишь клочок ткани да слова старухи. И, слушая, девушки понимали то, чего не понимали лорды и менестрели: что война — это не подвиги великих, а тысячи оборванных безымянных жизней, и что помнить их — долг живых.

— Вот закончу — и можно помирать спокойно, — говорила Мэг, склонившись над полотном. — Пусть после меня останется. Пусть люди смотрят и помнят: за каждым красивым стягом на стене стоял живой человек, который за него умер. Лорды считают победы. А кто-то должен считать людей. Раз уж больше некому — пусть будет это полотно. И вы, девочки. Я научу вас читать прорехи. Чтобы память не оборвалась, когда оборвётся моя нить.',
        'Память, сшитая из лоскутов', 'Шли годы, и шкатулка Старой Мэг наполнялась лоскутами. Десятки, потом сотни — от каждого знамени, что прошло через её руки, от каждой прочитанной ею смерти. Это была странная коллекция: обрывки ткани, ничего не говорящие постороннему, но для Мэг — целая летопись войн, написанная не именами лордов, а памятью о безымянных.

Мэг понимала, что её странная коллекция не имеет цены ни для кого, кроме неё. Лоскуты ткани, обрывки чужих знамён — постороннему они сказали бы не больше, чем горсть тряпья. Но для старой швеи в них была заключена целая летопись, какой не вели ни мейстеры, ни менестрели. История войн, рассказанная не с высоты тронов, а снизу, из гущи погибших, — память о тех, кого великие списывали в потери, не запоминая лиц. И мысль о том, что после её смерти эта память развеется, что последние следы стольких людей исчезнут вместе с ней, была для Мэг невыносима. Она не могла этого допустить.

Когда Мэг состарилась совсем и руки её начали дрожать, она задумалась о том, что станется со шкатулкой, когда её не станет. Выбросят, не поняв. И вся её память, копленная десятилетиями, пропадёт — а с ней исчезнут навсегда последние следы сотен людей, которых, кроме неё, и не помнил никто.

И тогда старая швея взялась за последний свой труд. Из всех собранных лоскутов она решила сшить одно большое полотно — общее знамя для всех безымянных. Не герб лорда, не символ дома, а памятник тем, кого забыли: знаменосцам, простым воинам, тем, кто падал первым и о ком не пели баллад. Каждый лоскут она вшивала на своё место, и за каждым стояла история, которую помнила она одна.

Работа заняла у неё последний год жизни. Дрожащими руками, при свете свечи, почти ослепшая, Мэг сшивала свою память в единое полотно. Лоскут Дэйва, того светлого юноши, она вшила в самую середину — на почётное место.

Молодые служанки, прежде посмеивавшиеся над её вознёй, теперь приходили помогать и слушали её рассказы — про этот разрез, про ту подпалину, про того и этого человека, от которого остался лишь клочок ткани да слова старухи. И, слушая, девушки понимали то, чего не понимали лорды и менестрели: что война — это не подвиги великих, а тысячи оборванных безымянных жизней, и что помнить их — долг живых.

— Вот закончу — и можно помирать спокойно, — говорила Мэг, склонившись над полотном. — Пусть после меня останется. Пусть люди смотрят и помнят: за каждым красивым стягом на стене стоял живой человек, который за него умер. Лорды считают победы. А кто-то должен считать людей. Раз уж больше некому — пусть будет это полотно. И вы, девочки. Я научу вас читать прорехи. Чтобы память не оборвалась, когда оборвётся моя нить.', 'published', '2026-02-02T12:00:00+00:00', '2026-02-02T13:00:00+00:00');

    -- [41] Ворон с дурной вестью (game-of-thrones)
    INSERT INTO stories (id, slug, title, status, author_id, ai_summary, created_at, updated_at) VALUES (
        '98497d26-de92-5f7b-803d-29dd83e4b141', 'got-voron-s-durnoy-vestyu', 'Ворон с дурной вестью', 'published', v_author_id, 'Юный смотритель воронов разрывается между долгом и совестью, когда через него проходит послание, способное развязать войну. Иногда судьба королевств зависит от того, кто держит письмо.',
        '2026-01-29T12:00:00+00:00', '2026-04-09T12:00:00+00:00');
    INSERT INTO story_tags (story_id, tag_id) VALUES ('98497d26-de92-5f7b-803d-29dd83e4b141', '10000001-0001-4001-8001-000000000009');
    INSERT INTO story_tags (story_id, tag_id) VALUES ('98497d26-de92-5f7b-803d-29dd83e4b141', '10000004-0004-4004-8004-000000000002');
    INSERT INTO story_tags (story_id, tag_id) VALUES ('98497d26-de92-5f7b-803d-29dd83e4b141', '10000005-0005-4005-8005-000000000003');
    INSERT INTO story_tags (story_id, tag_id) VALUES ('98497d26-de92-5f7b-803d-29dd83e4b141', '10000006-0006-4006-8006-000000000002');
    INSERT INTO story_tags (story_id, tag_id) VALUES ('98497d26-de92-5f7b-803d-29dd83e4b141', '10000002-0002-4002-8002-000000000001');
    INSERT INTO story_tags (story_id, tag_id) VALUES ('98497d26-de92-5f7b-803d-29dd83e4b141', '10000002-0002-4002-8002-000000000006');
    INSERT INTO chapters (id, story_id, title, content, draft_title, draft_content, status, created_at, updated_at) VALUES (
        '8da135b1-08b8-5aa2-97ca-ad5a07e4d57d', '98497d26-de92-5f7b-803d-29dd83e4b141', 'Крылья вестей', 'Воронов в замке держали в высокой башне, и смотрел за ними юный Корвин — мальчишка, взятый в услужение за умение ладить с птицами. Работа была неприметная, но важная: вороны несли вести по всему краю, и от них зависело многое. Через башню Корвина проходили письма лордов, приказы, договоры, тайны.

Корвин относился к своей службе с трепетом, какого не понимали другие слуги. Для них вороны были просто птицами, а письма — просто бумагой. Для него же башня с воронами была сердцем замка, тайным узлом, через который текла кровь всего края, — вести. От клочка пергамента, привязанного к птичьей лапке, могли зависеть урожай и голод, мир и война, жизнь и смерть тысяч незнакомых людей. Корвин чувствовал эту незримую тяжесть и нёс её бережно. Он гордился тем, что был надёжным звеном в цепи, связующей разрозненные земли. И мысль о том, что однажды эта служба столкнёт его с невыносимым выбором, ни разу не приходила ему в голову.

Корвин любил своих птиц и гордился службой. Старый мейстер, обучавший его, вбил ему в голову одно правило, твёрдое как камень: смотритель воронов не читает чужих писем и не вмешивается в их судьбу. Его дело — принять, накормить птицу, переслать дальше. Что написано в послании — не его забота. Гонец не отвечает за весть, которую несёт.

— Запомни, мальчик, — говорил старый мейстер. — Мы лишь крылья. Письмо может нести радость, может — горе, может — войну. Но не нам судить. Стоит начать решать, какое письмо переслать, а какое придержать, — и рухнет всё. Вестям должно доверять, иначе никто никому не сможет верить. Наш долг — беспристрастность. Это тяжёлый долг, но иного у нас нет.

Корвин затвердил это правило накрепко и много лет служил, не нарушая его ни разу. Через его руки проходили сотни писем, и он ни одного не вскрыл, ни одного не придержал. Он был добрыми крыльями вестей — надёжными, беспристрастными, верными.

Но однажды через башню Корвина прошло письмо, которое испытало его правило на прочность. Ворон принёс его в грозовую ночь — измученный, едва живой, прилетевший издалека. Корвин снял с лапки птицы футляр с посланием, и тут случилось то, чего прежде не бывало: футляр был повреждён в полёте, печать сломалась, и письмо развернулось само, у него в руках. Корвин невольно увидел первые строки — прежде чем успел отвести глаза.

И этих строк хватило, чтобы кровь застыла у него в жилах. Письмо было поддельным. Корвин знал почерк и печати лордов округи назубок — этого требовала служба. И он сразу понял: это послание лишь притворялось письмом одного лорда к другому. На деле оно было искусной подделкой, состряпанной, чтобы рассорить два дома и развязать войну. Ложное обвинение, ложная угроза — всё, чтобы пролилась кровь.

Корвин стоял в грозовой башне с раскрытым письмом в дрожащих руках и понимал, что впервые в жизни оказался перед страшным выбором между долгом и совестью.',
        'Крылья вестей', 'Воронов в замке держали в высокой башне, и смотрел за ними юный Корвин — мальчишка, взятый в услужение за умение ладить с птицами. Работа была неприметная, но важная: вороны несли вести по всему краю, и от них зависело многое. Через башню Корвина проходили письма лордов, приказы, договоры, тайны.

Корвин относился к своей службе с трепетом, какого не понимали другие слуги. Для них вороны были просто птицами, а письма — просто бумагой. Для него же башня с воронами была сердцем замка, тайным узлом, через который текла кровь всего края, — вести. От клочка пергамента, привязанного к птичьей лапке, могли зависеть урожай и голод, мир и война, жизнь и смерть тысяч незнакомых людей. Корвин чувствовал эту незримую тяжесть и нёс её бережно. Он гордился тем, что был надёжным звеном в цепи, связующей разрозненные земли. И мысль о том, что однажды эта служба столкнёт его с невыносимым выбором, ни разу не приходила ему в голову.

Корвин любил своих птиц и гордился службой. Старый мейстер, обучавший его, вбил ему в голову одно правило, твёрдое как камень: смотритель воронов не читает чужих писем и не вмешивается в их судьбу. Его дело — принять, накормить птицу, переслать дальше. Что написано в послании — не его забота. Гонец не отвечает за весть, которую несёт.

— Запомни, мальчик, — говорил старый мейстер. — Мы лишь крылья. Письмо может нести радость, может — горе, может — войну. Но не нам судить. Стоит начать решать, какое письмо переслать, а какое придержать, — и рухнет всё. Вестям должно доверять, иначе никто никому не сможет верить. Наш долг — беспристрастность. Это тяжёлый долг, но иного у нас нет.

Корвин затвердил это правило накрепко и много лет служил, не нарушая его ни разу. Через его руки проходили сотни писем, и он ни одного не вскрыл, ни одного не придержал. Он был добрыми крыльями вестей — надёжными, беспристрастными, верными.

Но однажды через башню Корвина прошло письмо, которое испытало его правило на прочность. Ворон принёс его в грозовую ночь — измученный, едва живой, прилетевший издалека. Корвин снял с лапки птицы футляр с посланием, и тут случилось то, чего прежде не бывало: футляр был повреждён в полёте, печать сломалась, и письмо развернулось само, у него в руках. Корвин невольно увидел первые строки — прежде чем успел отвести глаза.

И этих строк хватило, чтобы кровь застыла у него в жилах. Письмо было поддельным. Корвин знал почерк и печати лордов округи назубок — этого требовала служба. И он сразу понял: это послание лишь притворялось письмом одного лорда к другому. На деле оно было искусной подделкой, состряпанной, чтобы рассорить два дома и развязать войну. Ложное обвинение, ложная угроза — всё, чтобы пролилась кровь.

Корвин стоял в грозовой башне с раскрытым письмом в дрожащих руках и понимал, что впервые в жизни оказался перед страшным выбором между долгом и совестью.', 'published', '2026-01-29T12:00:00+00:00', '2026-01-29T13:00:00+00:00');
    INSERT INTO chapters (id, story_id, title, content, draft_title, draft_content, status, created_at, updated_at) VALUES (
        '2c511e62-9fee-559a-aa43-fc342e2f1d26', '98497d26-de92-5f7b-803d-29dd83e4b141', 'Долг и совесть', 'Правило было ясным: переслать письмо дальше, не вмешиваясь. Корвин — лишь крылья, не ему судить. Так учил старый мейстер, так он служил всю жизнь. Беспристрастность вестников — основа, на которой держится доверие всего края. Стоит одному смотрителю начать решать, какие письма пропускать, — и рухнет вся хрупкая сеть, связывающая королевства.

Но это письмо было подделкой. Ложью, состряпанной нарочно, чтобы развязать войну. Переслать его дальше означало своими руками передать искру, от которой вспыхнет пожар, — означало стать пусть невольным, но соучастником большой беды. Тысячи людей погибнут из-за войны, которую затеет неведомый интриган с помощью поддельного письма. И Корвин будет тем, кто пропустил эту ложь дальше, зная, что она ложь.

Всю ту грозовую ночь юноша провёл в мучительной борьбе с собой. С одной стороны был долг — твёрдый, ясный, освящённый годами службы. Долг велел: перешли и не вмешивайся, иначе предашь само ремесло вестника, разрушишь доверие, на котором всё держится. С другой стороны была совесть. Совесть кричала: ты знаешь, что это ложь, ты знаешь, что она убьёт тысячи, — как можешь ты передать её дальше и потом жить с этим?

Корвин метался по башне, и вороны тревожно хлопали крыльями, чувствуя смятение хозяина. Он вспоминал слова старого мейстера о беспристрастности — и понимал их мудрость. Если каждый смотритель начнёт решать, какое письмо правильное, а какое нет, по своему разумению, — настанет хаос, никто никому не сможет доверять, и вести перестанут что-либо значить. Правило было не глупым. Оно охраняло нечто важное.

И всё же Корвин не мог отделаться от другой мысли, перевешивавшей всю мудрость старого правила. Правило защищало доверие к вестям вообще — вещь, бесспорно, важную. Но это конкретное письмо никакого доверия не заслуживало, ибо само было обманом. Слепо переслать его дальше значило не сохранить беспристрастность, а послужить лжи. Корвин чувствовал, что попал в зазор между буквой долга и его смыслом, — и что выбрать букву, зная, что творишь зло, было бы трусостью, прикрытой послушанием. Долг не должен быть оправданием для соучастия в подлости. Эта мысль, простая и страшная, не давала ему покоя всю грозовую ночь.

Но было ли оно важнее тысяч жизней? Вот в чём состоял вопрос, перед которым юноша оказался один на один в грозовую ночь. Слепо следовать долгу, зная, что творишь зло, — или нарушить его, спасая жизни, но предав то, чему присягал?

К утру, измученный, Корвин понял одну вещь. Правило о беспристрастности создавалось для честных писем — чтобы вестник не подменял своей волей волю отправителя. Но это письмо не было ничьей честной волей. Оно было подделкой, ложью, не принадлежавшей никому. Переслать его — не значило соблюсти беспристрастность; значило стать орудием обмана. А вот раскрыть подделку — значило послужить истине, ради которой, в сущности, и существуют вестники. Корвин нашёл свой ответ. Оставалось набраться смелости его исполнить.

(продолжение следует)',
        'Долг и совесть', 'Правило было ясным: переслать письмо дальше, не вмешиваясь. Корвин — лишь крылья, не ему судить. Так учил старый мейстер, так он служил всю жизнь. Беспристрастность вестников — основа, на которой держится доверие всего края. Стоит одному смотрителю начать решать, какие письма пропускать, — и рухнет вся хрупкая сеть, связывающая королевства.

Но это письмо было подделкой. Ложью, состряпанной нарочно, чтобы развязать войну. Переслать его дальше означало своими руками передать искру, от которой вспыхнет пожар, — означало стать пусть невольным, но соучастником большой беды. Тысячи людей погибнут из-за войны, которую затеет неведомый интриган с помощью поддельного письма. И Корвин будет тем, кто пропустил эту ложь дальше, зная, что она ложь.

Всю ту грозовую ночь юноша провёл в мучительной борьбе с собой. С одной стороны был долг — твёрдый, ясный, освящённый годами службы. Долг велел: перешли и не вмешивайся, иначе предашь само ремесло вестника, разрушишь доверие, на котором всё держится. С другой стороны была совесть. Совесть кричала: ты знаешь, что это ложь, ты знаешь, что она убьёт тысячи, — как можешь ты передать её дальше и потом жить с этим?

Корвин метался по башне, и вороны тревожно хлопали крыльями, чувствуя смятение хозяина. Он вспоминал слова старого мейстера о беспристрастности — и понимал их мудрость. Если каждый смотритель начнёт решать, какое письмо правильное, а какое нет, по своему разумению, — настанет хаос, никто никому не сможет доверять, и вести перестанут что-либо значить. Правило было не глупым. Оно охраняло нечто важное.

И всё же Корвин не мог отделаться от другой мысли, перевешивавшей всю мудрость старого правила. Правило защищало доверие к вестям вообще — вещь, бесспорно, важную. Но это конкретное письмо никакого доверия не заслуживало, ибо само было обманом. Слепо переслать его дальше значило не сохранить беспристрастность, а послужить лжи. Корвин чувствовал, что попал в зазор между буквой долга и его смыслом, — и что выбрать букву, зная, что творишь зло, было бы трусостью, прикрытой послушанием. Долг не должен быть оправданием для соучастия в подлости. Эта мысль, простая и страшная, не давала ему покоя всю грозовую ночь.

Но было ли оно важнее тысяч жизней? Вот в чём состоял вопрос, перед которым юноша оказался один на один в грозовую ночь. Слепо следовать долгу, зная, что творишь зло, — или нарушить его, спасая жизни, но предав то, чему присягал?

К утру, измученный, Корвин понял одну вещь. Правило о беспристрастности создавалось для честных писем — чтобы вестник не подменял своей волей волю отправителя. Но это письмо не было ничьей честной волей. Оно было подделкой, ложью, не принадлежавшей никому. Переслать его — не значило соблюсти беспристрастность; значило стать орудием обмана. А вот раскрыть подделку — значило послужить истине, ради которой, в сущности, и существуют вестники. Корвин нашёл свой ответ. Оставалось набраться смелости его исполнить.

(продолжение следует)', 'published', '2026-01-30T12:00:00+00:00', '2026-01-30T13:00:00+00:00');
    INSERT INTO chapters (id, story_id, title, content, draft_title, draft_content, status, created_at, updated_at) VALUES (
        '9993015e-a68a-597a-a4c8-f118197764cc', '98497d26-de92-5f7b-803d-29dd83e4b141', 'Тот, кто держит письмо', 'Корвин решил не пересылать поддельное письмо вслепую — но и не уничтожать его самовольно. Он избрал третий путь, труднее обоих: докопаться до правды и передать дело тому, кто вправе судить, но честно, ничего не утаив. Юноша понимал, что рискует всем — службой, добрым именем, может, и головой. Но иначе поступить уже не мог.

Первым делом он отправился к старому мейстеру — тому, что учил его правилу беспристрастности. Корвин боялся, что наставник осудит его за вскрытое письмо. Но выбрал честность: рассказал всё как было — про повреждённый футляр, про сломанную печать, про подделку, которую распознал.

Старый мейстер выслушал, разглядывая письмо, и долго молчал. Потом поднял на ученика глаза, и Корвин с удивлением увидел в них не гнев, а одобрение.

— Я учил тебя не читать чужих писем, — сказал мейстер. — И ты не читал — оно раскрылось само, не по твоей вине. Я учил тебя беспристрастности — и ты проявил её, не уничтожив письмо тайком и не поддавшись соблазну решить всё в одиночку. Ты пришёл ко мне. Ты ищешь не своей воли, а правды. Мальчик мой, ты понял правило глубже, чем я сам его излагал. Беспристрастность вестника — не в том, чтобы слепо передавать любую ложь. Она в том, чтобы служить истине, не подменяя её своими пристрастиями. А подделка — враг истины. Раскрыть её — наш долг, а не нарушение долга.

У Корвина словно гора свалилась с плеч. Наставник не только не осудил его — он подтвердил то, к чему юноша пришёл сам, мучительной ночью.

Корвин и не мечтал о таком исходе. Он шёл к наставнику, готовясь к гневу, к обвинениям в нарушении священного правила, может быть, к изгнанию со службы. А вместо этого старый мейстер не только понял его — он подтвердил, что юноша рассудил верно, глубже, чем учило само правило. С плеч Корвина словно сняли непосильный груз, который он тащил в одиночку всю ночь. Оказалось, что между долгом и совестью не было пропасти, как ему мнилось в темноте, — был лишь более глубокий долг, к которому он сумел пробиться сам. И теперь он был не один: рядом стоял наставник, и вдвоём им предстояло обратить орудие войны в орудие мира.

— Что же нам делать, мейстер? — спросил он.

— То, что велит истина, — ответил старик. — Мы выясним, кто состряпал эту подделку. Почерк, печать, бумага, ворон, что её принёс, — всё это следы, и они приведут нас к лжецу. А потом мы предъявим правду обоим лордам, которых хотели стравить, — открыто, вместе, ничего не утаив. Пусть увидят, что их едва не толкнули на войну обманом. Это не развяжет распрю, как хотел интриган, — это, быть может, и предотвратит её, сплотив их против общего лжеца.

Корвин смотрел на старого мейстера с благодарностью. Вдвоём — наставник и ученик, два скромных смотрителя воронов — они держали в руках письмо, от которого зависели тысячи жизней. И намеревались распорядиться им так, чтобы оно принесло не войну, а мир.

(продолжение следует)',
        'Тот, кто держит письмо', 'Корвин решил не пересылать поддельное письмо вслепую — но и не уничтожать его самовольно. Он избрал третий путь, труднее обоих: докопаться до правды и передать дело тому, кто вправе судить, но честно, ничего не утаив. Юноша понимал, что рискует всем — службой, добрым именем, может, и головой. Но иначе поступить уже не мог.

Первым делом он отправился к старому мейстеру — тому, что учил его правилу беспристрастности. Корвин боялся, что наставник осудит его за вскрытое письмо. Но выбрал честность: рассказал всё как было — про повреждённый футляр, про сломанную печать, про подделку, которую распознал.

Старый мейстер выслушал, разглядывая письмо, и долго молчал. Потом поднял на ученика глаза, и Корвин с удивлением увидел в них не гнев, а одобрение.

— Я учил тебя не читать чужих писем, — сказал мейстер. — И ты не читал — оно раскрылось само, не по твоей вине. Я учил тебя беспристрастности — и ты проявил её, не уничтожив письмо тайком и не поддавшись соблазну решить всё в одиночку. Ты пришёл ко мне. Ты ищешь не своей воли, а правды. Мальчик мой, ты понял правило глубже, чем я сам его излагал. Беспристрастность вестника — не в том, чтобы слепо передавать любую ложь. Она в том, чтобы служить истине, не подменяя её своими пристрастиями. А подделка — враг истины. Раскрыть её — наш долг, а не нарушение долга.

У Корвина словно гора свалилась с плеч. Наставник не только не осудил его — он подтвердил то, к чему юноша пришёл сам, мучительной ночью.

Корвин и не мечтал о таком исходе. Он шёл к наставнику, готовясь к гневу, к обвинениям в нарушении священного правила, может быть, к изгнанию со службы. А вместо этого старый мейстер не только понял его — он подтвердил, что юноша рассудил верно, глубже, чем учило само правило. С плеч Корвина словно сняли непосильный груз, который он тащил в одиночку всю ночь. Оказалось, что между долгом и совестью не было пропасти, как ему мнилось в темноте, — был лишь более глубокий долг, к которому он сумел пробиться сам. И теперь он был не один: рядом стоял наставник, и вдвоём им предстояло обратить орудие войны в орудие мира.

— Что же нам делать, мейстер? — спросил он.

— То, что велит истина, — ответил старик. — Мы выясним, кто состряпал эту подделку. Почерк, печать, бумага, ворон, что её принёс, — всё это следы, и они приведут нас к лжецу. А потом мы предъявим правду обоим лордам, которых хотели стравить, — открыто, вместе, ничего не утаив. Пусть увидят, что их едва не толкнули на войну обманом. Это не развяжет распрю, как хотел интриган, — это, быть может, и предотвратит её, сплотив их против общего лжеца.

Корвин смотрел на старого мейстера с благодарностью. Вдвоём — наставник и ученик, два скромных смотрителя воронов — они держали в руках письмо, от которого зависели тысячи жизней. И намеревались распорядиться им так, чтобы оно принесло не войну, а мир.

(продолжение следует)', 'published', '2026-01-31T12:00:00+00:00', '2026-01-31T13:00:00+00:00');

    -- [42] За стеной (attack-on-titan)
    INSERT INTO stories (id, slug, title, status, author_id, ai_summary, created_at, updated_at) VALUES (
        'd168325d-f530-5472-a664-50fb71388c8e', 'aot-za-stenoy', 'За стеной', 'published', v_author_id, 'Юная новобранка разведотряда впервые выходит за стену — туда, где человечество не было сто лет. Она боится титанов, но больше всего боится того, что страх сделает с ней самой.',
        '2026-01-27T12:00:00+00:00', '2026-04-08T11:00:00+00:00');
    INSERT INTO story_tags (story_id, tag_id) VALUES ('d168325d-f530-5472-a664-50fb71388c8e', '10000001-0001-4001-8001-00000000000a');
    INSERT INTO story_tags (story_id, tag_id) VALUES ('d168325d-f530-5472-a664-50fb71388c8e', '10000004-0004-4004-8004-000000000002');
    INSERT INTO story_tags (story_id, tag_id) VALUES ('d168325d-f530-5472-a664-50fb71388c8e', '10000005-0005-4005-8005-000000000003');
    INSERT INTO story_tags (story_id, tag_id) VALUES ('d168325d-f530-5472-a664-50fb71388c8e', '10000006-0006-4006-8006-000000000001');
    INSERT INTO story_tags (story_id, tag_id) VALUES ('d168325d-f530-5472-a664-50fb71388c8e', '10000002-0002-4002-8002-000000000001');
    INSERT INTO story_tags (story_id, tag_id) VALUES ('d168325d-f530-5472-a664-50fb71388c8e', '10000002-0002-4002-8002-000000000006');
    INSERT INTO story_tags (story_id, tag_id) VALUES ('d168325d-f530-5472-a664-50fb71388c8e', '10000003-0003-4003-8003-000000000002');
    INSERT INTO chapters (id, story_id, title, content, draft_title, draft_content, status, created_at, updated_at) VALUES (
        '557d7a34-8301-5514-9fa5-865d22274450', 'd168325d-f530-5472-a664-50fb71388c8e', 'Ворота открываются', 'Майя стояла в строю на рассвете, у самых ворот, и слушала, как колотится её сердце. Сегодня разведотряд впервые за её службу выходил за стену — туда, в огромный, запретный мир, где сто лет хозяйничали титаны и куда человечество не смело ступать.

Ей было восемнадцать, и она сама не до конца понимала, зачем пошла в разведку. Можно было выбрать гарнизон — служить на стенах, в относительной безопасности. Можно было пойти в военную полицию, во внутренние земли, подальше от опасности. Но Майя выбрала разведку — отряд, из которого возвращался в лучшем случае каждый второй. Выбрала сама, против воли родных, против здравого смысла.

Почему? Она и сама толком не знала. Может быть, потому, что устала жить за стенами, как в клетке, не видя ничего, кроме одних и тех же улиц. Может быть, потому, что её брат когда-то ушёл за стену и не вернулся, и она хотела понять, ради чего. А может, просто потому, что не могла больше выносить мысль: всю жизнь прятаться и так и умереть, не увидев настоящего мира.

Командир отряда, суровая женщина с холодными глазами, прошла вдоль строя.

— Новобранцы, — сказала она ровно, без пафоса. — Сегодня многие из вас умрут. Это правда, и я не стану её прятать. Но запомните одно. Там, за стеной, ваш главный враг — не титан. Ваш главный враг — ваш собственный страх. Титан убивает тело. А страх убивает разум, и тогда вы делаете глупости и гибнете сами, да ещё тянете за собой других. Кто научится держать страх в узде — выживет. Кто нет — нет. Это всё. По коням.

Майя сглотнула. Слова командира врезались в неё. Она и вправду боялась — до дрожи в коленях, до тошноты. Боялась титанов, боялись смерти, но больше всего боялась опозориться, подвести, оказаться той, чей страх погубит товарищей.

Она и не подозревала, до чего обычен этот страх. Каждый в строю, даже бывалые на вид солдаты, чувствовал то же самое — комок в горле, холод в животе, предательскую дрожь в коленях. Просто все научились прятать его за каменными лицами, и оттого Майе казалось, будто боится она одна, будто все вокруг храбрее. Это и есть самая коварная ловушка страха: он убеждает тебя, что ты в нём одинок. Майя глубоко вдохнула холодный утренний воздух и попыталась убедить себя, что справится, — хотя сердце колотилось так, что, казалось, его слышит весь строй.

Заскрипели огромные ворота, медленно открываясь. За ними лежал он — мир за стеной, залитый утренним светом, бескрайний, прекрасный и смертельно опасный. Майя в последний раз глубоко вдохнула, сжала поводья и вместе с отрядом устремилась туда, куда сто лет не ступала нога человека. Навстречу своему страху.',
        'Ворота открываются', 'Майя стояла в строю на рассвете, у самых ворот, и слушала, как колотится её сердце. Сегодня разведотряд впервые за её службу выходил за стену — туда, в огромный, запретный мир, где сто лет хозяйничали титаны и куда человечество не смело ступать.

Ей было восемнадцать, и она сама не до конца понимала, зачем пошла в разведку. Можно было выбрать гарнизон — служить на стенах, в относительной безопасности. Можно было пойти в военную полицию, во внутренние земли, подальше от опасности. Но Майя выбрала разведку — отряд, из которого возвращался в лучшем случае каждый второй. Выбрала сама, против воли родных, против здравого смысла.

Почему? Она и сама толком не знала. Может быть, потому, что устала жить за стенами, как в клетке, не видя ничего, кроме одних и тех же улиц. Может быть, потому, что её брат когда-то ушёл за стену и не вернулся, и она хотела понять, ради чего. А может, просто потому, что не могла больше выносить мысль: всю жизнь прятаться и так и умереть, не увидев настоящего мира.

Командир отряда, суровая женщина с холодными глазами, прошла вдоль строя.

— Новобранцы, — сказала она ровно, без пафоса. — Сегодня многие из вас умрут. Это правда, и я не стану её прятать. Но запомните одно. Там, за стеной, ваш главный враг — не титан. Ваш главный враг — ваш собственный страх. Титан убивает тело. А страх убивает разум, и тогда вы делаете глупости и гибнете сами, да ещё тянете за собой других. Кто научится держать страх в узде — выживет. Кто нет — нет. Это всё. По коням.

Майя сглотнула. Слова командира врезались в неё. Она и вправду боялась — до дрожи в коленях, до тошноты. Боялась титанов, боялись смерти, но больше всего боялась опозориться, подвести, оказаться той, чей страх погубит товарищей.

Она и не подозревала, до чего обычен этот страх. Каждый в строю, даже бывалые на вид солдаты, чувствовал то же самое — комок в горле, холод в животе, предательскую дрожь в коленях. Просто все научились прятать его за каменными лицами, и оттого Майе казалось, будто боится она одна, будто все вокруг храбрее. Это и есть самая коварная ловушка страха: он убеждает тебя, что ты в нём одинок. Майя глубоко вдохнула холодный утренний воздух и попыталась убедить себя, что справится, — хотя сердце колотилось так, что, казалось, его слышит весь строй.

Заскрипели огромные ворота, медленно открываясь. За ними лежал он — мир за стеной, залитый утренним светом, бескрайний, прекрасный и смертельно опасный. Майя в последний раз глубоко вдохнула, сжала поводья и вместе с отрядом устремилась туда, куда сто лет не ступала нога человека. Навстречу своему страху.', 'published', '2026-01-27T12:00:00+00:00', '2026-01-27T13:00:00+00:00');
    INSERT INTO chapters (id, story_id, title, content, draft_title, draft_content, status, created_at, updated_at) VALUES (
        '26df1b2b-3246-5461-9f76-8534c7e73041', 'd168325d-f530-5472-a664-50fb71388c8e', 'Первый титан', 'Мир за стеной оказался не таким, как представляла Майя. Она ждала выжженной пустыни, царства смерти. А увидела зелёные холмы, дикие цветущие луга, рощи, разросшиеся за сто лет без человека. Природа, лишённая людей, не погибла — она расцвела. Это было так красиво, что у Майи на миг перехватило дыхание, и страх отступил перед изумлением.

Но изумление длилось недолго. На гребне дальнего холма показалась фигура — огромная, несуразная, бредущая к отряду неровной походкой. Титан. Первый настоящий титан, которого Майя видела в жизни. И весь её страх вернулся разом, ледяной волной, сковавшей тело.

Тварь была чудовищна в своей неправильности — слишком большая, с лицом, кривым подобием человеческого, с пустой, бессмысленной улыбкой. Она шла на людей не со злобой даже, а с тупым, неутолимым голодом, и это было страшнее всякой злобы.

Майя читала о титанах в учебниках, видела рисунки, слушала рассказы ветеранов — но ничто не подготовило её к этому. Книжные описания были мертвы; живая тварь была невыносимо реальна. От неё веяло чем-то противоестественным, нарушающим самый порядок вещей, — будто сама природа произвела на свет ошибку, и теперь эта ошибка брела к людям с пустой улыбкой. Разум Майи отказывался это принимать, и именно отсюда, поняла она позже, рождался самый липкий ужас: не страх боли даже, а оторопь перед невозможным, ставшим явью. Тело каменело само собой, прежде чем рассудок успевал отдать хоть какой-то приказ.

— Держать строй! — раздался голос командира. — Новобранцам не геройствовать! Маневрировать, отвлекать, ветераны бьют! Майя, не застывай!

Но Майя застыла. Страх, тот самый главный враг, о котором предупреждала командир, сковал её намертво. Она сидела в седле, не в силах шевельнуться, глядя, как приближается тварь, и в голове билась одна мысль: вот так и погиб брат, вот так погибну и я.

А потом она вспомнила слова командира. Главный враг — не титан, а страх. И что-то в ней восстало против этого страха. Она не для того ушла за стену, не для того предала тревоги родных, чтобы оцепенеть и умереть в первой же стычке, не сделав ничего. Если уж умирать — то действуя, а не застыв соляным столбом.

Майя стиснула зубы, заставила непослушные руки двигаться и направила лошадь вбок, уводя титана от пеших товарищей, как учили на тренировках. Манёвр вышел неуклюжим, корявым — но вышел. Тварь повернулась за ней, отвлеклась от строя, и в этот миг ветераны на тросах ударили сверху, поразив уязвимую точку на загривке. Титан рухнул, испаряясь.

Майя сидела в седле, дрожа всем телом, мокрая от пота. Она не убила титана — это сделали ветераны. Но она не застыла. Она сделала свою часть. Она победила не тварь — она победила свой страх, хотя бы на этот раз. И поняла, что это и есть та самая битва, которая решает всё.',
        'Первый титан', 'Мир за стеной оказался не таким, как представляла Майя. Она ждала выжженной пустыни, царства смерти. А увидела зелёные холмы, дикие цветущие луга, рощи, разросшиеся за сто лет без человека. Природа, лишённая людей, не погибла — она расцвела. Это было так красиво, что у Майи на миг перехватило дыхание, и страх отступил перед изумлением.

Но изумление длилось недолго. На гребне дальнего холма показалась фигура — огромная, несуразная, бредущая к отряду неровной походкой. Титан. Первый настоящий титан, которого Майя видела в жизни. И весь её страх вернулся разом, ледяной волной, сковавшей тело.

Тварь была чудовищна в своей неправильности — слишком большая, с лицом, кривым подобием человеческого, с пустой, бессмысленной улыбкой. Она шла на людей не со злобой даже, а с тупым, неутолимым голодом, и это было страшнее всякой злобы.

Майя читала о титанах в учебниках, видела рисунки, слушала рассказы ветеранов — но ничто не подготовило её к этому. Книжные описания были мертвы; живая тварь была невыносимо реальна. От неё веяло чем-то противоестественным, нарушающим самый порядок вещей, — будто сама природа произвела на свет ошибку, и теперь эта ошибка брела к людям с пустой улыбкой. Разум Майи отказывался это принимать, и именно отсюда, поняла она позже, рождался самый липкий ужас: не страх боли даже, а оторопь перед невозможным, ставшим явью. Тело каменело само собой, прежде чем рассудок успевал отдать хоть какой-то приказ.

— Держать строй! — раздался голос командира. — Новобранцам не геройствовать! Маневрировать, отвлекать, ветераны бьют! Майя, не застывай!

Но Майя застыла. Страх, тот самый главный враг, о котором предупреждала командир, сковал её намертво. Она сидела в седле, не в силах шевельнуться, глядя, как приближается тварь, и в голове билась одна мысль: вот так и погиб брат, вот так погибну и я.

А потом она вспомнила слова командира. Главный враг — не титан, а страх. И что-то в ней восстало против этого страха. Она не для того ушла за стену, не для того предала тревоги родных, чтобы оцепенеть и умереть в первой же стычке, не сделав ничего. Если уж умирать — то действуя, а не застыв соляным столбом.

Майя стиснула зубы, заставила непослушные руки двигаться и направила лошадь вбок, уводя титана от пеших товарищей, как учили на тренировках. Манёвр вышел неуклюжим, корявым — но вышел. Тварь повернулась за ней, отвлеклась от строя, и в этот миг ветераны на тросах ударили сверху, поразив уязвимую точку на загривке. Титан рухнул, испаряясь.

Майя сидела в седле, дрожа всем телом, мокрая от пота. Она не убила титана — это сделали ветераны. Но она не застыла. Она сделала свою часть. Она победила не тварь — она победила свой страх, хотя бы на этот раз. И поняла, что это и есть та самая битва, которая решает всё.', 'published', '2026-01-28T12:00:00+00:00', '2026-01-28T13:00:00+00:00');
    INSERT INTO chapters (id, story_id, title, content, draft_title, draft_content, status, created_at, updated_at) VALUES (
        '7899c97a-0275-57f2-85a5-433aa2b3fce8', 'd168325d-f530-5472-a664-50fb71388c8e', 'Цена возвращения', 'Вылазка обошлась дорого. К вечеру, когда отряд повернул назад к стене, в строю недосчитались многих. Майя видела, как гибли люди, — быстро, страшно, нелепо. Те, с кем она утром стояла плечом к плечу, шутила, делила страх, к закату остались там, за стеной, навсегда.

Она держалась, пока могла. А когда отряд наконец втянулся в ворота и они с грохотом закрылись за спиной, отрезав смертельный мир, Майя сползла с лошади, отошла в сторону и её вырвало. Не от усталости — от пережитого ужаса, который она весь день держала в узде и который теперь рвался наружу.

Командир нашла её там, у стены.

— Первая вылазка — всегда так, — сказала она, и в её обычно холодном голосе послышалось что-то почти человеческое. — Не стыдись. Кто говорит, что не было страшно, тот либо лжёт, либо дурак, который долго не проживёт.

Майя слушала командира, и слова эти странно успокаивали. Не утешали — командир не умела утешать, — а именно успокаивали честностью. Оказывается, можно бояться и всё равно идти; оказывается, страх не делает тебя трусом, а лишь человеком. Все эти месяцы Майя втайне стыдилась своего ужаса, считала его слабостью, недостойной разведчика. А выходило, что страх есть у всех, даже у этой суровой, закалённой женщины с холодными глазами, — просто храбрость не в том, чтобы не бояться, а в том, чтобы действовать вопреки страху. И от этого простого открытия Майе впервые за день стало чуточку легче дышать.

— Столько погибло, — выдавила Майя. — За что? Что мы вообще там добыли? Ради чего они умерли?

Командир помолчала.

— Мы добыли немного, — сказала она наконец. — Карту чуть дальше прежней. Несколько образцов. Знание, что там, за холмом, есть река. Кажется, мелочь, правда? За такую мелочь — столько жизней. Но знаешь, новобранка, человечество сто лет сидело за этими стенами, как в гробу, не смея высунуться. И каждый наш шаг наружу, оплаченный кровью, — это шаг из гроба. Медленный, страшный, дорогой. Но без него мы так и сгнили бы взаперти. Те, кто погиб сегодня, отодвинули стену нашего страха чуть дальше. Для тех, кто пойдёт после.

Майя слушала, вытирая рот, и в её измученной голове что-то прояснялось. Она вспомнила брата — того, кто ушёл за стену и не вернулся. Раньше она не понимала, ради чего он погиб. Теперь, кажется, начинала понимать. Не ради добычи. Ради того, чтобы человечество сделало ещё один шаг наружу. Ради тех, кто пойдёт следом. Ради неё самой, может быть.

— Я остаюсь в разведке, — сказала она тихо, скорее себе, чем командиру. — После всего этого — остаюсь. Кто-то же должен идти дальше.

Командир посмотрела на неё долгим взглядом и едва заметно кивнула — так кивают равному.',
        'Цена возвращения', 'Вылазка обошлась дорого. К вечеру, когда отряд повернул назад к стене, в строю недосчитались многих. Майя видела, как гибли люди, — быстро, страшно, нелепо. Те, с кем она утром стояла плечом к плечу, шутила, делила страх, к закату остались там, за стеной, навсегда.

Она держалась, пока могла. А когда отряд наконец втянулся в ворота и они с грохотом закрылись за спиной, отрезав смертельный мир, Майя сползла с лошади, отошла в сторону и её вырвало. Не от усталости — от пережитого ужаса, который она весь день держала в узде и который теперь рвался наружу.

Командир нашла её там, у стены.

— Первая вылазка — всегда так, — сказала она, и в её обычно холодном голосе послышалось что-то почти человеческое. — Не стыдись. Кто говорит, что не было страшно, тот либо лжёт, либо дурак, который долго не проживёт.

Майя слушала командира, и слова эти странно успокаивали. Не утешали — командир не умела утешать, — а именно успокаивали честностью. Оказывается, можно бояться и всё равно идти; оказывается, страх не делает тебя трусом, а лишь человеком. Все эти месяцы Майя втайне стыдилась своего ужаса, считала его слабостью, недостойной разведчика. А выходило, что страх есть у всех, даже у этой суровой, закалённой женщины с холодными глазами, — просто храбрость не в том, чтобы не бояться, а в том, чтобы действовать вопреки страху. И от этого простого открытия Майе впервые за день стало чуточку легче дышать.

— Столько погибло, — выдавила Майя. — За что? Что мы вообще там добыли? Ради чего они умерли?

Командир помолчала.

— Мы добыли немного, — сказала она наконец. — Карту чуть дальше прежней. Несколько образцов. Знание, что там, за холмом, есть река. Кажется, мелочь, правда? За такую мелочь — столько жизней. Но знаешь, новобранка, человечество сто лет сидело за этими стенами, как в гробу, не смея высунуться. И каждый наш шаг наружу, оплаченный кровью, — это шаг из гроба. Медленный, страшный, дорогой. Но без него мы так и сгнили бы взаперти. Те, кто погиб сегодня, отодвинули стену нашего страха чуть дальше. Для тех, кто пойдёт после.

Майя слушала, вытирая рот, и в её измученной голове что-то прояснялось. Она вспомнила брата — того, кто ушёл за стену и не вернулся. Раньше она не понимала, ради чего он погиб. Теперь, кажется, начинала понимать. Не ради добычи. Ради того, чтобы человечество сделало ещё один шаг наружу. Ради тех, кто пойдёт следом. Ради неё самой, может быть.

— Я остаюсь в разведке, — сказала она тихо, скорее себе, чем командиру. — После всего этого — остаюсь. Кто-то же должен идти дальше.

Командир посмотрела на неё долгим взглядом и едва заметно кивнула — так кивают равному.', 'published', '2026-01-29T12:00:00+00:00', '2026-01-29T13:00:00+00:00');
    INSERT INTO chapters (id, story_id, title, content, draft_title, draft_content, status, created_at, updated_at) VALUES (
        '03396e32-d768-5a17-9ba8-3523dbeaf25f', 'd168325d-f530-5472-a664-50fb71388c8e', 'Шаг из клетки', 'Прошли месяцы. Майя ходила за стену снова и снова, и каждая вылазка отнимала товарищей, и каждая давила на сердце всё тяжелее. Но она не сломалась и не ушла. Из перепуганной новобранки, оцепеневшей при виде первого титана, она превратилась в крепкого, надёжного разведчика, на которого можно положиться. Страх не исчез — он никогда не исчезал до конца. Но Майя научилась держать его в узде, как и завещала командир.

Однажды, в особенно дальней вылазке, отряд поднялся на высокий холм, до которого человечество не добиралось ещё ни разу. И оттуда, с вершины, Майя увидела то, от чего у неё захватило дух. Вдалеке, за лесами и реками, на самом краю мира что-то блестело — огромное, синее, бескрайнее, уходящее за горизонт.

— Что это? — выдохнула она.

— Не знаю, — отозвался стоящий рядом ветеран, и в его голосе звучало такое же изумление. — Никто из людей не заходил так далеко. Может, это и есть то, о чём писали в старых книгах. Вода без края. Море.

Море. Майя смотрела на далёкую синюю полосу, и к горлу подкатывал ком — не от страха на этот раз, а от чего-то совсем иного. Сто лет человечество сидело в клетке стен, не зная, есть ли вообще что-нибудь снаружи. А снаружи был целый мир — огромный, прекрасный, с лесами, реками и морем на краю. И они, разведчики, ценой стольких жизней, шаг за шагом отвоёвывали право его увидеть.

Она подумала обо всех погибших товарищах. О брате. О тех, кто не дошёл до этого холма, не увидел этой синевы. Они умерли, чтобы дошла она. Чтобы человечество узнало: клетка не вечна, мир велик, и за стеной страха лежит не только смерть, но и невообразимая красота.

— Мы дойдём туда, — сказала Майя тихо, глядя на далёкое море. — Не я, так те, кто после. Шаг за шагом. Мы выйдем из клетки до конца. Ради этого стоит идти.

Она думала о том, какой путь прошла за эти месяцы — от перепуганной девчонки, застывшей перед первым титаном, до человека, способного стоять на покорённой вершине и смотреть в лицо неизведанному без оцепенения. Страх не ушёл — он остался с ней, как остаётся со всеми разведчиками до конца. Но он больше не правил ею. Майя научилась нести его, как несут тяжёлую, но привычную ношу, и идти дальше. И теперь, глядя на далёкое море, она понимала: вот ради чего стоило победить свой страх. Не ради подвигов и славы — ради того, чтобы увидеть, как огромен и прекрасен мир.

Ветер с дальних равнин трепал её плащ, на котором были вышиты крылья — символ разведки, символ свободы. И Майя, восемнадцатилетняя девушка, когда-то застывшая от ужаса перед первым титаном, стояла на вершине покорённого холма и впервые за всю службу чувствовала не страх, а надежду. Огромную, как то море на краю мира.',
        'Шаг из клетки', 'Прошли месяцы. Майя ходила за стену снова и снова, и каждая вылазка отнимала товарищей, и каждая давила на сердце всё тяжелее. Но она не сломалась и не ушла. Из перепуганной новобранки, оцепеневшей при виде первого титана, она превратилась в крепкого, надёжного разведчика, на которого можно положиться. Страх не исчез — он никогда не исчезал до конца. Но Майя научилась держать его в узде, как и завещала командир.

Однажды, в особенно дальней вылазке, отряд поднялся на высокий холм, до которого человечество не добиралось ещё ни разу. И оттуда, с вершины, Майя увидела то, от чего у неё захватило дух. Вдалеке, за лесами и реками, на самом краю мира что-то блестело — огромное, синее, бескрайнее, уходящее за горизонт.

— Что это? — выдохнула она.

— Не знаю, — отозвался стоящий рядом ветеран, и в его голосе звучало такое же изумление. — Никто из людей не заходил так далеко. Может, это и есть то, о чём писали в старых книгах. Вода без края. Море.

Море. Майя смотрела на далёкую синюю полосу, и к горлу подкатывал ком — не от страха на этот раз, а от чего-то совсем иного. Сто лет человечество сидело в клетке стен, не зная, есть ли вообще что-нибудь снаружи. А снаружи был целый мир — огромный, прекрасный, с лесами, реками и морем на краю. И они, разведчики, ценой стольких жизней, шаг за шагом отвоёвывали право его увидеть.

Она подумала обо всех погибших товарищах. О брате. О тех, кто не дошёл до этого холма, не увидел этой синевы. Они умерли, чтобы дошла она. Чтобы человечество узнало: клетка не вечна, мир велик, и за стеной страха лежит не только смерть, но и невообразимая красота.

— Мы дойдём туда, — сказала Майя тихо, глядя на далёкое море. — Не я, так те, кто после. Шаг за шагом. Мы выйдем из клетки до конца. Ради этого стоит идти.

Она думала о том, какой путь прошла за эти месяцы — от перепуганной девчонки, застывшей перед первым титаном, до человека, способного стоять на покорённой вершине и смотреть в лицо неизведанному без оцепенения. Страх не ушёл — он остался с ней, как остаётся со всеми разведчиками до конца. Но он больше не правил ею. Майя научилась нести его, как несут тяжёлую, но привычную ношу, и идти дальше. И теперь, глядя на далёкое море, она понимала: вот ради чего стоило победить свой страх. Не ради подвигов и славы — ради того, чтобы увидеть, как огромен и прекрасен мир.

Ветер с дальних равнин трепал её плащ, на котором были вышиты крылья — символ разведки, символ свободы. И Майя, восемнадцатилетняя девушка, когда-то застывшая от ужаса перед первым титаном, стояла на вершине покорённого холма и впервые за всю службу чувствовала не страх, а надежду. Огромную, как то море на краю мира.', 'published', '2026-01-30T12:00:00+00:00', '2026-01-30T13:00:00+00:00');

    -- [43] Гарнизон у ворот (attack-on-titan)
    INSERT INTO stories (id, slug, title, status, author_id, ai_summary, created_at, updated_at) VALUES (
        '37a04f98-2d8a-59c3-8fe2-a42ab45c66c3', 'aot-garnizon-u-vorot', 'Гарнизон у ворот', 'published', v_author_id, 'Солдат гарнизона никогда не хотел сражаться — он чинит стену, латает пушки и мечтает о тихой жизни. Но когда приходит беда, выясняется, что герои нужны не только на передовой.',
        '2026-01-25T12:00:00+00:00', '2026-04-07T10:00:00+00:00');
    INSERT INTO story_tags (story_id, tag_id) VALUES ('37a04f98-2d8a-59c3-8fe2-a42ab45c66c3', '10000001-0001-4001-8001-00000000000a');
    INSERT INTO story_tags (story_id, tag_id) VALUES ('37a04f98-2d8a-59c3-8fe2-a42ab45c66c3', '10000004-0004-4004-8004-000000000002');
    INSERT INTO story_tags (story_id, tag_id) VALUES ('37a04f98-2d8a-59c3-8fe2-a42ab45c66c3', '10000005-0005-4005-8005-000000000003');
    INSERT INTO story_tags (story_id, tag_id) VALUES ('37a04f98-2d8a-59c3-8fe2-a42ab45c66c3', '10000006-0006-4006-8006-000000000001');
    INSERT INTO story_tags (story_id, tag_id) VALUES ('37a04f98-2d8a-59c3-8fe2-a42ab45c66c3', '10000002-0002-4002-8002-000000000001');
    INSERT INTO story_tags (story_id, tag_id) VALUES ('37a04f98-2d8a-59c3-8fe2-a42ab45c66c3', '10000002-0002-4002-8002-000000000004');
    INSERT INTO chapters (id, story_id, title, content, draft_title, draft_content, status, created_at, updated_at) VALUES (
        '1fa9d3a1-91a6-557c-a6b6-8366acf94d3b', '37a04f98-2d8a-59c3-8fe2-a42ab45c66c3', 'Тот, кто чинит стену', 'Густав служил в гарнизоне и не стыдился того, что никогда не хотел воевать. Пока разведчики геройски гибли за стеной, а военная полиция важничала во внутренних землях, гарнизон делал неприметную работу — следил за стенами, чинил их, обслуживал пушки, держал в порядке ворота. Скучную, незаметную, но необходимую работу.

Густав был мастером на все руки. Он знал стену как свои пять пальцев — каждую трещину, каждый ненадёжный участок, каждый механизм ворот. Он латал кладку, смазывал шестерни, проверял крепления пушек. Товарищи посмеивались: мол, Густав, ты не солдат, ты каменщик в форме. Он не обижался. Он и вправду чувствовал себя скорее мастеровым, чем воином, и его это устраивало.

Мечтал он о простом — отслужить положенное, скопить денег, перебраться во внутренние земли, открыть мастерскую, жениться, растить детей вдали от стен и титанов. Тихая жизнь, без подвигов и славы. Многие сочли бы такую мечту мелкой, недостойной мужчины в страшные времена. Густав так не считал. По его разумению, не все рождены героями, и в желании просто жить, никого не убивая и не погибая, не было ничего постыдного.

Густав не раз замечал, что мир несправедлив к таким, как он. О разведчиках слагали баллады, военной полиции завидовали, а гарнизон считали пристанищем трусов и неудачников, не годных на большее. Между тем именно гарнизон держал стены, на которых стояло всё, — и держал незаметно, буднично, без славы. Густав давно перестал обижаться на эту несправедливость. Он знал цену своему труду, даже если её не знал никто другой. И тихая мечта о мастерской, о доме, о детях не казалась ему ни мелкой, ни постыдной. В мире, где смерть ходила за стеной, само желание просто жить было, по его разумению, не трусостью, а чем-то очень человеческим.

— И не совестно тебе? — спросил его как-то молодой задиристый новобранец, бредивший разведкой и подвигами. — Люди гибнут за стеной, человечество на грани, а ты тут камешки подмазываешь да о мастерской мечтаешь. Трус ты, Густав, вот что.

Густав спокойно отложил мастерок.

— Может, и трус, — сказал он. — А может, и нет. Скажи-ка мне, герой: вот эти ворота, которые я каждый день проверяю, — если они однажды заклинят в нужный момент, сколько народу погибнет? А пушка, у которой я крепления подтягиваю, — если она в бою сорвётся с лафета, кого зашибёт? Я не хожу за стену, верно. Но я делаю так, чтобы стена держалась, ворота работали, а пушки стреляли. И если я схалтурю, погибнет куда больше людей, чем спасёт твой геройский меч. Так что подумай, прежде чем трусом обзываться.

Новобранец фыркнул и ушёл, не убеждённый. А Густав вернулся к своей кладке. Он не искал ничьего одобрения. Он просто делал своё дело — тихо, на совесть, как делал всегда. И не подозревал, что очень скоро именно его неприметная работа решит судьбу целого города.',
        'Тот, кто чинит стену', 'Густав служил в гарнизоне и не стыдился того, что никогда не хотел воевать. Пока разведчики геройски гибли за стеной, а военная полиция важничала во внутренних землях, гарнизон делал неприметную работу — следил за стенами, чинил их, обслуживал пушки, держал в порядке ворота. Скучную, незаметную, но необходимую работу.

Густав был мастером на все руки. Он знал стену как свои пять пальцев — каждую трещину, каждый ненадёжный участок, каждый механизм ворот. Он латал кладку, смазывал шестерни, проверял крепления пушек. Товарищи посмеивались: мол, Густав, ты не солдат, ты каменщик в форме. Он не обижался. Он и вправду чувствовал себя скорее мастеровым, чем воином, и его это устраивало.

Мечтал он о простом — отслужить положенное, скопить денег, перебраться во внутренние земли, открыть мастерскую, жениться, растить детей вдали от стен и титанов. Тихая жизнь, без подвигов и славы. Многие сочли бы такую мечту мелкой, недостойной мужчины в страшные времена. Густав так не считал. По его разумению, не все рождены героями, и в желании просто жить, никого не убивая и не погибая, не было ничего постыдного.

Густав не раз замечал, что мир несправедлив к таким, как он. О разведчиках слагали баллады, военной полиции завидовали, а гарнизон считали пристанищем трусов и неудачников, не годных на большее. Между тем именно гарнизон держал стены, на которых стояло всё, — и держал незаметно, буднично, без славы. Густав давно перестал обижаться на эту несправедливость. Он знал цену своему труду, даже если её не знал никто другой. И тихая мечта о мастерской, о доме, о детях не казалась ему ни мелкой, ни постыдной. В мире, где смерть ходила за стеной, само желание просто жить было, по его разумению, не трусостью, а чем-то очень человеческим.

— И не совестно тебе? — спросил его как-то молодой задиристый новобранец, бредивший разведкой и подвигами. — Люди гибнут за стеной, человечество на грани, а ты тут камешки подмазываешь да о мастерской мечтаешь. Трус ты, Густав, вот что.

Густав спокойно отложил мастерок.

— Может, и трус, — сказал он. — А может, и нет. Скажи-ка мне, герой: вот эти ворота, которые я каждый день проверяю, — если они однажды заклинят в нужный момент, сколько народу погибнет? А пушка, у которой я крепления подтягиваю, — если она в бою сорвётся с лафета, кого зашибёт? Я не хожу за стену, верно. Но я делаю так, чтобы стена держалась, ворота работали, а пушки стреляли. И если я схалтурю, погибнет куда больше людей, чем спасёт твой геройский меч. Так что подумай, прежде чем трусом обзываться.

Новобранец фыркнул и ушёл, не убеждённый. А Густав вернулся к своей кладке. Он не искал ничьего одобрения. Он просто делал своё дело — тихо, на совесть, как делал всегда. И не подозревал, что очень скоро именно его неприметная работа решит судьбу целого города.', 'published', '2026-01-25T12:00:00+00:00', '2026-01-25T13:00:00+00:00');
    INSERT INTO chapters (id, story_id, title, content, draft_title, draft_content, status, created_at, updated_at) VALUES (
        'b5a3bffa-ccdc-5b3d-bed9-36c924496f04', '37a04f98-2d8a-59c3-8fe2-a42ab45c66c3', 'Когда пришла беда', 'Беда пришла внезапно, как всегда приходят беды. Среди бела дня, без всякого предупреждения, у стены объявились титаны — целая группа, невесть как подобравшаяся так близко. Завыли сигнальные рога. Город охватила паника. Людей нужно было срочно эвакуировать через внутренние ворота вглубь земель, а сдерживать тварей у стены — силами гарнизона, пока не подоспеет подмога.

И тут начался хаос. Командир гарнизона был ранен в первые же минуты, офицеры растерялись, приказы путались, паника растекалась по рядам солдат. Эвакуация застопорилась: у главных внутренних ворот, через которые должны были уходить тысячи людей, что-то заклинило, и створки замерли полуоткрытыми. Толпа напирала, давка грозила задавить людей вернее всякого титана.

Густав смотрел на этот хаос, и сердце у него обрывалось. Тысячи людей — женщины, старики, дети — толпились у застрявших ворот, напирая друг на друга, и давка с каждой минутой становилась смертоноснее любого титана. Офицеры кричали, отдавая противоречивые приказы, солдаты метались, не зная, кого слушать. Это был тот самый момент, когда привычный порядок рушится и каждый чувствует свою беспомощность. И в этом всеобщем смятении Густав вдруг ощутил странное спокойствие — то, что приходит к мастеру, который среди паникующих один понимает, в чём поломка и как её исправить. Он знал эти ворота. И знал, что должен делать.

Густав оказался рядом — он как раз проверял эти самые ворота утром. И пока офицеры кричали, не зная, что делать, пока солдаты метались, он один понял, в чём дело. Он знал этот механизм. Знал каждую его шестерню, каждую тягу. И знал, что заклинило и как это починить.

— Дайте мне дорогу к воротному механизму! — заорал он, перекрывая шум. — Я знаю, что случилось! Я могу починить! Прикройте меня, остальные — держите толпу!

В обычной жизни на тихого каменщика Густава никто не обратил бы внимания. Но в этот миг растерянности и паники его уверенный голос, его явное знание дела сработали лучше любого офицерского чина. Солдаты расступились, прикрыли его, и Густав полез к механизму ворот — наверх, под открытое небо, туда, где уже маячили вдали фигуры титанов.

Это было страшно — страшнее всего, что он переживал за свою тихую службу. Он, никогда не желавший воевать, мечтавший о мастерской и спокойной жизни, теперь висел на воротном механизме под взглядами приближающихся тварей, и руки его дрожали. Но он знал: если он не починит ворота, тысячи людей в давке не успеют уйти. И эта мысль была сильнее страха.

Густав стиснул зубы, унял дрожь в руках и взялся за работу — за ту самую неприметную, скучную работу, которой посвятил всю службу. Только теперь от каждого его движения зависели тысячи жизней.',
        'Когда пришла беда', 'Беда пришла внезапно, как всегда приходят беды. Среди бела дня, без всякого предупреждения, у стены объявились титаны — целая группа, невесть как подобравшаяся так близко. Завыли сигнальные рога. Город охватила паника. Людей нужно было срочно эвакуировать через внутренние ворота вглубь земель, а сдерживать тварей у стены — силами гарнизона, пока не подоспеет подмога.

И тут начался хаос. Командир гарнизона был ранен в первые же минуты, офицеры растерялись, приказы путались, паника растекалась по рядам солдат. Эвакуация застопорилась: у главных внутренних ворот, через которые должны были уходить тысячи людей, что-то заклинило, и створки замерли полуоткрытыми. Толпа напирала, давка грозила задавить людей вернее всякого титана.

Густав смотрел на этот хаос, и сердце у него обрывалось. Тысячи людей — женщины, старики, дети — толпились у застрявших ворот, напирая друг на друга, и давка с каждой минутой становилась смертоноснее любого титана. Офицеры кричали, отдавая противоречивые приказы, солдаты метались, не зная, кого слушать. Это был тот самый момент, когда привычный порядок рушится и каждый чувствует свою беспомощность. И в этом всеобщем смятении Густав вдруг ощутил странное спокойствие — то, что приходит к мастеру, который среди паникующих один понимает, в чём поломка и как её исправить. Он знал эти ворота. И знал, что должен делать.

Густав оказался рядом — он как раз проверял эти самые ворота утром. И пока офицеры кричали, не зная, что делать, пока солдаты метались, он один понял, в чём дело. Он знал этот механизм. Знал каждую его шестерню, каждую тягу. И знал, что заклинило и как это починить.

— Дайте мне дорогу к воротному механизму! — заорал он, перекрывая шум. — Я знаю, что случилось! Я могу починить! Прикройте меня, остальные — держите толпу!

В обычной жизни на тихого каменщика Густава никто не обратил бы внимания. Но в этот миг растерянности и паники его уверенный голос, его явное знание дела сработали лучше любого офицерского чина. Солдаты расступились, прикрыли его, и Густав полез к механизму ворот — наверх, под открытое небо, туда, где уже маячили вдали фигуры титанов.

Это было страшно — страшнее всего, что он переживал за свою тихую службу. Он, никогда не желавший воевать, мечтавший о мастерской и спокойной жизни, теперь висел на воротном механизме под взглядами приближающихся тварей, и руки его дрожали. Но он знал: если он не починит ворота, тысячи людей в давке не успеют уйти. И эта мысль была сильнее страха.

Густав стиснул зубы, унял дрожь в руках и взялся за работу — за ту самую неприметную, скучную работу, которой посвятил всю службу. Только теперь от каждого его движения зависели тысячи жизней.', 'published', '2026-01-26T12:00:00+00:00', '2026-01-26T13:00:00+00:00');
    INSERT INTO chapters (id, story_id, title, content, draft_title, draft_content, status, created_at, updated_at) VALUES (
        '398aa012-72db-5c2e-903a-1e1b4aaae7fe', '37a04f98-2d8a-59c3-8fe2-a42ab45c66c3', 'Неприметный подвиг', 'Густав работал под открытым небом, у всех на виду, под нарастающий вой рогов и крики толпы. Механизм ворот был сложным, и заклинившую деталь следовало найти и высвободить точно — ошибёшься, и створки заклинит насмерть. Любой другой провозился бы здесь час. Густав, знавший эти ворота наизусть, нашёл поломку за минуты.

Сорванная тяга перекосила главную шестерню — вот в чём было дело. Густав видел эту слабину ещё месяц назад, докладывал, просил заменить, но руки не дошли, начальство отмахнулось: работает же. И вот теперь эта самая тяга, на которую все махнули рукой, грозила погубить целый город. Густав горько усмехнулся: сколько раз он твердил, что мелочей в его деле не бывает.

Починить наспех было нельзя — заменить тягу в полевых условиях он не успевал. Но Густав придумал другое. Он не стал чинить — он обошёл поломку, перенаправив усилие механизма в обход перекошенной шестерни. Грубо, на пределе прочности, не по правилам — но это могло сработать. Он сам не раз делал такие хитрые обходы, латая старую стену.

— Пробуйте ворота! — крикнул он вниз. — Осторожно, плавно!

Солдаты налегли на рычаги. Механизм заскрежетал, дёрнулся — и тяжёлые створки, застывшие было намертво, медленно, со стоном поползли, открываясь до конца. Толпа хлынула в распахнутые ворота, давка спала, тысячи людей устремились в спасительную глубину земель.

Густав висел на механизме, обессиленный, и смотрел, как внизу спасаются люди — благодаря ему. Не благодаря геройскому мечу, не благодаря подвигу на передовой. Благодаря тому, что он знал свои ворота и не побоялся полезть их чинить, когда другие растерялись.

Подмога подоспела вовремя — разведчики и элитные бойцы оттеснили титанов от стены. Город устоял. Эвакуация прошла, и потери, при всём ужасе случившегося, оказались несравнимо меньше, чем могли быть, заклинь те ворота навсегда.

Позже, вспоминая тот день, Густав сам не мог поверить, что решился на такое. Он, никогда не лезший на рожон, мечтавший лишь о тихой жизни, висел на воротном механизме под открытым небом, на виду у приближавшихся титанов, и чинил, чинил, унимая дрожь в руках. Что им двигало? Не жажда подвига — её в нём не было отродясь. Скорее простое, ясное понимание: он один может это сделать, а значит, должен. Если не он, погибнут тысячи. Эта мысль оказалась сильнее всякого страха, и руки, привыкшие к работе, делали своё дело даже тогда, когда разум вопил, что пора бежать.

Когда всё кончилось, Густав слез с механизма, сел прямо на землю, привалившись к холодному камню стены, и закрыл глаза. Его трясло. Он не чувствовал себя героем. Он чувствовал лишь огромную усталость и облегчение. Он просто сделал свою работу — ту самую, неприметную, над которой посмеивались. Только в этот раз она спасла город.',
        'Неприметный подвиг', 'Густав работал под открытым небом, у всех на виду, под нарастающий вой рогов и крики толпы. Механизм ворот был сложным, и заклинившую деталь следовало найти и высвободить точно — ошибёшься, и створки заклинит насмерть. Любой другой провозился бы здесь час. Густав, знавший эти ворота наизусть, нашёл поломку за минуты.

Сорванная тяга перекосила главную шестерню — вот в чём было дело. Густав видел эту слабину ещё месяц назад, докладывал, просил заменить, но руки не дошли, начальство отмахнулось: работает же. И вот теперь эта самая тяга, на которую все махнули рукой, грозила погубить целый город. Густав горько усмехнулся: сколько раз он твердил, что мелочей в его деле не бывает.

Починить наспех было нельзя — заменить тягу в полевых условиях он не успевал. Но Густав придумал другое. Он не стал чинить — он обошёл поломку, перенаправив усилие механизма в обход перекошенной шестерни. Грубо, на пределе прочности, не по правилам — но это могло сработать. Он сам не раз делал такие хитрые обходы, латая старую стену.

— Пробуйте ворота! — крикнул он вниз. — Осторожно, плавно!

Солдаты налегли на рычаги. Механизм заскрежетал, дёрнулся — и тяжёлые створки, застывшие было намертво, медленно, со стоном поползли, открываясь до конца. Толпа хлынула в распахнутые ворота, давка спала, тысячи людей устремились в спасительную глубину земель.

Густав висел на механизме, обессиленный, и смотрел, как внизу спасаются люди — благодаря ему. Не благодаря геройскому мечу, не благодаря подвигу на передовой. Благодаря тому, что он знал свои ворота и не побоялся полезть их чинить, когда другие растерялись.

Подмога подоспела вовремя — разведчики и элитные бойцы оттеснили титанов от стены. Город устоял. Эвакуация прошла, и потери, при всём ужасе случившегося, оказались несравнимо меньше, чем могли быть, заклинь те ворота навсегда.

Позже, вспоминая тот день, Густав сам не мог поверить, что решился на такое. Он, никогда не лезший на рожон, мечтавший лишь о тихой жизни, висел на воротном механизме под открытым небом, на виду у приближавшихся титанов, и чинил, чинил, унимая дрожь в руках. Что им двигало? Не жажда подвига — её в нём не было отродясь. Скорее простое, ясное понимание: он один может это сделать, а значит, должен. Если не он, погибнут тысячи. Эта мысль оказалась сильнее всякого страха, и руки, привыкшие к работе, делали своё дело даже тогда, когда разум вопил, что пора бежать.

Когда всё кончилось, Густав слез с механизма, сел прямо на землю, привалившись к холодному камню стены, и закрыл глаза. Его трясло. Он не чувствовал себя героем. Он чувствовал лишь огромную усталость и облегчение. Он просто сделал свою работу — ту самую, неприметную, над которой посмеивались. Только в этот раз она спасла город.', 'published', '2026-01-27T12:00:00+00:00', '2026-01-27T13:00:00+00:00');
    INSERT INTO chapters (id, story_id, title, content, draft_title, draft_content, status, created_at, updated_at) VALUES (
        'c21ce9e6-5394-54f1-a6a1-4c985a7c75cd', '37a04f98-2d8a-59c3-8fe2-a42ab45c66c3', 'Не все герои с мечами', 'О том, что случилось у ворот, заговорили. Поначалу слухи приписывали спасение города элитным бойцам, подоспевшей подмоге — оно и понятно, о ком ещё слагать легенды, как не о воинах с мечами. Но командир гарнизона, оправившись от раны, восстановил картину и громко, при всех, назвал имя настоящего спасителя.

— Если бы не Густав, — сказал он, — те ворота заклинило бы наглухо, и в давке у закрытых створок погибли бы тысячи — больше, чем от всех титанов разом. Этот человек, которого многие из вас считали просто каменщиком в форме, спас город. Не мечом. Знанием своего дела и смелостью полезть туда, где другие растерялись. Запомните это.

Густаву предлагали награды, повышение, даже перевод в более почётные войска. От большинства он отказался. Слава была ему ни к чему — он по-прежнему мечтал о тихой мастерской и спокойной жизни. Но кое-что в нём всё же переменилось после того дня.

Густав и сам не сразу понял, что именно в нём переменилось. Внешне всё осталось прежним — та же тихая работа, та же мечта о мастерской, та же неприязнь к геройству напоказ. Но где-то внутри прибавилось спокойной уверенности. Он на деле узнал то, во что прежде лишь верил: что его неприметный труд — не второсортный, что от каменщика в форме порой зависит больше, чем от воина с мечом. Он доказал это не словами в споре с задирой-новобранцем, а делом, под носом у титанов. И теперь, что бы ни говорили о гарнизоне, Густав знал твёрдо: он на своём месте, и место это важное.

Тот самый задиристый новобранец, что когда-то обозвал его трусом, подошёл к нему пристыженный.

— Я был неправ, — сказал он. — Назвал тебя трусом за то, что ты не рвёшься в бой. А ты полез чинить ворота под носом у титанов, когда все мы растерялись. Это... это храбрее многого, что я видел. Прости.

Густав пожал плечами.

— Знаешь, парень, — сказал он, — я не храбрее тебя. Я и тогда боялся до смерти. Просто я понял одну вещь. Героизм — это не обязательно меч и передовая. Иногда герой — это тот, кто умеет делать своё неприметное дело и не бросает его, когда становится страшно. Стена держится не только на тех, кто рубит титанов. Она держится ещё и на тех, кто эту стену чинит. И на пушкарях, и на врачах, и на тех, кто печёт хлеб для солдат. Просто о нас не поют песен.

Новобранец задумался — кажется, по-настоящему, впервые.

— А зря не поют, — сказал он наконец.

— Может, и зря, — улыбнулся Густав. — Да мне и не надо песен. Мне б мастерскую. Ладно, герой, бери мастерок. Стену вон в третьем секторе подлатать надо. Заодно покажу тебе, где у неё слабые места. Однажды это знание спасёт тебе жизнь. Или чью-то ещё.',
        'Не все герои с мечами', 'О том, что случилось у ворот, заговорили. Поначалу слухи приписывали спасение города элитным бойцам, подоспевшей подмоге — оно и понятно, о ком ещё слагать легенды, как не о воинах с мечами. Но командир гарнизона, оправившись от раны, восстановил картину и громко, при всех, назвал имя настоящего спасителя.

— Если бы не Густав, — сказал он, — те ворота заклинило бы наглухо, и в давке у закрытых створок погибли бы тысячи — больше, чем от всех титанов разом. Этот человек, которого многие из вас считали просто каменщиком в форме, спас город. Не мечом. Знанием своего дела и смелостью полезть туда, где другие растерялись. Запомните это.

Густаву предлагали награды, повышение, даже перевод в более почётные войска. От большинства он отказался. Слава была ему ни к чему — он по-прежнему мечтал о тихой мастерской и спокойной жизни. Но кое-что в нём всё же переменилось после того дня.

Густав и сам не сразу понял, что именно в нём переменилось. Внешне всё осталось прежним — та же тихая работа, та же мечта о мастерской, та же неприязнь к геройству напоказ. Но где-то внутри прибавилось спокойной уверенности. Он на деле узнал то, во что прежде лишь верил: что его неприметный труд — не второсортный, что от каменщика в форме порой зависит больше, чем от воина с мечом. Он доказал это не словами в споре с задирой-новобранцем, а делом, под носом у титанов. И теперь, что бы ни говорили о гарнизоне, Густав знал твёрдо: он на своём месте, и место это важное.

Тот самый задиристый новобранец, что когда-то обозвал его трусом, подошёл к нему пристыженный.

— Я был неправ, — сказал он. — Назвал тебя трусом за то, что ты не рвёшься в бой. А ты полез чинить ворота под носом у титанов, когда все мы растерялись. Это... это храбрее многого, что я видел. Прости.

Густав пожал плечами.

— Знаешь, парень, — сказал он, — я не храбрее тебя. Я и тогда боялся до смерти. Просто я понял одну вещь. Героизм — это не обязательно меч и передовая. Иногда герой — это тот, кто умеет делать своё неприметное дело и не бросает его, когда становится страшно. Стена держится не только на тех, кто рубит титанов. Она держится ещё и на тех, кто эту стену чинит. И на пушкарях, и на врачах, и на тех, кто печёт хлеб для солдат. Просто о нас не поют песен.

Новобранец задумался — кажется, по-настоящему, впервые.

— А зря не поют, — сказал он наконец.

— Может, и зря, — улыбнулся Густав. — Да мне и не надо песен. Мне б мастерскую. Ладно, герой, бери мастерок. Стену вон в третьем секторе подлатать надо. Заодно покажу тебе, где у неё слабые места. Однажды это знание спасёт тебе жизнь. Или чью-то ещё.', 'published', '2026-01-28T12:00:00+00:00', '2026-01-28T13:00:00+00:00');

    -- [44] Картограф запретных земель (attack-on-titan)
    INSERT INTO stories (id, slug, title, status, author_id, ai_summary, created_at, updated_at) VALUES (
        'c13d275c-11c7-50fb-b7d5-63960bd9eacc', 'aot-kartograf-zapretnyh-zemel', 'Картограф запретных земель', 'published', v_author_id, 'Девушка-картограф мечтает нарисовать карту мира за стеной — мира, которого нет ни на одной карте. Каждая отвоёванная пядь земли на её пергаменте оплачена чьей-то жизнью.',
        '2026-01-23T12:00:00+00:00', '2026-04-06T09:00:00+00:00');
    INSERT INTO story_tags (story_id, tag_id) VALUES ('c13d275c-11c7-50fb-b7d5-63960bd9eacc', '10000001-0001-4001-8001-00000000000a');
    INSERT INTO story_tags (story_id, tag_id) VALUES ('c13d275c-11c7-50fb-b7d5-63960bd9eacc', '10000004-0004-4004-8004-000000000002');
    INSERT INTO story_tags (story_id, tag_id) VALUES ('c13d275c-11c7-50fb-b7d5-63960bd9eacc', '10000005-0005-4005-8005-000000000003');
    INSERT INTO story_tags (story_id, tag_id) VALUES ('c13d275c-11c7-50fb-b7d5-63960bd9eacc', '10000006-0006-4006-8006-000000000002');
    INSERT INTO story_tags (story_id, tag_id) VALUES ('c13d275c-11c7-50fb-b7d5-63960bd9eacc', '10000002-0002-4002-8002-000000000006');
    INSERT INTO story_tags (story_id, tag_id) VALUES ('c13d275c-11c7-50fb-b7d5-63960bd9eacc', '10000002-0002-4002-8002-000000000003');
    INSERT INTO chapters (id, story_id, title, content, draft_title, draft_content, status, created_at, updated_at) VALUES (
        '92060054-bf9e-5731-bc7a-f8124246ad9e', 'c13d275c-11c7-50fb-b7d5-63960bd9eacc', 'Белые пятна', 'У Лотты была необычная для солдата мечта — нарисовать карту. Не карту городов внутри стен, давно и подробно начерченную, а карту того, что лежало снаружи, за стеной, в запретных землях, где сто лет царили титаны и куда не ступала нога картографа.

Все карты мира за стеной были белыми пятнами. Человечество, запертое в кольце стен, не знало, что лежит дальше первых холмов. Есть ли там реки, горы, моря? Другие города? Другие люди? Никто не ведал. И Лотту это незнание мучило с детства, как мучает пытливый ум всякая неразгаданная тайна.

Она пошла в разведку именно ради этого. Не ради славы, не ради мести титанам, а ради карты. Каждая вылазка за стену была для неё не только боем за выживание, но и возможностью увидеть кусочек неизведанного мира и нанести его на пергамент. Пока другие разведчики считали добычей образцы и сведения о тварях, Лотта считала добычей каждый новый холм, каждую речку, каждую рощу, которую успевала зарисовать.

Этот дар проявился в Лотте ещё в детстве. Другие дети, выглянув в щель стены, видели лишь смутную зелень и спешили отвернуться от страшного запретного мира. А Лотта вглядывалась, запоминала, а потом часами зарисовывала по памяти то немногое, что успела разглядеть. Взрослые качали головами: к чему девочке рисовать то, куда всё равно нельзя? Но Лотту влекло именно запретное, неизвестное, лежащее за гранью. Незаполненное белое пятно на карте мучило её, как незаданный вопрос. И когда пришло время выбирать службу, она, к ужасу родных, пошла в разведку — единственное место, откуда можно было заглянуть за стену и наконец начать заполнять эти белые пятна.

У неё был особый дар. Она запоминала местность с одного взгляда — расположение холмов, изгибы рек, приметные деревья и скалы. Во время бешеной скачки, среди боя и крови, когда другие думали лишь о том, как выжить, Лотта умудрялась подмечать и запоминать ландшафт. А вернувшись за стену, ночами, при свече, переносила всё на карту — терпеливо, по крупице, заполняя белые пятна.

Командиры сперва считали её увлечение блажью. Но карта Лотты быстро доказала свою цену. По ней разведчики стали планировать вылазки, находить безопасные пути, источники воды, укрытия. То, что начиналось как личная мечта, обернулось делом, спасавшим жизни. Каждая нанесённая на пергамент река означала, что следующий отряд не погибнет от жажды. Каждый отмеченный овраг — что кто-то найдёт укрытие от титана.

Но Лотта знала и другую, страшную правду своей карты. Каждая отвоёванная у белых пятен пядь земли была оплачена кровью. За каждым новым холмом, нанесённым её рукой, стояли товарищи, не вернувшиеся из той вылазки, в которой этот холм был открыт. Её карта росла — и росло кладбище за стеной. И Лотта несла этот груз, рисуя дальше, потому что верила: однажды эта карта приведёт человечество к свободе.',
        'Белые пятна', 'У Лотты была необычная для солдата мечта — нарисовать карту. Не карту городов внутри стен, давно и подробно начерченную, а карту того, что лежало снаружи, за стеной, в запретных землях, где сто лет царили титаны и куда не ступала нога картографа.

Все карты мира за стеной были белыми пятнами. Человечество, запертое в кольце стен, не знало, что лежит дальше первых холмов. Есть ли там реки, горы, моря? Другие города? Другие люди? Никто не ведал. И Лотту это незнание мучило с детства, как мучает пытливый ум всякая неразгаданная тайна.

Она пошла в разведку именно ради этого. Не ради славы, не ради мести титанам, а ради карты. Каждая вылазка за стену была для неё не только боем за выживание, но и возможностью увидеть кусочек неизведанного мира и нанести его на пергамент. Пока другие разведчики считали добычей образцы и сведения о тварях, Лотта считала добычей каждый новый холм, каждую речку, каждую рощу, которую успевала зарисовать.

Этот дар проявился в Лотте ещё в детстве. Другие дети, выглянув в щель стены, видели лишь смутную зелень и спешили отвернуться от страшного запретного мира. А Лотта вглядывалась, запоминала, а потом часами зарисовывала по памяти то немногое, что успела разглядеть. Взрослые качали головами: к чему девочке рисовать то, куда всё равно нельзя? Но Лотту влекло именно запретное, неизвестное, лежащее за гранью. Незаполненное белое пятно на карте мучило её, как незаданный вопрос. И когда пришло время выбирать службу, она, к ужасу родных, пошла в разведку — единственное место, откуда можно было заглянуть за стену и наконец начать заполнять эти белые пятна.

У неё был особый дар. Она запоминала местность с одного взгляда — расположение холмов, изгибы рек, приметные деревья и скалы. Во время бешеной скачки, среди боя и крови, когда другие думали лишь о том, как выжить, Лотта умудрялась подмечать и запоминать ландшафт. А вернувшись за стену, ночами, при свече, переносила всё на карту — терпеливо, по крупице, заполняя белые пятна.

Командиры сперва считали её увлечение блажью. Но карта Лотты быстро доказала свою цену. По ней разведчики стали планировать вылазки, находить безопасные пути, источники воды, укрытия. То, что начиналось как личная мечта, обернулось делом, спасавшим жизни. Каждая нанесённая на пергамент река означала, что следующий отряд не погибнет от жажды. Каждый отмеченный овраг — что кто-то найдёт укрытие от титана.

Но Лотта знала и другую, страшную правду своей карты. Каждая отвоёванная у белых пятен пядь земли была оплачена кровью. За каждым новым холмом, нанесённым её рукой, стояли товарищи, не вернувшиеся из той вылазки, в которой этот холм был открыт. Её карта росла — и росло кладбище за стеной. И Лотта несла этот груз, рисуя дальше, потому что верила: однажды эта карта приведёт человечество к свободе.', 'published', '2026-01-23T12:00:00+00:00', '2026-01-23T13:00:00+00:00');
    INSERT INTO chapters (id, story_id, title, content, draft_title, draft_content, status, created_at, updated_at) VALUES (
        'd2554cc3-5305-5e81-bea2-e101667a39e1', 'c13d275c-11c7-50fb-b7d5-63960bd9eacc', 'Цена каждой пяди', 'После каждой вылазки Лотта делала две вещи. Сначала, при свече, дрожащими ещё от пережитого руками, наносила на карту новые земли — то, что успела увидеть и запомнить. А потом, рядом, в особой тетради, записывала имена тех, кто погиб в этой вылазке. Карта и список павших росли вместе, страница за страницей.

Она завела это правило сама, без всякого приказа. Ей казалось нечестным наносить на пергамент новый холм и не помнить, чьей жизнью он оплачен. Карта без имён была бы ложью — красивой картинкой, скрывающей цену. А Лотта не хотела лжи. Она хотела правды, пусть и горькой.

Со временем её карта стала странным документом. Для постороннего — просто чертёж местности за стеной. Но Лотта, глядя на неё, видела иное. Вот эта роща — здесь погиб Андреас, прикрывая отход. Вот эта река — её открыли в тот день, когда не вернулась половина отряда. Вот этот холм — последнее, что увидела Грета, её подруга. Каждая линия на карте была чьей-то могилой, чьей-то историей, чьей-то оборванной жизнью.

Иные сочли бы это нездоровым — вести рядом с картой список мёртвых, бередить раны, помнить каждую цену. Проще было бы рисовать, не думая о том, чем оплачена каждая линия. Но Лотта не умела проще. Она считала, что забыть цену — значит обесценить жертву; что красивая карта, за которой не стоит память о павших, была бы предательством. И потому она помнила — нарочно, упрямо, до боли. Каждый раз, нанося новый холм, она мысленно произносила имя того, кто за него заплатил. Это превращало её работу из простого черчения в нечто похожее на молитву — тихое поминовение тех, кого больше нет, через линии на пергаменте.

Иногда тяжесть этого становилась невыносимой. Однажды, после особенно страшной вылазки, Лотта сидела над картой и не могла заставить себя нанести новые земли. Рука не поднималась. Слишком дорого они достались. Слишком много имён прибавилось в тетради.

— Зачем я это делаю? — спросила она вслух пустую комнату. — Ради клочка пергамента? Стоит ли карта стольких жизней?

Ответа не было. Но, посидев в темноте, Лотта всё же придвинула свечу и взялась за перо. Потому что поняла: остановиться сейчас — значит сделать все эти смерти напрасными. Товарищи погибли, открывая эти земли. Если она не нанесёт их на карту, если знание, добытое такой ценой, пропадёт, — вот тогда их жертва и вправду станет бессмысленной. А пока карта растёт, пока знание копится, их смерти ведут хоть к чему-то.

И Лотта рисовала дальше — сквозь слёзы, сквозь усталость, сквозь сомнения. Не ради пергамента. Ради того, чтобы каждая оплаченная кровью пядь земли не была забыта, чтобы она служила живым. Карта запретных земель росла под её рукой — карта, на которой каждая линия была памятником.

(продолжение следует)',
        'Цена каждой пяди', 'После каждой вылазки Лотта делала две вещи. Сначала, при свече, дрожащими ещё от пережитого руками, наносила на карту новые земли — то, что успела увидеть и запомнить. А потом, рядом, в особой тетради, записывала имена тех, кто погиб в этой вылазке. Карта и список павших росли вместе, страница за страницей.

Она завела это правило сама, без всякого приказа. Ей казалось нечестным наносить на пергамент новый холм и не помнить, чьей жизнью он оплачен. Карта без имён была бы ложью — красивой картинкой, скрывающей цену. А Лотта не хотела лжи. Она хотела правды, пусть и горькой.

Со временем её карта стала странным документом. Для постороннего — просто чертёж местности за стеной. Но Лотта, глядя на неё, видела иное. Вот эта роща — здесь погиб Андреас, прикрывая отход. Вот эта река — её открыли в тот день, когда не вернулась половина отряда. Вот этот холм — последнее, что увидела Грета, её подруга. Каждая линия на карте была чьей-то могилой, чьей-то историей, чьей-то оборванной жизнью.

Иные сочли бы это нездоровым — вести рядом с картой список мёртвых, бередить раны, помнить каждую цену. Проще было бы рисовать, не думая о том, чем оплачена каждая линия. Но Лотта не умела проще. Она считала, что забыть цену — значит обесценить жертву; что красивая карта, за которой не стоит память о павших, была бы предательством. И потому она помнила — нарочно, упрямо, до боли. Каждый раз, нанося новый холм, она мысленно произносила имя того, кто за него заплатил. Это превращало её работу из простого черчения в нечто похожее на молитву — тихое поминовение тех, кого больше нет, через линии на пергаменте.

Иногда тяжесть этого становилась невыносимой. Однажды, после особенно страшной вылазки, Лотта сидела над картой и не могла заставить себя нанести новые земли. Рука не поднималась. Слишком дорого они достались. Слишком много имён прибавилось в тетради.

— Зачем я это делаю? — спросила она вслух пустую комнату. — Ради клочка пергамента? Стоит ли карта стольких жизней?

Ответа не было. Но, посидев в темноте, Лотта всё же придвинула свечу и взялась за перо. Потому что поняла: остановиться сейчас — значит сделать все эти смерти напрасными. Товарищи погибли, открывая эти земли. Если она не нанесёт их на карту, если знание, добытое такой ценой, пропадёт, — вот тогда их жертва и вправду станет бессмысленной. А пока карта растёт, пока знание копится, их смерти ведут хоть к чему-то.

И Лотта рисовала дальше — сквозь слёзы, сквозь усталость, сквозь сомнения. Не ради пергамента. Ради того, чтобы каждая оплаченная кровью пядь земли не была забыта, чтобы она служила живым. Карта запретных земель росла под её рукой — карта, на которой каждая линия была памятником.

(продолжение следует)', 'published', '2026-01-24T12:00:00+00:00', '2026-01-24T13:00:00+00:00');
    INSERT INTO chapters (id, story_id, title, content, draft_title, draft_content, status, created_at, updated_at) VALUES (
        'facf8e62-c85c-51ff-8983-b521571ae15d', 'c13d275c-11c7-50fb-b7d5-63960bd9eacc', 'Дальше, чем кто-либо', 'Год за годом карта Лотты росла, и человечество, шаг за шагом, узнавало мир, в котором жило вслепую целый век. Белые пятна отступали перед её пером. И настал день, когда Лотте выпало участвовать в самой дальней вылазке за всю историю разведки — экспедиции, что должна была дойти туда, где не бывал ещё никто.

Это был её звёздный час. Карта, которую она вела годами, делала эту экспедицию возможной: по ней проложили маршрут, рассчитали запасы воды, наметили укрытия. Без карты Лотты отряд не дошёл бы и до половины пути. Знание, копленное ценой стольких жизней, теперь вело живых дальше, чем когда-либо.

Они шли много дней, всё дальше за пределы изведанного. Лотта зарисовывала на ходу, лихорадочно, жадно — новые реки, новые леса, рельеф, какого не видел ни один человек за сто лет. Белые пятна на её карте таяли с каждым часом, заполняясь настоящим, живым миром.

И вот однажды на рассвете отряд поднялся на высокий хребет — и Лотта застыла с пером в руке. Перед ней, до самого горизонта, расстилалось то, чего не было ни на одной карте, чего не описывала ни одна легенда. Огромная долина, а за ней — очертания, которые Лотта поначалу приняла за горы. Но это были не горы. Это были стены. Другие стены, далёкие, незнакомые. А значит, за ними — другие люди. Человечество за стеной было не одно.

У Лотты задрожали руки. Это открытие переворачивало всё, что знал её народ о мире. Сто лет они считали себя последними людьми на земле, запертыми в кольце своих стен. А оказалось — есть и другие. Где-то там, за долиной, жили те, о ком никто и не подозревал.

Лотта склонилась над картой и дрожащей рукой нанесла на неё далёкие стены — самое важное, что она нарисовала за всю свою жизнь. Белое пятно, скрывавшее величайшую тайну мира, отступило перед её пером. И она знала: эта линия, как и все прежние, оплачена кровью тех, кто шёл сюда. Но эта линия меняла судьбу человечества.

Лотта стояла на хребте, не в силах оторвать глаз от далёких чужих стен, и чувствовала, как кружится голова от величия открывшегося. Всю жизнь её народ верил, что он один на свете, последний островок человечества в море титанов. Эта вера определяла всё — их страхи, их безнадёжность, их ощущение конца света. И вот одна линия, нанесённая её дрожащей рукой, разбивала эту веру вдребезги. Они были не одни. Где-то жили другие люди, со своей историей, своими стенами, своими тайнами. Мир оказался неизмеримо больше, чем думали за столетие заточения. И Лотта понимала, что держит в руках не просто карту — она держит ключ, способный изменить судьбу всех.

— Мы не одни, — прошептала она, глядя на далёкие стены. — Всё это время мы были не одни. Господи, сколько же ещё белых пятен впереди...

(продолжение следует)',
        'Дальше, чем кто-либо', 'Год за годом карта Лотты росла, и человечество, шаг за шагом, узнавало мир, в котором жило вслепую целый век. Белые пятна отступали перед её пером. И настал день, когда Лотте выпало участвовать в самой дальней вылазке за всю историю разведки — экспедиции, что должна была дойти туда, где не бывал ещё никто.

Это был её звёздный час. Карта, которую она вела годами, делала эту экспедицию возможной: по ней проложили маршрут, рассчитали запасы воды, наметили укрытия. Без карты Лотты отряд не дошёл бы и до половины пути. Знание, копленное ценой стольких жизней, теперь вело живых дальше, чем когда-либо.

Они шли много дней, всё дальше за пределы изведанного. Лотта зарисовывала на ходу, лихорадочно, жадно — новые реки, новые леса, рельеф, какого не видел ни один человек за сто лет. Белые пятна на её карте таяли с каждым часом, заполняясь настоящим, живым миром.

И вот однажды на рассвете отряд поднялся на высокий хребет — и Лотта застыла с пером в руке. Перед ней, до самого горизонта, расстилалось то, чего не было ни на одной карте, чего не описывала ни одна легенда. Огромная долина, а за ней — очертания, которые Лотта поначалу приняла за горы. Но это были не горы. Это были стены. Другие стены, далёкие, незнакомые. А значит, за ними — другие люди. Человечество за стеной было не одно.

У Лотты задрожали руки. Это открытие переворачивало всё, что знал её народ о мире. Сто лет они считали себя последними людьми на земле, запертыми в кольце своих стен. А оказалось — есть и другие. Где-то там, за долиной, жили те, о ком никто и не подозревал.

Лотта склонилась над картой и дрожащей рукой нанесла на неё далёкие стены — самое важное, что она нарисовала за всю свою жизнь. Белое пятно, скрывавшее величайшую тайну мира, отступило перед её пером. И она знала: эта линия, как и все прежние, оплачена кровью тех, кто шёл сюда. Но эта линия меняла судьбу человечества.

Лотта стояла на хребте, не в силах оторвать глаз от далёких чужих стен, и чувствовала, как кружится голова от величия открывшегося. Всю жизнь её народ верил, что он один на свете, последний островок человечества в море титанов. Эта вера определяла всё — их страхи, их безнадёжность, их ощущение конца света. И вот одна линия, нанесённая её дрожащей рукой, разбивала эту веру вдребезги. Они были не одни. Где-то жили другие люди, со своей историей, своими стенами, своими тайнами. Мир оказался неизмеримо больше, чем думали за столетие заточения. И Лотта понимала, что держит в руках не просто карту — она держит ключ, способный изменить судьбу всех.

— Мы не одни, — прошептала она, глядя на далёкие стены. — Всё это время мы были не одни. Господи, сколько же ещё белых пятен впереди...

(продолжение следует)', 'published', '2026-01-25T12:00:00+00:00', '2026-01-25T13:00:00+00:00');

    -- [45] Последний рубеж (attack-on-titan)
    INSERT INTO stories (id, slug, title, status, author_id, ai_summary, created_at, updated_at) VALUES (
        '2d7b74fc-1f19-5e22-a3da-980cfbc197b8', 'aot-posledniy-rubezh', 'Последний рубеж', 'published', v_author_id, 'Старый ветеран, потерявший на войне всё, готовит молодых новобранцев. Он суров и нелюдим — но за этой бронёй прячется человек, отчаянно не желающий, чтобы дети повторяли его судьбу.',
        '2026-01-21T12:00:00+00:00', '2026-04-05T08:00:00+00:00');
    INSERT INTO story_tags (story_id, tag_id) VALUES ('2d7b74fc-1f19-5e22-a3da-980cfbc197b8', '10000001-0001-4001-8001-00000000000a');
    INSERT INTO story_tags (story_id, tag_id) VALUES ('2d7b74fc-1f19-5e22-a3da-980cfbc197b8', '10000004-0004-4004-8004-000000000002');
    INSERT INTO story_tags (story_id, tag_id) VALUES ('2d7b74fc-1f19-5e22-a3da-980cfbc197b8', '10000005-0005-4005-8005-000000000003');
    INSERT INTO story_tags (story_id, tag_id) VALUES ('2d7b74fc-1f19-5e22-a3da-980cfbc197b8', '10000006-0006-4006-8006-000000000001');
    INSERT INTO story_tags (story_id, tag_id) VALUES ('2d7b74fc-1f19-5e22-a3da-980cfbc197b8', '10000002-0002-4002-8002-000000000001');
    INSERT INTO story_tags (story_id, tag_id) VALUES ('2d7b74fc-1f19-5e22-a3da-980cfbc197b8', '10000003-0003-4003-8003-000000000001');
    INSERT INTO chapters (id, story_id, title, content, draft_title, draft_content, status, created_at, updated_at) VALUES (
        'a4ef4b94-2a66-5d55-8654-3b03e2c70bc8', '2d7b74fc-1f19-5e22-a3da-980cfbc197b8', 'Инструктор', 'Инструктора Рейнгольда курсанты боялись и не любили. Он был сух, резок, придирчив до невозможности. Гонял новобранцев до седьмого пота, разносил за малейшую ошибку, не знал, казалось, ни жалости, ни похвалы. За глаза его звали Старым Сухарём и считали бессердечным служакой, для которого важны только устав да дисциплина.

На самом деле курсанты не знали о Рейнгольде главного — потому что он не дал бы им и повода заподозрить. Под бронёй сухости и придирчивости скрывался человек, переживший столько потерь, сколько хватило бы на десять жизней. Каждая его резкость, каждая безжалостная муштра имели причину, уходящую корнями в прошлое, о котором он молчал. Но молодым свойственно судить по внешнему, и курсанты видели лишь жёсткого старика, отравляющего им жизнь бесконечными повторениями. Они и помыслить не могли, что этот холодный служака думает о каждом из них больше, чем о себе, и что его кажущееся бессердечие — на деле самая отчаянная форма заботы, какую он умел проявлять.

Курсанты не знали о нём почти ничего. Что он один из немногих ветеранов, выживших в разведке, прослуживших там немыслимо долго. Что он повидал столько смертей, сколько им и не снилось. Что когда-то у него были и боевые товарищи, и семья, и всё это отняла война за стеной. Он не рассказывал о себе — никогда и никому.

Рейнгольд муштровал новобранцев беспощадно. Заставлял отрабатывать манёвры на снаряжении до изнеможения, повторять одно и то же сотни раз, доводить каждое движение до автоматизма. Курсанты роптали: к чему такая жестокость, такая придирчивость к мелочам? На учениях и так все устали, а Сухарь всё гоняет и гоняет.

— Ещё раз, — цедил он, глядя, как очередной курсант неловко приземляется после манёвра. — Криво. Трос держи короче. Ещё раз. И ещё. Пока не будешь делать это во сне.

— Да зачем, инструктор?! — не выдержал однажды один из курсантов. — Мы уже сто раз это сделали! Руки отваливаются!

Рейнгольд подошёл к нему вплотную, и его обычно бесстрастное лицо на миг исказилось чем-то, чего курсант не понял.

— Затем, — тихо и страшно сказал инструктор, — что там, за стеной, у тебя не будет ста попыток. У тебя будет одна. Один манёвр, одна доля секунды. Сделаешь криво — умрёшь. И не только ты. Те, кто рядом. Я гоняю тебя сейчас до седьмого пота, чтобы там, в настоящем бою, твои руки сделали всё сами, без раздумий, пока голова сжата страхом. Каждое лишнее повторение здесь — это твоя жизнь там. Так что заткнись и делай ещё раз.

Курсант осёкся. В словах Сухаря было что-то такое — не злоба, а что-то глубже, тяжелее, — отчего по спине пробежал холодок. Но никто из новобранцев ещё не понимал, что стоит за этой беспощадностью. Что Старый Сухарь муштрует их так не от бессердечия. А наоборот — от слишком большого, невыносимого сердца.',
        'Инструктор', 'Инструктора Рейнгольда курсанты боялись и не любили. Он был сух, резок, придирчив до невозможности. Гонял новобранцев до седьмого пота, разносил за малейшую ошибку, не знал, казалось, ни жалости, ни похвалы. За глаза его звали Старым Сухарём и считали бессердечным служакой, для которого важны только устав да дисциплина.

На самом деле курсанты не знали о Рейнгольде главного — потому что он не дал бы им и повода заподозрить. Под бронёй сухости и придирчивости скрывался человек, переживший столько потерь, сколько хватило бы на десять жизней. Каждая его резкость, каждая безжалостная муштра имели причину, уходящую корнями в прошлое, о котором он молчал. Но молодым свойственно судить по внешнему, и курсанты видели лишь жёсткого старика, отравляющего им жизнь бесконечными повторениями. Они и помыслить не могли, что этот холодный служака думает о каждом из них больше, чем о себе, и что его кажущееся бессердечие — на деле самая отчаянная форма заботы, какую он умел проявлять.

Курсанты не знали о нём почти ничего. Что он один из немногих ветеранов, выживших в разведке, прослуживших там немыслимо долго. Что он повидал столько смертей, сколько им и не снилось. Что когда-то у него были и боевые товарищи, и семья, и всё это отняла война за стеной. Он не рассказывал о себе — никогда и никому.

Рейнгольд муштровал новобранцев беспощадно. Заставлял отрабатывать манёвры на снаряжении до изнеможения, повторять одно и то же сотни раз, доводить каждое движение до автоматизма. Курсанты роптали: к чему такая жестокость, такая придирчивость к мелочам? На учениях и так все устали, а Сухарь всё гоняет и гоняет.

— Ещё раз, — цедил он, глядя, как очередной курсант неловко приземляется после манёвра. — Криво. Трос держи короче. Ещё раз. И ещё. Пока не будешь делать это во сне.

— Да зачем, инструктор?! — не выдержал однажды один из курсантов. — Мы уже сто раз это сделали! Руки отваливаются!

Рейнгольд подошёл к нему вплотную, и его обычно бесстрастное лицо на миг исказилось чем-то, чего курсант не понял.

— Затем, — тихо и страшно сказал инструктор, — что там, за стеной, у тебя не будет ста попыток. У тебя будет одна. Один манёвр, одна доля секунды. Сделаешь криво — умрёшь. И не только ты. Те, кто рядом. Я гоняю тебя сейчас до седьмого пота, чтобы там, в настоящем бою, твои руки сделали всё сами, без раздумий, пока голова сжата страхом. Каждое лишнее повторение здесь — это твоя жизнь там. Так что заткнись и делай ещё раз.

Курсант осёкся. В словах Сухаря было что-то такое — не злоба, а что-то глубже, тяжелее, — отчего по спине пробежал холодок. Но никто из новобранцев ещё не понимал, что стоит за этой беспощадностью. Что Старый Сухарь муштрует их так не от бессердечия. А наоборот — от слишком большого, невыносимого сердца.', 'published', '2026-01-21T12:00:00+00:00', '2026-01-21T13:00:00+00:00');
    INSERT INTO chapters (id, story_id, title, content, draft_title, draft_content, status, created_at, updated_at) VALUES (
        '1aebd69f-2efa-5116-9c30-9d96b0744fb7', '2d7b74fc-1f19-5e22-a3da-980cfbc197b8', 'Те, кого он потерял', 'Правду о Рейнгольде один из курсантов узнал случайно. Дежуря ночью, он увидел, как суровый инструктор в одиночестве сидит у стены, перед которой лежат полевые цветы, и смотрит на длинный список имён, выбитый на камне, — мемориал павшим разведчикам.

Курсант хотел тихо уйти, но Рейнгольд заметил его.

— Иди сюда, раз пришёл, — сказал он непривычно тихо. — Смотри. Читай.

Курсант подошёл и стал читать имена. Их были сотни. А инструктор начал говорить — впервые за всё время, глухо, не глядя на курсанта.

— Вот этот — мой первый командир. Научил меня всему. Погиб, прикрывая мой отход в первой же вылазке. Вот эти трое — мой отряд, с которым я прослужил восемь лет. Их не стало в один день, всех разом. Вот эта, — палец ветерана дрогнул, остановившись на одном имени, — моя жена. Тоже была разведчицей. Лучшей, чем я. Я не успел.

Курсант стоял, не смея дышать. Старый Сухарь, бессердечный служака, оказался человеком, потерявшим за стеной всех, кого любил.

Курсант слушал, и привычный мир переворачивался в его голове. Старый Сухарь, которого вся казарма дружно ненавидела, оказался не бездушным служакой, а человеком, у которого война отняла всё до последнего. Командира. Боевых товарищей. Жену. Целую жизнь, выбитую теперь на холодном камне. И весь его внешний холод, вся его невыносимая придирчивость предстали вдруг в совсем ином свете — не как чёрствость, а как незаживающая рана, которую он прятал ото всех. Курсанту стало стыдно за все злые слова, что говорились о Сухаре за его спиной. Он смотрел на старого инструктора у мемориала и видел теперь не палача казармы, а глубоко израненного человека.

— Знаешь, почему я гоняю вас так, что вы меня ненавидите? — продолжал Рейнгольд. — Каждое из этих имён — это тот, кто погиб из-за доли секунды. Из-за одного неверного движения. Из-за того, что в решающий миг рука дрогнула, трос пошёл не так, манёвр вышел криво. Мелочь. Та самая мелочь, за которую я вас гоняю до седьмого пота. Если бы их когда-то муштровали злее, придирчивее, безжалостнее, — может, кто-то из них был бы сейчас жив. Может, и она.

Он умолк, глядя на имя жены.

— Я не хочу, чтобы ваши имена появились на этом камне, — сказал он наконец. — Не хочу. Поэтому я и стал инструктором, хотя мог уйти на покой. Я не умею вас утешать, хвалить, быть добрым — это во мне выжгла война. Но я умею одно: вбить в вас навыки так крепко, чтобы они спасли вам жизнь, когда меня рядом не будет. Это всё, что я могу вам дать. Моя жестокость — это моя любовь к вам, дуракам. Просто другой у меня не осталось.

Курсант смотрел на старого инструктора у мемориала, и всё его прежнее представление о Сухаре рассыпалось в прах. Перед ним сидел не бессердечный служака. Перед ним сидел человек, который так боялся снова потерять близких, что превратил свой страх в беспощадную науку выживания — для них.',
        'Те, кого он потерял', 'Правду о Рейнгольде один из курсантов узнал случайно. Дежуря ночью, он увидел, как суровый инструктор в одиночестве сидит у стены, перед которой лежат полевые цветы, и смотрит на длинный список имён, выбитый на камне, — мемориал павшим разведчикам.

Курсант хотел тихо уйти, но Рейнгольд заметил его.

— Иди сюда, раз пришёл, — сказал он непривычно тихо. — Смотри. Читай.

Курсант подошёл и стал читать имена. Их были сотни. А инструктор начал говорить — впервые за всё время, глухо, не глядя на курсанта.

— Вот этот — мой первый командир. Научил меня всему. Погиб, прикрывая мой отход в первой же вылазке. Вот эти трое — мой отряд, с которым я прослужил восемь лет. Их не стало в один день, всех разом. Вот эта, — палец ветерана дрогнул, остановившись на одном имени, — моя жена. Тоже была разведчицей. Лучшей, чем я. Я не успел.

Курсант стоял, не смея дышать. Старый Сухарь, бессердечный служака, оказался человеком, потерявшим за стеной всех, кого любил.

Курсант слушал, и привычный мир переворачивался в его голове. Старый Сухарь, которого вся казарма дружно ненавидела, оказался не бездушным служакой, а человеком, у которого война отняла всё до последнего. Командира. Боевых товарищей. Жену. Целую жизнь, выбитую теперь на холодном камне. И весь его внешний холод, вся его невыносимая придирчивость предстали вдруг в совсем ином свете — не как чёрствость, а как незаживающая рана, которую он прятал ото всех. Курсанту стало стыдно за все злые слова, что говорились о Сухаре за его спиной. Он смотрел на старого инструктора у мемориала и видел теперь не палача казармы, а глубоко израненного человека.

— Знаешь, почему я гоняю вас так, что вы меня ненавидите? — продолжал Рейнгольд. — Каждое из этих имён — это тот, кто погиб из-за доли секунды. Из-за одного неверного движения. Из-за того, что в решающий миг рука дрогнула, трос пошёл не так, манёвр вышел криво. Мелочь. Та самая мелочь, за которую я вас гоняю до седьмого пота. Если бы их когда-то муштровали злее, придирчивее, безжалостнее, — может, кто-то из них был бы сейчас жив. Может, и она.

Он умолк, глядя на имя жены.

— Я не хочу, чтобы ваши имена появились на этом камне, — сказал он наконец. — Не хочу. Поэтому я и стал инструктором, хотя мог уйти на покой. Я не умею вас утешать, хвалить, быть добрым — это во мне выжгла война. Но я умею одно: вбить в вас навыки так крепко, чтобы они спасли вам жизнь, когда меня рядом не будет. Это всё, что я могу вам дать. Моя жестокость — это моя любовь к вам, дуракам. Просто другой у меня не осталось.

Курсант смотрел на старого инструктора у мемориала, и всё его прежнее представление о Сухаре рассыпалось в прах. Перед ним сидел не бессердечный служака. Перед ним сидел человек, который так боялся снова потерять близких, что превратил свой страх в беспощадную науку выживания — для них.', 'published', '2026-01-22T12:00:00+00:00', '2026-01-22T13:00:00+00:00');
    INSERT INTO chapters (id, story_id, title, content, draft_title, draft_content, status, created_at, updated_at) VALUES (
        '63b23406-2406-5d16-b196-0b9ce8f668dd', '2d7b74fc-1f19-5e22-a3da-980cfbc197b8', 'Урок ценой жизни', 'Курсант никому не рассказал о той ночи у мемориала — но всё переменилось. Он стал слушать инструктора иначе, понимая теперь, что за каждой придиркой стоит чья-то смерть, которую Рейнгольд не сумел предотвратить. И, глядя на него, переменились и другие. Курсанты перестали роптать. Они начали учиться по-настоящему — не из страха перед Сухарём, а понимая, ради чего.

А потом пришёл выпуск, и за ним — первая настоящая вылазка за стену. И на этой вылазке случилось то, чего Рейнгольд боялся больше всего на свете.

Все эти годы Рейнгольд жил в тени одного-единственного страха — что новые имена появятся на мемориале, что он снова не успеет, снова потеряет тех, кого взялся беречь. Этот страх был корнем всей его беспощадной муштры, всех бессонных ночей, всей его сухой замкнутости. Он муштровал курсантов так жестоко именно потому, что слишком ясно представлял, чем кончается малейшая небрежность за стеной. И вот теперь, в этой безнадёжной вылазке, его худший кошмар оживал на глазах: один из его мальчишек, тот самый, угодил в смертельную ловушку. И в эту долю секунды весь жизненный опыт ветерана, всё его сердце сошлись в одном-единственном решении. Он не колебался ни доли мгновения — той самой доли, о которой твердил курсантам годами; всё было решено в нём задолго до этого боя, ещё там, у мемориала, где он поклялся не допустить новых имён на камне.

Отряд попал в беду — титаны отрезали путь, ситуация стала безнадёжной. И в этот страшный миг навыки, вбитые инструктором до автоматизма, спасли почти всех. Руки курсантов делали всё сами, без раздумий, как и хотел Рейнгольд: манёвры, отработанные сотни раз, выходили чётко даже сквозь сжимающий горло страх. Почти весь отряд сумел оторваться и уйти.

Почти. Один из курсантов — тот самый, что когда-то возмущался муштрой, — замешкался, спасая упавшего товарища. И сам оказался в смертельной ловушке. Спасти его мог только один человек — Рейнгольд, шедший с отрядом инструктором.

Старый ветеран не колебался ни мгновения. Он рванулся назад, в самую гущу опасности, туда, откуда не возвращаются. Своим манёвром, отточенным за десятилетия, он выдернул курсанта из ловушки, отшвырнул к своим, на путь к спасению. Но на себя у него уже не осталось ни доли секунды. Той самой доли секунды, о которой он твердил все эти годы.

Курсанты видели, как их инструктор остался там, за стеной, прикрыв их отход, — как когда-то его первый командир прикрыл отход молодого Рейнгольда. Цепочка, тянувшаяся через все имена на мемориале, замкнулась.

Спасённый курсант рыдал, когда отряд втянулся в ворота. Он был жив — ценой жизни человека, который вбил в него навыки выживания, который потерял на этой войне всё и всё же бросился спасать чужого мальчишку, не задумавшись. Старый Сухарь, которого когда-то ненавидели за жестокость, отдал за него последнее, что у него было, — самого себя.',
        'Урок ценой жизни', 'Курсант никому не рассказал о той ночи у мемориала — но всё переменилось. Он стал слушать инструктора иначе, понимая теперь, что за каждой придиркой стоит чья-то смерть, которую Рейнгольд не сумел предотвратить. И, глядя на него, переменились и другие. Курсанты перестали роптать. Они начали учиться по-настоящему — не из страха перед Сухарём, а понимая, ради чего.

А потом пришёл выпуск, и за ним — первая настоящая вылазка за стену. И на этой вылазке случилось то, чего Рейнгольд боялся больше всего на свете.

Все эти годы Рейнгольд жил в тени одного-единственного страха — что новые имена появятся на мемориале, что он снова не успеет, снова потеряет тех, кого взялся беречь. Этот страх был корнем всей его беспощадной муштры, всех бессонных ночей, всей его сухой замкнутости. Он муштровал курсантов так жестоко именно потому, что слишком ясно представлял, чем кончается малейшая небрежность за стеной. И вот теперь, в этой безнадёжной вылазке, его худший кошмар оживал на глазах: один из его мальчишек, тот самый, угодил в смертельную ловушку. И в эту долю секунды весь жизненный опыт ветерана, всё его сердце сошлись в одном-единственном решении. Он не колебался ни доли мгновения — той самой доли, о которой твердил курсантам годами; всё было решено в нём задолго до этого боя, ещё там, у мемориала, где он поклялся не допустить новых имён на камне.

Отряд попал в беду — титаны отрезали путь, ситуация стала безнадёжной. И в этот страшный миг навыки, вбитые инструктором до автоматизма, спасли почти всех. Руки курсантов делали всё сами, без раздумий, как и хотел Рейнгольд: манёвры, отработанные сотни раз, выходили чётко даже сквозь сжимающий горло страх. Почти весь отряд сумел оторваться и уйти.

Почти. Один из курсантов — тот самый, что когда-то возмущался муштрой, — замешкался, спасая упавшего товарища. И сам оказался в смертельной ловушке. Спасти его мог только один человек — Рейнгольд, шедший с отрядом инструктором.

Старый ветеран не колебался ни мгновения. Он рванулся назад, в самую гущу опасности, туда, откуда не возвращаются. Своим манёвром, отточенным за десятилетия, он выдернул курсанта из ловушки, отшвырнул к своим, на путь к спасению. Но на себя у него уже не осталось ни доли секунды. Той самой доли секунды, о которой он твердил все эти годы.

Курсанты видели, как их инструктор остался там, за стеной, прикрыв их отход, — как когда-то его первый командир прикрыл отход молодого Рейнгольда. Цепочка, тянувшаяся через все имена на мемориале, замкнулась.

Спасённый курсант рыдал, когда отряд втянулся в ворота. Он был жив — ценой жизни человека, который вбил в него навыки выживания, который потерял на этой войне всё и всё же бросился спасать чужого мальчишку, не задумавшись. Старый Сухарь, которого когда-то ненавидели за жестокость, отдал за него последнее, что у него было, — самого себя.', 'published', '2026-01-23T12:00:00+00:00', '2026-01-23T13:00:00+00:00');
    INSERT INTO chapters (id, story_id, title, content, draft_title, draft_content, status, created_at, updated_at) VALUES (
        '52343487-2083-5ea1-924a-a2dbfc9a3597', '2d7b74fc-1f19-5e22-a3da-980cfbc197b8', 'Имя на камне', 'Имя Рейнгольда выбили на том самом мемориале, у которого он когда-то сидел ночами, — рядом с именами его командира, его отряда, его жены. Старый ветеран наконец воссоединился с теми, кого потерял и о ком молча скорбел все эти годы.

На церемонии было непривычно много народу. Пришли все его выпускники — те, кого он муштровал до седьмого пота, кого спасли вбитые им навыки. Многие из них прежде ненавидели Старого Сухаря. Теперь они стояли у его имени с непокрытыми головами, и многие плакали — те самые суровые молодые солдаты, которых, казалось, ничем не проймёшь.

Спасённый курсант — тот, ради кого Рейнгольд остался за стеной, — стоял у мемориала дольше всех. Он чувствовал на себе невыносимый груз чужой жертвы. Он жил, потому что умер инструктор.

— Я не знаю, как теперь жить с этим, — сказал он товарищу. — Он отдал за меня жизнь. За меня, который его ненавидел и роптал на муштру. Чем я это отплачу?

Товарищ помолчал.

— Знаешь, что он сказал бы? — отозвался наконец. — Помнишь, у камня. Он не хотел, чтобы наши имена появились здесь. Он жил ради этого. Так что отплатить ему можно только одним — жить. Жить долго, выживать там, за стеной, благодаря тому, чему он нас научил. И научить тех, кто придёт после. Чтобы цепочка не оборвалась. Чтобы его наука спасала жизни и тогда, когда нас самих уже не станет.

Курсант долго смотрел на имя инструктора, выбитое в камне. А потом медленно кивнул.

В этот миг что-то в нём окончательно встало на место. Невыносимый груз чужой жертвы, под которым он, казалось, не сможет жить, обрёл вдруг иной смысл. Рейнгольд погиб не для того, чтобы курсант всю жизнь казнил себя виной, — а для того, чтобы он жил и передавал дальше науку выживания. Лучшим памятником старому инструктору была бы не скорбь, а продолжение его дела. И курсант, стоя у холодного камня, дал себе слово: он не растратит подаренную ему жизнь на бесплодное самобичевание. Он сделает её достойной той цены, что за неё заплачена, — и однажды сам станет тем, кто убережёт чужих детей.

Годы спустя он сам стал инструктором — суровым, придирчивым, гоняющим новобранцев до седьмого пота. Курсанты боялись его и не любили, звали бессердечным служакой, роптали на бесконечную муштру. А он, как когда-то Рейнгольд, заставлял их повторять каждое движение сотни раз — потому что знал цену доли секунды. Потому что не хотел, чтобы их имена появились на камне.

И когда какой-нибудь курсант, измученный, возмущался: «Да зачем, инструктор?!» — он отвечал то же, что когда-то ответили ему. А по ночам приходил к мемориалу, к имени Рейнгольда, и молча докладывал старому Сухарю, что цепочка не оборвалась. Что его наука живёт. Что дети, которых он учит, возвращаются из-за стены домой. Живыми. Как и хотел старик, отдавший всё, чтобы чужие дети не повторили его судьбу.',
        'Имя на камне', 'Имя Рейнгольда выбили на том самом мемориале, у которого он когда-то сидел ночами, — рядом с именами его командира, его отряда, его жены. Старый ветеран наконец воссоединился с теми, кого потерял и о ком молча скорбел все эти годы.

На церемонии было непривычно много народу. Пришли все его выпускники — те, кого он муштровал до седьмого пота, кого спасли вбитые им навыки. Многие из них прежде ненавидели Старого Сухаря. Теперь они стояли у его имени с непокрытыми головами, и многие плакали — те самые суровые молодые солдаты, которых, казалось, ничем не проймёшь.

Спасённый курсант — тот, ради кого Рейнгольд остался за стеной, — стоял у мемориала дольше всех. Он чувствовал на себе невыносимый груз чужой жертвы. Он жил, потому что умер инструктор.

— Я не знаю, как теперь жить с этим, — сказал он товарищу. — Он отдал за меня жизнь. За меня, который его ненавидел и роптал на муштру. Чем я это отплачу?

Товарищ помолчал.

— Знаешь, что он сказал бы? — отозвался наконец. — Помнишь, у камня. Он не хотел, чтобы наши имена появились здесь. Он жил ради этого. Так что отплатить ему можно только одним — жить. Жить долго, выживать там, за стеной, благодаря тому, чему он нас научил. И научить тех, кто придёт после. Чтобы цепочка не оборвалась. Чтобы его наука спасала жизни и тогда, когда нас самих уже не станет.

Курсант долго смотрел на имя инструктора, выбитое в камне. А потом медленно кивнул.

В этот миг что-то в нём окончательно встало на место. Невыносимый груз чужой жертвы, под которым он, казалось, не сможет жить, обрёл вдруг иной смысл. Рейнгольд погиб не для того, чтобы курсант всю жизнь казнил себя виной, — а для того, чтобы он жил и передавал дальше науку выживания. Лучшим памятником старому инструктору была бы не скорбь, а продолжение его дела. И курсант, стоя у холодного камня, дал себе слово: он не растратит подаренную ему жизнь на бесплодное самобичевание. Он сделает её достойной той цены, что за неё заплачена, — и однажды сам станет тем, кто убережёт чужих детей.

Годы спустя он сам стал инструктором — суровым, придирчивым, гоняющим новобранцев до седьмого пота. Курсанты боялись его и не любили, звали бессердечным служакой, роптали на бесконечную муштру. А он, как когда-то Рейнгольд, заставлял их повторять каждое движение сотни раз — потому что знал цену доли секунды. Потому что не хотел, чтобы их имена появились на камне.

И когда какой-нибудь курсант, измученный, возмущался: «Да зачем, инструктор?!» — он отвечал то же, что когда-то ответили ему. А по ночам приходил к мемориалу, к имени Рейнгольда, и молча докладывал старому Сухарю, что цепочка не оборвалась. Что его наука живёт. Что дети, которых он учит, возвращаются из-за стены домой. Живыми. Как и хотел старик, отдавший всё, чтобы чужие дети не повторили его судьбу.', 'published', '2026-01-24T12:00:00+00:00', '2026-01-24T13:00:00+00:00');

    -- [46] Маяк на краю карты (originals)
    INSERT INTO stories (id, slug, title, status, author_id, ai_summary, created_at, updated_at) VALUES (
        'e0fc40b2-e2eb-5e5b-944a-1bfbc69a8b66', 'orig-mayak-na-krayu-karty', 'Маяк на краю карты', 'published', v_author_id, 'Старый смотритель маяка зажигает огонь для кораблей, которых уже почти не осталось. Когда к нему прибивает потерпевшего крушение, выясняется, ради кого на самом деле горит этот свет.',
        '2026-01-19T12:00:00+00:00', '2026-04-04T12:00:00+00:00');
    INSERT INTO story_tags (story_id, tag_id) VALUES ('e0fc40b2-e2eb-5e5b-944a-1bfbc69a8b66', '10000001-0001-4001-8001-00000000000b');
    INSERT INTO story_tags (story_id, tag_id) VALUES ('e0fc40b2-e2eb-5e5b-944a-1bfbc69a8b66', '10000004-0004-4004-8004-000000000001');
    INSERT INTO story_tags (story_id, tag_id) VALUES ('e0fc40b2-e2eb-5e5b-944a-1bfbc69a8b66', '10000005-0005-4005-8005-000000000003');
    INSERT INTO story_tags (story_id, tag_id) VALUES ('e0fc40b2-e2eb-5e5b-944a-1bfbc69a8b66', '10000006-0006-4006-8006-000000000001');
    INSERT INTO story_tags (story_id, tag_id) VALUES ('e0fc40b2-e2eb-5e5b-944a-1bfbc69a8b66', '10000002-0002-4002-8002-000000000001');
    INSERT INTO story_tags (story_id, tag_id) VALUES ('e0fc40b2-e2eb-5e5b-944a-1bfbc69a8b66', '10000002-0002-4002-8002-000000000004');
    INSERT INTO chapters (id, story_id, title, content, draft_title, draft_content, status, created_at, updated_at) VALUES (
        'b60ad027-62cb-504c-8097-0cff3ceebd0b', 'e0fc40b2-e2eb-5e5b-944a-1bfbc69a8b66', 'Свет для пустого моря', 'Маяк стоял на самом краю обитаемого мира — на голой скале, о которую разбивались тяжёлые северные волны. Смотрителем при нём был старый Эльмар, проживший здесь, кажется, целую вечность. Каждый вечер, в любую погоду, он поднимался по ста семнадцати ступеням наверх и зажигал огонь.

Беда была в том, что зажигать его стало почти не для кого. Старые морские пути, что вели мимо этой скалы, давно опустели. Появились новые суда, новые маршруты, новые приборы, которым не нужен был свет старого маяка. Корабли почти перестали ходить здешними водами. Иной месяц Эльмар не видел в море ни единого паруса.

Городские чиновники, заведовавшие маяками, не раз поговаривали о том, чтобы погасить этот огонь навсегда — он-де обходится дорого, а пользы от него почти нет. Эльмару присылали бумаги, намекали, что пора на покой, что маяк устарел. Но старик упрямо продолжал своё дело. Каждый вечер поднимался наверх и зажигал свет — для пустого, тёмного, забытого моря.

— Зачем ты упорствуешь, старик? — спрашивал его молодой почтальон, изредка привозивший на скалу припасы и письма. — Корабли тут больше не ходят. Ты светишь в никуда. Поехал бы в город, жил бы в тепле, среди людей. Что тебя держит на этой голой скале?

Эльмар обыкновенно отмалчивался или отшучивался. Но правда была в том, что он и сам не до конца понимал, что его держит. Просто чувствовал: погасить маяк нельзя. Что пока он горит, в мире сохраняется что-то важное, чего не объяснишь словами. Какое-то обещание. Какая-то верность.

По ночам, сидя у тёплого огня наверху, под вой ветра и грохот волн, Эльмар вглядывался в темноту моря и думал о тех бесчисленных кораблях, которым его маяк когда-то указывал путь к дому. Сколько моряков благодаря этому свету не разбились о скалу, вернулись к жёнам и детям. Теперь корабли ушли, но свет остался — и Эльмар хранил его, как хранят память, как держат данное когда-то слово.

Иногда, в самые глухие зимние ночи, когда буря выла особенно тоскливо, а море было черно и пусто, Эльмару и самому становилось не по себе. А вдруг чиновники правы? Вдруг он и впрямь выживший из ума старик, тратящий жизнь на бессмысленный ритуал? Но всякий раз, поднявшись наверх и зажёгши огонь, он успокаивался. Было в этом простом действии — чиркнуть огнивом, разжечь фитиль, увидеть, как луч вспарывает тьму, — что-то незыблемое, не зависящее ни от каких расчётов выгоды. Свет должен гореть. Эту истину Эльмар знал глубже всякого знания, хоть и не умел её доказать.

Он не знал, что очень скоро его упрямая верность пустому морю будет вознаграждена самым неожиданным образом. Что однажды штормовой ночью этот никому не нужный свет спасёт жизнь — и напомнит старику, ради чего на самом деле стоит светить даже тогда, когда кажется, что светишь в никуда.',
        'Свет для пустого моря', 'Маяк стоял на самом краю обитаемого мира — на голой скале, о которую разбивались тяжёлые северные волны. Смотрителем при нём был старый Эльмар, проживший здесь, кажется, целую вечность. Каждый вечер, в любую погоду, он поднимался по ста семнадцати ступеням наверх и зажигал огонь.

Беда была в том, что зажигать его стало почти не для кого. Старые морские пути, что вели мимо этой скалы, давно опустели. Появились новые суда, новые маршруты, новые приборы, которым не нужен был свет старого маяка. Корабли почти перестали ходить здешними водами. Иной месяц Эльмар не видел в море ни единого паруса.

Городские чиновники, заведовавшие маяками, не раз поговаривали о том, чтобы погасить этот огонь навсегда — он-де обходится дорого, а пользы от него почти нет. Эльмару присылали бумаги, намекали, что пора на покой, что маяк устарел. Но старик упрямо продолжал своё дело. Каждый вечер поднимался наверх и зажигал свет — для пустого, тёмного, забытого моря.

— Зачем ты упорствуешь, старик? — спрашивал его молодой почтальон, изредка привозивший на скалу припасы и письма. — Корабли тут больше не ходят. Ты светишь в никуда. Поехал бы в город, жил бы в тепле, среди людей. Что тебя держит на этой голой скале?

Эльмар обыкновенно отмалчивался или отшучивался. Но правда была в том, что он и сам не до конца понимал, что его держит. Просто чувствовал: погасить маяк нельзя. Что пока он горит, в мире сохраняется что-то важное, чего не объяснишь словами. Какое-то обещание. Какая-то верность.

По ночам, сидя у тёплого огня наверху, под вой ветра и грохот волн, Эльмар вглядывался в темноту моря и думал о тех бесчисленных кораблях, которым его маяк когда-то указывал путь к дому. Сколько моряков благодаря этому свету не разбились о скалу, вернулись к жёнам и детям. Теперь корабли ушли, но свет остался — и Эльмар хранил его, как хранят память, как держат данное когда-то слово.

Иногда, в самые глухие зимние ночи, когда буря выла особенно тоскливо, а море было черно и пусто, Эльмару и самому становилось не по себе. А вдруг чиновники правы? Вдруг он и впрямь выживший из ума старик, тратящий жизнь на бессмысленный ритуал? Но всякий раз, поднявшись наверх и зажёгши огонь, он успокаивался. Было в этом простом действии — чиркнуть огнивом, разжечь фитиль, увидеть, как луч вспарывает тьму, — что-то незыблемое, не зависящее ни от каких расчётов выгоды. Свет должен гореть. Эту истину Эльмар знал глубже всякого знания, хоть и не умел её доказать.

Он не знал, что очень скоро его упрямая верность пустому морю будет вознаграждена самым неожиданным образом. Что однажды штормовой ночью этот никому не нужный свет спасёт жизнь — и напомнит старику, ради чего на самом деле стоит светить даже тогда, когда кажется, что светишь в никуда.', 'published', '2026-01-19T12:00:00+00:00', '2026-01-19T13:00:00+00:00');
    INSERT INTO chapters (id, story_id, title, content, draft_title, draft_content, status, created_at, updated_at) VALUES (
        'f91b8d5b-8da3-553c-8188-42d1421c2d01', 'e0fc40b2-e2eb-5e5b-944a-1bfbc69a8b66', 'Тот, кого выбросило море', 'Шторм пришёл ночью — один из тех страшных северных штормов, что превращают море в ревущее чудовище. Эльмар, как всегда, зажёг маяк и сидел наверху, слушая, как ветер рвётся в стёкла, а волны бьют в скалу так, что дрожит вся башня.

В разгар бури ему почудилось сквозь рёв стихии что-то чужое — слабый, отчаянный крик. Эльмар вгляделся в темноту и при вспышке молнии увидел: у подножия скалы, среди беснующихся волн, кто-то барахтается. Человек. Должно быть, с разбитой штормом лодки, которую невесть как занесло в эти забытые воды.

Старик, не раздумывая, заспешил вниз по ста семнадцати ступеням — быстрее, чем спускался за многие годы. Он схватил спасательный конец, выбежал под хлещущий ливень на скользкие камни и, рискуя сорваться в бушующее море, бросил верёвку барахтавшемуся человеку. Раз, другой, третий — пока тот наконец не ухватился. И Эльмар, напрягая старые силы, вытащил его на скалу.

Это был молодой моряк — полузахлебнувшийся, окоченевший, но живой. Эльмар дотащил его до маяка, отогрел у огня, напоил горячим. Лишь под утро, когда шторм утих, спасённый пришёл в себя и смог говорить.

— Я уж думал, конец, — выдавил он, стуча зубами. — Лодку разбило, меня понесло в темноте, и кругом — ни огонька, только скалы да волны. А потом я увидел свет. Ваш маяк. Один-единственный огонёк во всей этой тьме. Я поплыл на него из последних сил. Если бы не он... если бы вы не зажгли его этой ночью...

Эльмар слушал сбивчивые слова спасённого, и руки его, ещё дрожавшие от напряжения, понемногу успокаивались. Он только что вырвал человека из пасти моря — он, старик, которого считали бесполезным, на маяке, который собирались погасить. Если бы он послушал чиновников хоть на одну зиму раньше, если бы поддался сомнениям и не зажёг огонь этой ночью, — этот юноша лежал бы сейчас на дне. От одной этой мысли у Эльмара перехватывало дыхание. Вся его упрямая, осмеянная верность маяку сошлась в этой единственной ночи и оправдала себя сполна. Свет горел не зря. Он горел ради вот этого мгновения.

Эльмар молчал, глядя на спасённого. А у того в глазах стояли слёзы — слёзы человека, заглянувшего в лицо смерти и вырванного из её рук.

— Почему вы вообще его зажигаете? — спросил моряк. — Тут же давно никто не ходит. Мне рассказывали, эти воды пустые, маяк заброшен. Я и не чаял увидеть свет. Это было как чудо.

И старый Эльмар, слушая его, вдруг почувствовал, как что-то тёплое разливается в груди. Вот он, ответ на вопрос, который ему задавали годами и на который он не умел ответить. Вот зачем горел его никому не нужный свет.',
        'Тот, кого выбросило море', 'Шторм пришёл ночью — один из тех страшных северных штормов, что превращают море в ревущее чудовище. Эльмар, как всегда, зажёг маяк и сидел наверху, слушая, как ветер рвётся в стёкла, а волны бьют в скалу так, что дрожит вся башня.

В разгар бури ему почудилось сквозь рёв стихии что-то чужое — слабый, отчаянный крик. Эльмар вгляделся в темноту и при вспышке молнии увидел: у подножия скалы, среди беснующихся волн, кто-то барахтается. Человек. Должно быть, с разбитой штормом лодки, которую невесть как занесло в эти забытые воды.

Старик, не раздумывая, заспешил вниз по ста семнадцати ступеням — быстрее, чем спускался за многие годы. Он схватил спасательный конец, выбежал под хлещущий ливень на скользкие камни и, рискуя сорваться в бушующее море, бросил верёвку барахтавшемуся человеку. Раз, другой, третий — пока тот наконец не ухватился. И Эльмар, напрягая старые силы, вытащил его на скалу.

Это был молодой моряк — полузахлебнувшийся, окоченевший, но живой. Эльмар дотащил его до маяка, отогрел у огня, напоил горячим. Лишь под утро, когда шторм утих, спасённый пришёл в себя и смог говорить.

— Я уж думал, конец, — выдавил он, стуча зубами. — Лодку разбило, меня понесло в темноте, и кругом — ни огонька, только скалы да волны. А потом я увидел свет. Ваш маяк. Один-единственный огонёк во всей этой тьме. Я поплыл на него из последних сил. Если бы не он... если бы вы не зажгли его этой ночью...

Эльмар слушал сбивчивые слова спасённого, и руки его, ещё дрожавшие от напряжения, понемногу успокаивались. Он только что вырвал человека из пасти моря — он, старик, которого считали бесполезным, на маяке, который собирались погасить. Если бы он послушал чиновников хоть на одну зиму раньше, если бы поддался сомнениям и не зажёг огонь этой ночью, — этот юноша лежал бы сейчас на дне. От одной этой мысли у Эльмара перехватывало дыхание. Вся его упрямая, осмеянная верность маяку сошлась в этой единственной ночи и оправдала себя сполна. Свет горел не зря. Он горел ради вот этого мгновения.

Эльмар молчал, глядя на спасённого. А у того в глазах стояли слёзы — слёзы человека, заглянувшего в лицо смерти и вырванного из её рук.

— Почему вы вообще его зажигаете? — спросил моряк. — Тут же давно никто не ходит. Мне рассказывали, эти воды пустые, маяк заброшен. Я и не чаял увидеть свет. Это было как чудо.

И старый Эльмар, слушая его, вдруг почувствовал, как что-то тёплое разливается в груди. Вот он, ответ на вопрос, который ему задавали годами и на который он не умел ответить. Вот зачем горел его никому не нужный свет.', 'published', '2026-01-20T12:00:00+00:00', '2026-01-20T13:00:00+00:00');
    INSERT INTO chapters (id, story_id, title, content, draft_title, draft_content, status, created_at, updated_at) VALUES (
        'ce188d44-2a35-58bc-a1d7-43ee8e8f456e', 'e0fc40b2-e2eb-5e5b-944a-1bfbc69a8b66', 'Ради одного', 'Спасённый моряк прожил на маяке несколько дней, пока не оправился и пока не пришло судно, чтобы забрать его. И эти дни многое перевернули в душе старого Эльмара.

— Знаешь, — сказал он однажды моряку, глядя в вечернее море, — ты спросил, зачем я зажигаю маяк, если корабли тут больше не ходят. Я ведь и сам толком не знал ответа. Чиновники твердили, что свет бесполезен, что он горит в никуда. Иногда, в самые тёмные ночи, я и сам начинал в это верить. Думал: может, и правда — пора гасить, глупый упрямый старик светит пустому морю.

Он помолчал.

— А потом штормовой ночью появился ты. И оказалось, что свет горел не зря. Что все эти годы, все эти тысячи вечеров, когда я зажигал его будто бы напрасно, — всё это было ради одной-единственной ночи. Ради тебя. Ради одного человека, которого нужно было спасти. Понимаешь? Маяк светит не для тех кораблей, что ходят каждый день. Он светит для того единственного, что собьётся с пути однажды. И ради этого одного стоит гореть хоть сто лет впустую.

Моряк слушал, и в глазах его было понимание.

— Если бы вы погасили его хоть на одну ночь — на эту самую ночь, — меня бы не стало, — сказал он тихо.

— Вот именно, — кивнул Эльмар. — Поэтому его и нельзя гасить. Никогда не знаешь, какая ночь окажется той самой. Поэтому светить надо всегда — даже когда кажется, что светишь в пустоту. Потому что где-то в этой пустоте может оказаться тот, для кого твой свет — единственная надежда.

Старик улыбнулся, и лицо его, обветренное десятилетиями, помолодело.

Спасённый смотрел на старика новыми глазами. Поднявшись на маяк случайным, потерпевшим крушение незнакомцем, он уезжал отсюда другим человеком — таким, кто понял о жизни нечто важное. Слова Эльмара о свете, что горит ради одного, запали ему в самую душу. Он думал о том, как часто люди бросают доброе дело, не видя немедленной отдачи; как легко погасить свой внутренний свет, решив, что он никому не нужен. А ведь, может быть, именно его-то и ждёт где-то в темноте тот единственный, для кого он — последняя надежда. Юноша уносил эту мысль с собой, ещё не зная, что однажды она приведёт его обратно на эту скалу. А пока он лишь смотрел на старого смотрителя с благодарностью, которой не умел выразить словами, и впитывал его тихую науку о свете, что горит ради одного.

— Я долго думал, что моя верность этому маяку — просто упрямство выжившего из ума старика. А оказалось — нет. Оказалось, в ней был смысл. Самый главный смысл, какой только бывает. Спасти одного. Хотя бы одного. Ради этого и стоило прожить здесь всю жизнь, зажигая огонь для пустого моря.',
        'Ради одного', 'Спасённый моряк прожил на маяке несколько дней, пока не оправился и пока не пришло судно, чтобы забрать его. И эти дни многое перевернули в душе старого Эльмара.

— Знаешь, — сказал он однажды моряку, глядя в вечернее море, — ты спросил, зачем я зажигаю маяк, если корабли тут больше не ходят. Я ведь и сам толком не знал ответа. Чиновники твердили, что свет бесполезен, что он горит в никуда. Иногда, в самые тёмные ночи, я и сам начинал в это верить. Думал: может, и правда — пора гасить, глупый упрямый старик светит пустому морю.

Он помолчал.

— А потом штормовой ночью появился ты. И оказалось, что свет горел не зря. Что все эти годы, все эти тысячи вечеров, когда я зажигал его будто бы напрасно, — всё это было ради одной-единственной ночи. Ради тебя. Ради одного человека, которого нужно было спасти. Понимаешь? Маяк светит не для тех кораблей, что ходят каждый день. Он светит для того единственного, что собьётся с пути однажды. И ради этого одного стоит гореть хоть сто лет впустую.

Моряк слушал, и в глазах его было понимание.

— Если бы вы погасили его хоть на одну ночь — на эту самую ночь, — меня бы не стало, — сказал он тихо.

— Вот именно, — кивнул Эльмар. — Поэтому его и нельзя гасить. Никогда не знаешь, какая ночь окажется той самой. Поэтому светить надо всегда — даже когда кажется, что светишь в пустоту. Потому что где-то в этой пустоте может оказаться тот, для кого твой свет — единственная надежда.

Старик улыбнулся, и лицо его, обветренное десятилетиями, помолодело.

Спасённый смотрел на старика новыми глазами. Поднявшись на маяк случайным, потерпевшим крушение незнакомцем, он уезжал отсюда другим человеком — таким, кто понял о жизни нечто важное. Слова Эльмара о свете, что горит ради одного, запали ему в самую душу. Он думал о том, как часто люди бросают доброе дело, не видя немедленной отдачи; как легко погасить свой внутренний свет, решив, что он никому не нужен. А ведь, может быть, именно его-то и ждёт где-то в темноте тот единственный, для кого он — последняя надежда. Юноша уносил эту мысль с собой, ещё не зная, что однажды она приведёт его обратно на эту скалу. А пока он лишь смотрел на старого смотрителя с благодарностью, которой не умел выразить словами, и впитывал его тихую науку о свете, что горит ради одного.

— Я долго думал, что моя верность этому маяку — просто упрямство выжившего из ума старика. А оказалось — нет. Оказалось, в ней был смысл. Самый главный смысл, какой только бывает. Спасти одного. Хотя бы одного. Ради этого и стоило прожить здесь всю жизнь, зажигая огонь для пустого моря.', 'published', '2026-01-21T12:00:00+00:00', '2026-01-21T13:00:00+00:00');
    INSERT INTO chapters (id, story_id, title, content, draft_title, draft_content, status, created_at, updated_at) VALUES (
        '54224f60-6105-5e08-a64c-5ead84b4be19', 'e0fc40b2-e2eb-5e5b-944a-1bfbc69a8b66', 'Тот, кто принял свет', 'Прошли годы. Старый Эльмар состарился совсем и однажды понял, что больше не сможет подниматься по ста семнадцати ступеням, чтобы зажигать огонь. Пришло время, которого он так боялся, — время, когда придётся оставить маяк.

Чиновники, конечно, обрадовались бы поводу погасить «бесполезный» свет навсегда. И Эльмар не находил себе места от тревоги: неужели после стольких лет его маяк всё-таки потухнет? Неужели не станет того единственного огонька во тьме, что однажды кого-то спасёт?

Но судьба распорядилась иначе. В один прекрасный день на скалу прибыл новый смотритель — молодой, крепкий, с горящими глазами. И Эльмар сразу узнал его. Это был тот самый моряк, которого он вытащил из штормового моря много лет назад.

Эльмар не верил своим глазам. Все эти годы он со страхом думал о дне, когда придётся оставить маяк, — и боялся не за себя, а за свет, который, он был уверен, погасят без него. А судьба прислала ему лучшего из всех возможных преемников — того самого, кого этот свет однажды спас. Лучшего доказательства правоты своей жизни старик и желать не мог. Круг замкнулся: спасённый светом вернулся, чтобы хранить этот свет для других. И Эльмар понял, что его упрямство, его одинокая верность пустому морю породили не только одно спасение той штормовой ночью, но и нечто большее — живую цепь, которая теперь не оборвётся.

— Я пришёл сменить вас, — сказал моряк, теперь уже взрослый, серьёзный мужчина. — Я выучился на смотрителя маяка. Долго добивался, чтобы меня направили именно сюда. Чиновники не хотели — говорили, маяк надо закрывать. Но я не отступал. Знаете почему?

Эльмар не находил слов.

— Потому что однажды ваш свет спас мне жизнь, — продолжал моряк. — И с того дня я понял то, чему вы научили меня тогда: маяк светит ради одного. Я не мог допустить, чтобы он погас. Ведь там, в темноте, и сейчас может быть кто-то, кто собьётся с пути. Кто-то, для кого этот свет станет единственной надеждой. Как когда-то для меня. Кто-то же должен зажигать огонь. Теперь это буду я.

У старого Эльмара по щекам покатились слёзы — слёзы счастья и облегчения. Его свет не погаснет. Тот, кого он когда-то спас, принял от него огонь, чтобы нести его дальше. Цепочка не оборвётся.

В тот вечер они поднялись наверх вдвоём — старый смотритель и новый — и вместе зажгли маяк в последний раз для Эльмара и в первый для его преемника. Огонь вспыхнул, пронзая сгущавшуюся над морем тьму, — упрямый, верный, готовый светить ради одного единственного, что собьётся с пути однажды.

— Свети всегда, — сказал Эльмар, глядя на огонь. — Даже когда покажется, что светишь в пустоту. Особенно тогда.

— Всегда, — пообещал моряк. И старик понял, что может уходить спокойно. Свет на краю карты будет гореть и дальше — в надёжных руках, во имя надёжного смысла.',
        'Тот, кто принял свет', 'Прошли годы. Старый Эльмар состарился совсем и однажды понял, что больше не сможет подниматься по ста семнадцати ступеням, чтобы зажигать огонь. Пришло время, которого он так боялся, — время, когда придётся оставить маяк.

Чиновники, конечно, обрадовались бы поводу погасить «бесполезный» свет навсегда. И Эльмар не находил себе места от тревоги: неужели после стольких лет его маяк всё-таки потухнет? Неужели не станет того единственного огонька во тьме, что однажды кого-то спасёт?

Но судьба распорядилась иначе. В один прекрасный день на скалу прибыл новый смотритель — молодой, крепкий, с горящими глазами. И Эльмар сразу узнал его. Это был тот самый моряк, которого он вытащил из штормового моря много лет назад.

Эльмар не верил своим глазам. Все эти годы он со страхом думал о дне, когда придётся оставить маяк, — и боялся не за себя, а за свет, который, он был уверен, погасят без него. А судьба прислала ему лучшего из всех возможных преемников — того самого, кого этот свет однажды спас. Лучшего доказательства правоты своей жизни старик и желать не мог. Круг замкнулся: спасённый светом вернулся, чтобы хранить этот свет для других. И Эльмар понял, что его упрямство, его одинокая верность пустому морю породили не только одно спасение той штормовой ночью, но и нечто большее — живую цепь, которая теперь не оборвётся.

— Я пришёл сменить вас, — сказал моряк, теперь уже взрослый, серьёзный мужчина. — Я выучился на смотрителя маяка. Долго добивался, чтобы меня направили именно сюда. Чиновники не хотели — говорили, маяк надо закрывать. Но я не отступал. Знаете почему?

Эльмар не находил слов.

— Потому что однажды ваш свет спас мне жизнь, — продолжал моряк. — И с того дня я понял то, чему вы научили меня тогда: маяк светит ради одного. Я не мог допустить, чтобы он погас. Ведь там, в темноте, и сейчас может быть кто-то, кто собьётся с пути. Кто-то, для кого этот свет станет единственной надеждой. Как когда-то для меня. Кто-то же должен зажигать огонь. Теперь это буду я.

У старого Эльмара по щекам покатились слёзы — слёзы счастья и облегчения. Его свет не погаснет. Тот, кого он когда-то спас, принял от него огонь, чтобы нести его дальше. Цепочка не оборвётся.

В тот вечер они поднялись наверх вдвоём — старый смотритель и новый — и вместе зажгли маяк в последний раз для Эльмара и в первый для его преемника. Огонь вспыхнул, пронзая сгущавшуюся над морем тьму, — упрямый, верный, готовый светить ради одного единственного, что собьётся с пути однажды.

— Свети всегда, — сказал Эльмар, глядя на огонь. — Даже когда покажется, что светишь в пустоту. Особенно тогда.

— Всегда, — пообещал моряк. И старик понял, что может уходить спокойно. Свет на краю карты будет гореть и дальше — в надёжных руках, во имя надёжного смысла.', 'published', '2026-01-22T12:00:00+00:00', '2026-01-22T13:00:00+00:00');

    -- [47] Часовщик, что чинил время (originals)
    INSERT INTO stories (id, slug, title, status, author_id, ai_summary, created_at, updated_at) VALUES (
        '14897072-933a-5eec-bedf-37fc82dc0547', 'orig-chasovshchik-chto-chinil-vremya', 'Часовщик, что чинил время', 'published', v_author_id, 'В лавке старого часовщика чинят не только часы, но и, по слухам, само время. Девочка приносит сломанные часы покойного деда — и узнаёт, что некоторые вещи нельзя починить, зато можно понять.',
        '2026-01-17T12:00:00+00:00', '2026-04-03T11:00:00+00:00');
    INSERT INTO story_tags (story_id, tag_id) VALUES ('14897072-933a-5eec-bedf-37fc82dc0547', '10000001-0001-4001-8001-00000000000b');
    INSERT INTO story_tags (story_id, tag_id) VALUES ('14897072-933a-5eec-bedf-37fc82dc0547', '10000004-0004-4004-8004-000000000001');
    INSERT INTO story_tags (story_id, tag_id) VALUES ('14897072-933a-5eec-bedf-37fc82dc0547', '10000005-0005-4005-8005-000000000003');
    INSERT INTO story_tags (story_id, tag_id) VALUES ('14897072-933a-5eec-bedf-37fc82dc0547', '10000006-0006-4006-8006-000000000001');
    INSERT INTO story_tags (story_id, tag_id) VALUES ('14897072-933a-5eec-bedf-37fc82dc0547', '10000002-0002-4002-8002-000000000005');
    INSERT INTO story_tags (story_id, tag_id) VALUES ('14897072-933a-5eec-bedf-37fc82dc0547', '10000002-0002-4002-8002-000000000001');
    INSERT INTO chapters (id, story_id, title, content, draft_title, draft_content, status, created_at, updated_at) VALUES (
        'c9167a32-f83a-56b2-aa06-83ec410b7961', '14897072-933a-5eec-bedf-37fc82dc0547', 'Лавка, где чинят время', 'О лавке часовщика Корнелиуса по городу ходили странные слухи. Говорили, что он чинит не просто часы, а само время. Что к нему приходят те, у кого время сломалось, — застряло в горьком прошлом или мчится слишком быстро, или утекает сквозь пальцы. И будто бы старый мастер умеет всё это починить.

Большинство, конечно, считало это выдумками. Лавка как лавка — тесная, заставленная часами всех видов, наполненная их разноголосым тиканьем. А Корнелиус — обычный старик-часовщик, разве что необычайно искусный да склонный к загадочным речам. Но те, кто побывал у него с по-настоящему сломанным временем, выходили из лавки другими. И молчали о том, что произошло внутри.

Девочку звали Ника, и было ей двенадцать. Она пришла в лавку Корнелиуса в дождливый день, прижимая к груди старинные карманные часы — те, что остались от деда. Дед умер недавно, и Ника горевала так, как умеют горевать только дети, — отчаянно, беспомощно, не понимая, как теперь жить дальше.

— Они сломались, — сказала она часовщику, протягивая часы. Голос её дрожал. — В тот день, когда дедушка... когда его не стало, они остановились. И больше не идут. Говорят, вы умеете чинить время. Почините их, пожалуйста. Я хочу, чтобы они снова шли. Я хочу... я хочу, чтобы всё стало как раньше.

Корнелиус осторожно взял часы своими старыми, чуткими пальцами. Это были хорошие часы, старой работы, и они действительно стояли — стрелки замерли на одном времени, будто сам миг остановился вместе с сердцем их прежнего хозяина.

Корнелиус повидал на своём веку много горя, принесённого в его лавку под видом сломанных вещей. Люди приходили к нему чинить часы, а на деле приносили остановившееся время своих жизней — застывшее в миг утраты, разлуки, беды. И старый часовщик давно научился отличать одно от другого. Часы, что лежали сейчас перед ним, были целы — это он видел сразу. А вот время девочки, стоявшей перед ним со слезами на глазах, было сломано по-настоящему, остановлено горем в одном страшном дне. И починить требовалось именно его, а не механизм. Это была работа потруднее любой часовой — и куда более важная. Ведь шестерёнки и пружины подчиняются точному расчёту, а человеческое сердце живёт по иным, куда более тонким законам, и чтобы помочь ему пойти вновь, одного мастерства рук недостаточно — нужна мудрость целой прожитой жизни.

Старик долго разглядывал их, потом поднял глаза на девочку. И во взгляде его была такая мудрая печаль, что Ника осеклась.

— Сядь, дитя, — сказал он мягко. — Эти часы я, пожалуй, сумею починить. Механизм цел, просто запылился и заржавел от слёз — да-да, не удивляйся, слёзы попадают и в механизмы. Но прежде чем я возьмусь за работу, нам нужно поговорить. Потому что, боюсь, ты хочешь починить не совсем то, что принесла. А этого, дитя моё, не умеет даже старый Корнелиус.',
        'Лавка, где чинят время', 'О лавке часовщика Корнелиуса по городу ходили странные слухи. Говорили, что он чинит не просто часы, а само время. Что к нему приходят те, у кого время сломалось, — застряло в горьком прошлом или мчится слишком быстро, или утекает сквозь пальцы. И будто бы старый мастер умеет всё это починить.

Большинство, конечно, считало это выдумками. Лавка как лавка — тесная, заставленная часами всех видов, наполненная их разноголосым тиканьем. А Корнелиус — обычный старик-часовщик, разве что необычайно искусный да склонный к загадочным речам. Но те, кто побывал у него с по-настоящему сломанным временем, выходили из лавки другими. И молчали о том, что произошло внутри.

Девочку звали Ника, и было ей двенадцать. Она пришла в лавку Корнелиуса в дождливый день, прижимая к груди старинные карманные часы — те, что остались от деда. Дед умер недавно, и Ника горевала так, как умеют горевать только дети, — отчаянно, беспомощно, не понимая, как теперь жить дальше.

— Они сломались, — сказала она часовщику, протягивая часы. Голос её дрожал. — В тот день, когда дедушка... когда его не стало, они остановились. И больше не идут. Говорят, вы умеете чинить время. Почините их, пожалуйста. Я хочу, чтобы они снова шли. Я хочу... я хочу, чтобы всё стало как раньше.

Корнелиус осторожно взял часы своими старыми, чуткими пальцами. Это были хорошие часы, старой работы, и они действительно стояли — стрелки замерли на одном времени, будто сам миг остановился вместе с сердцем их прежнего хозяина.

Корнелиус повидал на своём веку много горя, принесённого в его лавку под видом сломанных вещей. Люди приходили к нему чинить часы, а на деле приносили остановившееся время своих жизней — застывшее в миг утраты, разлуки, беды. И старый часовщик давно научился отличать одно от другого. Часы, что лежали сейчас перед ним, были целы — это он видел сразу. А вот время девочки, стоявшей перед ним со слезами на глазах, было сломано по-настоящему, остановлено горем в одном страшном дне. И починить требовалось именно его, а не механизм. Это была работа потруднее любой часовой — и куда более важная. Ведь шестерёнки и пружины подчиняются точному расчёту, а человеческое сердце живёт по иным, куда более тонким законам, и чтобы помочь ему пойти вновь, одного мастерства рук недостаточно — нужна мудрость целой прожитой жизни.

Старик долго разглядывал их, потом поднял глаза на девочку. И во взгляде его была такая мудрая печаль, что Ника осеклась.

— Сядь, дитя, — сказал он мягко. — Эти часы я, пожалуй, сумею починить. Механизм цел, просто запылился и заржавел от слёз — да-да, не удивляйся, слёзы попадают и в механизмы. Но прежде чем я возьмусь за работу, нам нужно поговорить. Потому что, боюсь, ты хочешь починить не совсем то, что принесла. А этого, дитя моё, не умеет даже старый Корнелиус.', 'published', '2026-01-17T12:00:00+00:00', '2026-01-17T13:00:00+00:00');
    INSERT INTO chapters (id, story_id, title, content, draft_title, draft_content, status, created_at, updated_at) VALUES (
        '332aa816-fbff-5b80-a50f-3998177bafc0', '14897072-933a-5eec-bedf-37fc82dc0547', 'То, что нельзя вернуть', 'Ника не поняла слов часовщика и нахмурилась.

— Что значит — не то? Я принесла дедушкины часы. Я хочу, чтобы они шли. Разве это трудно?

— Часы — нетрудно, — отозвался Корнелиус, бережно ставя их на стол. — А вот то, чего ты хочешь на самом деле, не починит никто. Ты ведь принесла мне не сломанные часы, дитя. Ты принесла своё горе. И хочешь, чтобы я повернул время вспять — туда, где дедушка ещё жив, где всё как раньше. Часы для тебя — это то время, когда он был рядом. Я прав?

Ника замерла, и глаза её наполнились слезами. Старик попал в самую точку. Она и вправду где-то в глубине души верила: если часы пойдут снова, то и время вернётся, и дедушка как будто бы тоже.

— А разве вы не можете? — прошептала она. — Говорят же, вы чините время...

Корнелиус вздохнул и сел напротив неё.

— Послушай, что я тебе скажу, и постарайся понять, хоть это и трудно. Время — не часы. Часы можно остановить, завести заново, перевести стрелки назад. А время идёт только вперёд, и в этом его и жестокость, и милость. Я не могу вернуть тебе дедушку. Никто не может. То, что ушло, не возвращается — и если бы я взялся чинить время в этом смысле, я был бы не мастером, а обманщиком, торгующим ложной надеждой.

Ника слушала, и слова часовщика причиняли боль — но боль особую, какая бывает, когда тебе говорят правду, которую ты не хочешь слышать. В глубине души она знала, что он прав. Знала, что мёртвых не вернуть, сколько ни заводи часы. Но признать это значило окончательно отпустить надежду, за которую она цеплялась все эти месяцы, — отчаянную детскую веру, что всё ещё можно исправить, отмотать назад, вернуть. Корнелиус отнимал у неё эту ложную надежду — мягко, но твёрдо. И только много позже Ника поняла, что отнял он её не из жестокости, а из доброты, потому что ложная надежда держала её в плену горя крепче любых цепей.

Слёзы покатились по щекам Ники. Она так надеялась — а старик отнимал у неё последнюю надежду.

— Тогда зачем вы вообще нужны? — горько выкрикнула она. — Если не можете помочь!

— Я не сказал, что не могу помочь, — спокойно ответил Корнелиус. — Я сказал, что не могу вернуть прошлое. Это разные вещи. Видишь ли, дитя, чинить время — не значит поворачивать его вспять. Это значит помогать людям, у которых оно сломалось, снова научиться с ним жить. Твоё время остановилось вместе с этими часами — в дне, когда ушёл дедушка. Ты застряла в этом дне, как застряли стрелки. И моя работа — не вернуть тебя в прошлое, а помочь тебе снова пойти вперёд. Бережно. Не предавая память. Вот это я умею. Хочешь, научу?',
        'То, что нельзя вернуть', 'Ника не поняла слов часовщика и нахмурилась.

— Что значит — не то? Я принесла дедушкины часы. Я хочу, чтобы они шли. Разве это трудно?

— Часы — нетрудно, — отозвался Корнелиус, бережно ставя их на стол. — А вот то, чего ты хочешь на самом деле, не починит никто. Ты ведь принесла мне не сломанные часы, дитя. Ты принесла своё горе. И хочешь, чтобы я повернул время вспять — туда, где дедушка ещё жив, где всё как раньше. Часы для тебя — это то время, когда он был рядом. Я прав?

Ника замерла, и глаза её наполнились слезами. Старик попал в самую точку. Она и вправду где-то в глубине души верила: если часы пойдут снова, то и время вернётся, и дедушка как будто бы тоже.

— А разве вы не можете? — прошептала она. — Говорят же, вы чините время...

Корнелиус вздохнул и сел напротив неё.

— Послушай, что я тебе скажу, и постарайся понять, хоть это и трудно. Время — не часы. Часы можно остановить, завести заново, перевести стрелки назад. А время идёт только вперёд, и в этом его и жестокость, и милость. Я не могу вернуть тебе дедушку. Никто не может. То, что ушло, не возвращается — и если бы я взялся чинить время в этом смысле, я был бы не мастером, а обманщиком, торгующим ложной надеждой.

Ника слушала, и слова часовщика причиняли боль — но боль особую, какая бывает, когда тебе говорят правду, которую ты не хочешь слышать. В глубине души она знала, что он прав. Знала, что мёртвых не вернуть, сколько ни заводи часы. Но признать это значило окончательно отпустить надежду, за которую она цеплялась все эти месяцы, — отчаянную детскую веру, что всё ещё можно исправить, отмотать назад, вернуть. Корнелиус отнимал у неё эту ложную надежду — мягко, но твёрдо. И только много позже Ника поняла, что отнял он её не из жестокости, а из доброты, потому что ложная надежда держала её в плену горя крепче любых цепей.

Слёзы покатились по щекам Ники. Она так надеялась — а старик отнимал у неё последнюю надежду.

— Тогда зачем вы вообще нужны? — горько выкрикнула она. — Если не можете помочь!

— Я не сказал, что не могу помочь, — спокойно ответил Корнелиус. — Я сказал, что не могу вернуть прошлое. Это разные вещи. Видишь ли, дитя, чинить время — не значит поворачивать его вспять. Это значит помогать людям, у которых оно сломалось, снова научиться с ним жить. Твоё время остановилось вместе с этими часами — в дне, когда ушёл дедушка. Ты застряла в этом дне, как застряли стрелки. И моя работа — не вернуть тебя в прошлое, а помочь тебе снова пойти вперёд. Бережно. Не предавая память. Вот это я умею. Хочешь, научу?', 'published', '2026-01-18T12:00:00+00:00', '2026-01-18T13:00:00+00:00');
    INSERT INTO chapters (id, story_id, title, content, draft_title, draft_content, status, created_at, updated_at) VALUES (
        'b21d6e4e-c73a-5754-97a2-d6038eb5a25f', '14897072-933a-5eec-bedf-37fc82dc0547', 'Как идти дальше', 'Ника не сразу согласилась слушать — горе ещё держало её слишком крепко. Но Корнелиус был терпелив, как все настоящие часовщики, и говорил с ней мягко, день за днём, пока чинил дедушкины часы — медленно, не торопясь, чтобы у девочки было время приходить и разговаривать.

— Расскажи мне о нём, — попросил он однажды. — О дедушке. Каким он был?

И Ника начала рассказывать — сперва сквозь слёзы, а потом всё свободнее. О том, как дед учил её удить рыбу. О том, как он смешно ворчал, но всегда подсовывал ей лучший кусок. О том, как они вместе чинили старую скрипучую калитку, и как он рассказывал ей истории про своё детство. Чем больше она говорила, тем живее становился дед в её памяти — не мёртвый, застывший, как стрелки остановившихся часов, а живой, тёплый, смеющийся.

— Вот видишь, — сказал Корнелиус, слушая. — Он не исчез. Он здесь — в твоих историях, в том, чему он тебя научил, в том, как ты улыбаешься, вспоминая его. Время унесло его тело, но не унесло его. Пока ты помнишь и любишь — он с тобой. Просто иначе, чем раньше. И горе — это не стена между тобой и им. Горе — это любовь, которой больше некуда деться. Не гони его, но и не давай ему остановить твоё время навсегда.

Эти разговоры с часовщиком стали для Ники чем-то вроде лечения — медленного, бережного, как и подобает лечению глубоких ран. Корнелиус не торопил её, не давил, не сыпал готовыми утешениями, которые так раздражают горюющих. Он просто слушал и изредка ронял слова, которые западали в душу и продолжали работать в ней потом, дома, по ночам. Понемногу лёд внутри Ники таял. Дед переставал быть для неё только источником боли — застывшим, страшным фактом потери — и снова становился живым, тёплым, любимым, каким был при жизни. Память о нём из раны превращалась в опору. И это, понимала девочка, и было настоящее чудо часовщика — не магия, а мудрость.

Ника слушала, и что-то в ней понемногу оттаивало. Тяжесть на сердце не исчезала, но становилась иной — не ледяной глыбой, придавившей всё, а тихой, тёплой грустью, с которой можно было жить.

— Знаешь, что самое важное в часах? — спросил вдруг Корнелиус. — Не то, что они показывают прошедшее время. А то, что они идут дальше. Тик за тиком, в будущее. Если часы остановить, они станут просто красивой вещью, памятником одному застывшему мгновению. А если они идут — они живые. Так и человек. Застрянешь в одном дне, даже самом дорогом, — и жизнь остановится. Пойдёшь дальше, унося память с собой, — и она продолжится. Дедушка хотел бы, чтобы твои часы шли, Ника. Чтобы ты жила. Поверь старому часовщику.

Девочка долго молчала. А потом медленно кивнула — впервые с того страшного дня по-настоящему.',
        'Как идти дальше', 'Ника не сразу согласилась слушать — горе ещё держало её слишком крепко. Но Корнелиус был терпелив, как все настоящие часовщики, и говорил с ней мягко, день за днём, пока чинил дедушкины часы — медленно, не торопясь, чтобы у девочки было время приходить и разговаривать.

— Расскажи мне о нём, — попросил он однажды. — О дедушке. Каким он был?

И Ника начала рассказывать — сперва сквозь слёзы, а потом всё свободнее. О том, как дед учил её удить рыбу. О том, как он смешно ворчал, но всегда подсовывал ей лучший кусок. О том, как они вместе чинили старую скрипучую калитку, и как он рассказывал ей истории про своё детство. Чем больше она говорила, тем живее становился дед в её памяти — не мёртвый, застывший, как стрелки остановившихся часов, а живой, тёплый, смеющийся.

— Вот видишь, — сказал Корнелиус, слушая. — Он не исчез. Он здесь — в твоих историях, в том, чему он тебя научил, в том, как ты улыбаешься, вспоминая его. Время унесло его тело, но не унесло его. Пока ты помнишь и любишь — он с тобой. Просто иначе, чем раньше. И горе — это не стена между тобой и им. Горе — это любовь, которой больше некуда деться. Не гони его, но и не давай ему остановить твоё время навсегда.

Эти разговоры с часовщиком стали для Ники чем-то вроде лечения — медленного, бережного, как и подобает лечению глубоких ран. Корнелиус не торопил её, не давил, не сыпал готовыми утешениями, которые так раздражают горюющих. Он просто слушал и изредка ронял слова, которые западали в душу и продолжали работать в ней потом, дома, по ночам. Понемногу лёд внутри Ники таял. Дед переставал быть для неё только источником боли — застывшим, страшным фактом потери — и снова становился живым, тёплым, любимым, каким был при жизни. Память о нём из раны превращалась в опору. И это, понимала девочка, и было настоящее чудо часовщика — не магия, а мудрость.

Ника слушала, и что-то в ней понемногу оттаивало. Тяжесть на сердце не исчезала, но становилась иной — не ледяной глыбой, придавившей всё, а тихой, тёплой грустью, с которой можно было жить.

— Знаешь, что самое важное в часах? — спросил вдруг Корнелиус. — Не то, что они показывают прошедшее время. А то, что они идут дальше. Тик за тиком, в будущее. Если часы остановить, они станут просто красивой вещью, памятником одному застывшему мгновению. А если они идут — они живые. Так и человек. Застрянешь в одном дне, даже самом дорогом, — и жизнь остановится. Пойдёшь дальше, унося память с собой, — и она продолжится. Дедушка хотел бы, чтобы твои часы шли, Ника. Чтобы ты жила. Поверь старому часовщику.

Девочка долго молчала. А потом медленно кивнула — впервые с того страшного дня по-настоящему.', 'published', '2026-01-19T12:00:00+00:00', '2026-01-19T13:00:00+00:00');
    INSERT INTO chapters (id, story_id, title, content, draft_title, draft_content, status, created_at, updated_at) VALUES (
        'b0a48c9d-49f1-569c-ac1a-a79b7353b14f', '14897072-933a-5eec-bedf-37fc82dc0547', 'Часы снова идут', 'В день, когда Корнелиус закончил работу, дедушкины часы снова пошли. Старик завёл их, и тихое, ровное тиканье наполнило лавку — будто крошечное сердце забилось вновь. Ника слушала это тиканье, и на глазах её были слёзы, но уже не те, горькие, что прежде. Светлые.

— Они идут, — прошептала она.

— Идут, — кивнул Корнелиус, вкладывая часы в её ладони. — Механизм был цел, я лишь очистил его и смазал. Но запомни, дитя: я починил часы. А то, что было в тебе сломано, — то ты починила сама. Я только показал тебе как. Часы снова идут, потому что и ты снова готова идти дальше. Одно без другого не имело бы смысла.

Ника прижала тёплые, тикающие часы к груди. Теперь они значили для неё совсем не то, что в день, когда она пришла в лавку. Тогда она хотела через них вернуть прошлое, остановить время, удержать ушедшего. Теперь они стали другим — не якорем, тянущим назад, а спутником, идущим вместе с ней вперёд. Памятью о дедушке, которая не приковывала к горю, а согревала в пути.

— Спасибо, — сказала она. — Я думала, вы вернёте мне прошлое. А вы вернули мне будущее. Это, наверное, и есть — чинить время по-настоящему.

Старый часовщик улыбнулся, и в этой улыбке была вся мудрость его долгих лет.

В этой улыбке была не только мудрость, но и тихая радость мастера, чья работа удалась. Корнелиус починил на своём веку бесчисленное множество часов, но эта работа была из тех, что он ценил превыше всех, — потому что чинил он не механизм, а человека. Девочка пришла к нему раздавленной горем, застрявшей в одном страшном дне, а уходила живой, готовой идти дальше. Старый часовщик знал, что не всем удаётся помочь так. Иные приходили к нему со сломанным временем и уходили ни с чем — не потому, что он не умел, а потому, что они сами не были готовы исцелиться. Ника была готова. И в этом была главная её заслуга.

— Ты понятливая девочка, — сказал он. — Большинству нужны годы, чтобы это понять. А иные не понимают и до конца жизни — так и остаются с остановившимися часами в застывшем дне. Ты пошла дальше. И это самое лучшее, что ты могла сделать — для себя и в память о том, кто тебя любил.

Ника вышла из лавки в солнечный день — дождь давно кончился. Дедушкины часы тикали в её кармане, отсчитывая не утраченное прошлое, а наступающее будущее, шаг за шагом, тик за тиком. И впервые за долгое время девочке хотелось жить дальше — удить рыбу, чинить скрипучие калитки, рассказывать когда-нибудь своим внукам истории про замечательного дедушку, которого время унесло, но не отняло.

А в тесной лавке, полной разноголосого тиканья, старый Корнелиус взялся за следующие часы — за следующее сломанное время, которое нужно было не вернуть назад, а научить идти вперёд. Такая уж у него была работа. Самая важная в мире, хоть о ней и ходили по городу лишь странные, недоверчивые слухи.',
        'Часы снова идут', 'В день, когда Корнелиус закончил работу, дедушкины часы снова пошли. Старик завёл их, и тихое, ровное тиканье наполнило лавку — будто крошечное сердце забилось вновь. Ника слушала это тиканье, и на глазах её были слёзы, но уже не те, горькие, что прежде. Светлые.

— Они идут, — прошептала она.

— Идут, — кивнул Корнелиус, вкладывая часы в её ладони. — Механизм был цел, я лишь очистил его и смазал. Но запомни, дитя: я починил часы. А то, что было в тебе сломано, — то ты починила сама. Я только показал тебе как. Часы снова идут, потому что и ты снова готова идти дальше. Одно без другого не имело бы смысла.

Ника прижала тёплые, тикающие часы к груди. Теперь они значили для неё совсем не то, что в день, когда она пришла в лавку. Тогда она хотела через них вернуть прошлое, остановить время, удержать ушедшего. Теперь они стали другим — не якорем, тянущим назад, а спутником, идущим вместе с ней вперёд. Памятью о дедушке, которая не приковывала к горю, а согревала в пути.

— Спасибо, — сказала она. — Я думала, вы вернёте мне прошлое. А вы вернули мне будущее. Это, наверное, и есть — чинить время по-настоящему.

Старый часовщик улыбнулся, и в этой улыбке была вся мудрость его долгих лет.

В этой улыбке была не только мудрость, но и тихая радость мастера, чья работа удалась. Корнелиус починил на своём веку бесчисленное множество часов, но эта работа была из тех, что он ценил превыше всех, — потому что чинил он не механизм, а человека. Девочка пришла к нему раздавленной горем, застрявшей в одном страшном дне, а уходила живой, готовой идти дальше. Старый часовщик знал, что не всем удаётся помочь так. Иные приходили к нему со сломанным временем и уходили ни с чем — не потому, что он не умел, а потому, что они сами не были готовы исцелиться. Ника была готова. И в этом была главная её заслуга.

— Ты понятливая девочка, — сказал он. — Большинству нужны годы, чтобы это понять. А иные не понимают и до конца жизни — так и остаются с остановившимися часами в застывшем дне. Ты пошла дальше. И это самое лучшее, что ты могла сделать — для себя и в память о том, кто тебя любил.

Ника вышла из лавки в солнечный день — дождь давно кончился. Дедушкины часы тикали в её кармане, отсчитывая не утраченное прошлое, а наступающее будущее, шаг за шагом, тик за тиком. И впервые за долгое время девочке хотелось жить дальше — удить рыбу, чинить скрипучие калитки, рассказывать когда-нибудь своим внукам истории про замечательного дедушку, которого время унесло, но не отняло.

А в тесной лавке, полной разноголосого тиканья, старый Корнелиус взялся за следующие часы — за следующее сломанное время, которое нужно было не вернуть назад, а научить идти вперёд. Такая уж у него была работа. Самая важная в мире, хоть о ней и ходили по городу лишь странные, недоверчивые слухи.', 'published', '2026-01-20T12:00:00+00:00', '2026-01-20T13:00:00+00:00');

    -- [48] Письма из ниоткуда (originals)
    INSERT INTO stories (id, slug, title, status, author_id, ai_summary, created_at, updated_at) VALUES (
        'ba992619-3850-56ea-a765-20c9e06edf70', 'orig-pisma-iz-niotkuda', 'Письма из ниоткуда', 'published', v_author_id, 'Почтальон маленького городка начинает получать письма без обратного адреса, адресованные людям, которые давно их ждали. Кто-то возвращает несказанные слова — но кто?',
        '2026-01-15T12:00:00+00:00', '2026-04-02T10:00:00+00:00');
    INSERT INTO story_tags (story_id, tag_id) VALUES ('ba992619-3850-56ea-a765-20c9e06edf70', '10000001-0001-4001-8001-00000000000b');
    INSERT INTO story_tags (story_id, tag_id) VALUES ('ba992619-3850-56ea-a765-20c9e06edf70', '10000004-0004-4004-8004-000000000002');
    INSERT INTO story_tags (story_id, tag_id) VALUES ('ba992619-3850-56ea-a765-20c9e06edf70', '10000005-0005-4005-8005-000000000003');
    INSERT INTO story_tags (story_id, tag_id) VALUES ('ba992619-3850-56ea-a765-20c9e06edf70', '10000006-0006-4006-8006-000000000001');
    INSERT INTO story_tags (story_id, tag_id) VALUES ('ba992619-3850-56ea-a765-20c9e06edf70', '10000002-0002-4002-8002-000000000003');
    INSERT INTO story_tags (story_id, tag_id) VALUES ('ba992619-3850-56ea-a765-20c9e06edf70', '10000002-0002-4002-8002-000000000001');
    INSERT INTO chapters (id, story_id, title, content, draft_title, draft_content, status, created_at, updated_at) VALUES (
        '02276fcd-36a3-5b73-bced-02a26baf67be', 'ba992619-3850-56ea-a765-20c9e06edf70', 'Письмо без адреса', 'Почтальон Тобиас разносил письма в маленьком городке уже двадцать лет и знал всех жителей наперечёт. Поэтому, когда в его сумке однажды оказалось странное письмо, он сразу заподозрил неладное.

Письмо было без обратного адреса и без марки — будто его не отправляли по почте, а просто подложили в его сумку. Адресовано оно было старой вдове Марте, что жила на окраине. А почерк на конверте Тобиас узнал не сразу, а узнав, похолодел: так писал покойный муж Марты, скончавшийся три года назад. Тобиас хорошо помнил его руку — сам годами носил его письма.

Это было невозможно. Мёртвые не пишут писем. И всё же письмо лежало в сумке, настоящее, с настоящим почерком покойника. Тобиас долго колебался — отдавать ли его вдове, не жестокая ли это чья-то шутка. Но в конце концов рассудил, что не вправе решать за Марту, и отнёс письмо ей.

Вдова, увидев почерк, побледнела, а потом расплакалась. Она ушла читать письмо в дом, а вернувшись на порог, была уже другой — будто помолодевшей, со светом в глазах, какого Тобиас не видел у неё с самой смерти мужа.

— Спасибо, Тобиас, — сказала она тихо. — Ты не представляешь, что ты мне принёс. Он написал то, что не успел сказать при жизни. Я три года мучилась, что мы расстались в то утро в ссоре, что последними нашими словами были злые слова. А теперь... теперь я знаю, что он меня простил. Что любил до конца. Откуда это письмо, Тобиас? Как это возможно?

Почтальон не знал ответа. Он только развёл руками. Но с того дня странные письма стали появляться в его сумке снова и снова. Без марок, без обратных адресов, написанные разными почерками — и всегда адресованные тем, кто отчаянно ждал именно этих слов.

Письмо матери от сына, погибшего на чужбине, — с теми словами прощания, которых она не услышала. Письмо поссорившимся когда-то братьям — будто от их давно умершего отца, мирившего их даже из могилы. Письмо одинокому старику — от друга юности, о котором тот думал, что забыт. Каждое письмо несло несказанное, незавершённое, то, что болело в людях годами. И каждое исцеляло.

Тобиас, разнося эти странные письма, чувствовал себя причастным к чему-то большому и таинственному. Он видел, как менялись люди, получив их. Как разглаживались морщины горечи на лицах, как возвращался свет в потухшие глаза, как старые раны, годами не дававшие покоя, наконец затягивались. Несказанное слово, дошедшее наконец до адресата, обладало, оказывается, целительной силой, какой не было ни у одного лекарства. Тобиас не понимал, откуда берутся эти письма, но видел плоды и знал твёрдо: что бы за этим ни стояло, оно несёт людям добро. И от этого простая работа почтальона обретала смысл, какого он не знал за все двадцать лет службы.

Тобиас понял, что стал почтальоном чего-то большего, чем обычная почта. Но кто писал эти письма из ниоткуда — он не знал. И решил выяснить.',
        'Письмо без адреса', 'Почтальон Тобиас разносил письма в маленьком городке уже двадцать лет и знал всех жителей наперечёт. Поэтому, когда в его сумке однажды оказалось странное письмо, он сразу заподозрил неладное.

Письмо было без обратного адреса и без марки — будто его не отправляли по почте, а просто подложили в его сумку. Адресовано оно было старой вдове Марте, что жила на окраине. А почерк на конверте Тобиас узнал не сразу, а узнав, похолодел: так писал покойный муж Марты, скончавшийся три года назад. Тобиас хорошо помнил его руку — сам годами носил его письма.

Это было невозможно. Мёртвые не пишут писем. И всё же письмо лежало в сумке, настоящее, с настоящим почерком покойника. Тобиас долго колебался — отдавать ли его вдове, не жестокая ли это чья-то шутка. Но в конце концов рассудил, что не вправе решать за Марту, и отнёс письмо ей.

Вдова, увидев почерк, побледнела, а потом расплакалась. Она ушла читать письмо в дом, а вернувшись на порог, была уже другой — будто помолодевшей, со светом в глазах, какого Тобиас не видел у неё с самой смерти мужа.

— Спасибо, Тобиас, — сказала она тихо. — Ты не представляешь, что ты мне принёс. Он написал то, что не успел сказать при жизни. Я три года мучилась, что мы расстались в то утро в ссоре, что последними нашими словами были злые слова. А теперь... теперь я знаю, что он меня простил. Что любил до конца. Откуда это письмо, Тобиас? Как это возможно?

Почтальон не знал ответа. Он только развёл руками. Но с того дня странные письма стали появляться в его сумке снова и снова. Без марок, без обратных адресов, написанные разными почерками — и всегда адресованные тем, кто отчаянно ждал именно этих слов.

Письмо матери от сына, погибшего на чужбине, — с теми словами прощания, которых она не услышала. Письмо поссорившимся когда-то братьям — будто от их давно умершего отца, мирившего их даже из могилы. Письмо одинокому старику — от друга юности, о котором тот думал, что забыт. Каждое письмо несло несказанное, незавершённое, то, что болело в людях годами. И каждое исцеляло.

Тобиас, разнося эти странные письма, чувствовал себя причастным к чему-то большому и таинственному. Он видел, как менялись люди, получив их. Как разглаживались морщины горечи на лицах, как возвращался свет в потухшие глаза, как старые раны, годами не дававшие покоя, наконец затягивались. Несказанное слово, дошедшее наконец до адресата, обладало, оказывается, целительной силой, какой не было ни у одного лекарства. Тобиас не понимал, откуда берутся эти письма, но видел плоды и знал твёрдо: что бы за этим ни стояло, оно несёт людям добро. И от этого простая работа почтальона обретала смысл, какого он не знал за все двадцать лет службы.

Тобиас понял, что стал почтальоном чего-то большего, чем обычная почта. Но кто писал эти письма из ниоткуда — он не знал. И решил выяснить.', 'published', '2026-01-15T12:00:00+00:00', '2026-01-15T13:00:00+00:00');
    INSERT INTO chapters (id, story_id, title, content, draft_title, draft_content, status, created_at, updated_at) VALUES (
        '138b1230-8f64-5c26-88c2-4690e32e5043', 'ba992619-3850-56ea-a765-20c9e06edf70', 'Тот, кто пишет', 'Тобиас начал следить за своей сумкой. Он запирал её на ночь, проверял каждое утро, караулил — но письма из ниоткуда всё равно появлялись, необъяснимо, без следов. Это сводило его с ума. Он чувствовал, что разгадка близко, но никак не мог её ухватить.

Загадка не давала Тобиасу покоя ни днём, ни ночью. Он был человеком обстоятельным, не верившим в чудеса и привидения, и упрямо искал разумное объяснение. Письма не могли браться из ниоткуда — у всего есть причина, твердил он себе. Кто-то их пишет, кто-то подкладывает, кто-то знает адресатов и их давние беды. Но кто? И зачем такая таинственность? Чем дольше Тобиас бился над загадкой, тем сильнее она его захватывала — не как угроза, а как тайна, за которой, он чувствовал, кроется что-то светлое. И он твёрдо решил докопаться до истины, не подозревая, что разгадка ждёт его в пыльном архиве, мимо которого он ходил годами.

Развязка пришла неожиданно. Однажды, разбирая старый архив на почте — пыльные залежи писем, которые по разным причинам так и не были доставлены за десятилетия, — Тобиас наткнулся на нечто странное. Среди старых недоставленных писем он узнал тот самый почерк — почерк покойного мужа Марты. Письмо было настоящее, старое, запылившееся, написанное ещё при жизни этого человека, — но так и не отправленное, застрявшее в архиве по чьей-то давней оплошности.

И тут Тобиаса осенило. Он стал разбирать архив дальше — и находил всё новые недоставленные письма. Сотни, тысячи. Письма, которые люди писали, но не успели или не решились отправить. Письма, застрявшие в почтовых завалах на годы и десятилетия. Письма от тех, кого уже не было в живых, тем, кто всё ещё ждал.

«Письма из ниоткуда» приходили не из загробного мира. Они приходили из этого пыльного архива — из залежей несказанного, накопленного за долгие годы. Кто-то находил их и доставлял по адресу, спустя годы после написания, тем, кому они предназначались.

Но кто? Тобиас сам не делал этого. Он стал расспрашивать — осторожно, и наконец правда открылась. Это был старый Себастьян, бывший почтальон, которого Тобиас когда-то сменил на этом посту. Старик давно ушёл на покой, но, как выяснилось, не оставил своего дела до конца.

Тобиас нашёл его в маленьком домике на краю городка — совсем дряхлого, полуслепого, но с ясными, добрыми глазами. На столе перед стариком лежали стопки старых писем и большая лупа.

— Так это вы, — сказал Тобиас. — Вы подкладываете письма в мою сумку. Письма из архива.

Себастьян улыбнулся, не отрицая.

— Садись, сынок, — сказал он. — Раз нашёл меня, значит, пора передать тебе это дело. Я уж стар, глаза не те, скоро совсем не смогу. А письма ждать не должны. Они и так ждали слишком долго.',
        'Тот, кто пишет', 'Тобиас начал следить за своей сумкой. Он запирал её на ночь, проверял каждое утро, караулил — но письма из ниоткуда всё равно появлялись, необъяснимо, без следов. Это сводило его с ума. Он чувствовал, что разгадка близко, но никак не мог её ухватить.

Загадка не давала Тобиасу покоя ни днём, ни ночью. Он был человеком обстоятельным, не верившим в чудеса и привидения, и упрямо искал разумное объяснение. Письма не могли браться из ниоткуда — у всего есть причина, твердил он себе. Кто-то их пишет, кто-то подкладывает, кто-то знает адресатов и их давние беды. Но кто? И зачем такая таинственность? Чем дольше Тобиас бился над загадкой, тем сильнее она его захватывала — не как угроза, а как тайна, за которой, он чувствовал, кроется что-то светлое. И он твёрдо решил докопаться до истины, не подозревая, что разгадка ждёт его в пыльном архиве, мимо которого он ходил годами.

Развязка пришла неожиданно. Однажды, разбирая старый архив на почте — пыльные залежи писем, которые по разным причинам так и не были доставлены за десятилетия, — Тобиас наткнулся на нечто странное. Среди старых недоставленных писем он узнал тот самый почерк — почерк покойного мужа Марты. Письмо было настоящее, старое, запылившееся, написанное ещё при жизни этого человека, — но так и не отправленное, застрявшее в архиве по чьей-то давней оплошности.

И тут Тобиаса осенило. Он стал разбирать архив дальше — и находил всё новые недоставленные письма. Сотни, тысячи. Письма, которые люди писали, но не успели или не решились отправить. Письма, застрявшие в почтовых завалах на годы и десятилетия. Письма от тех, кого уже не было в живых, тем, кто всё ещё ждал.

«Письма из ниоткуда» приходили не из загробного мира. Они приходили из этого пыльного архива — из залежей несказанного, накопленного за долгие годы. Кто-то находил их и доставлял по адресу, спустя годы после написания, тем, кому они предназначались.

Но кто? Тобиас сам не делал этого. Он стал расспрашивать — осторожно, и наконец правда открылась. Это был старый Себастьян, бывший почтальон, которого Тобиас когда-то сменил на этом посту. Старик давно ушёл на покой, но, как выяснилось, не оставил своего дела до конца.

Тобиас нашёл его в маленьком домике на краю городка — совсем дряхлого, полуслепого, но с ясными, добрыми глазами. На столе перед стариком лежали стопки старых писем и большая лупа.

— Так это вы, — сказал Тобиас. — Вы подкладываете письма в мою сумку. Письма из архива.

Себастьян улыбнулся, не отрицая.

— Садись, сынок, — сказал он. — Раз нашёл меня, значит, пора передать тебе это дело. Я уж стар, глаза не те, скоро совсем не смогу. А письма ждать не должны. Они и так ждали слишком долго.', 'published', '2026-01-16T12:00:00+00:00', '2026-01-16T13:00:00+00:00');
    INSERT INTO chapters (id, story_id, title, content, draft_title, draft_content, status, created_at, updated_at) VALUES (
        '97bd9c89-042a-59f9-bf56-8eed52bd65bb', 'ba992619-3850-56ea-a765-20c9e06edf70', 'Несказанное', 'Старый Себастьян рассказал Тобиасу свою тайну. Уйдя на покой, он не смог расстаться с почтой и однажды получил разрешение разобрать старый архив недоставленных писем — просто чтобы навести порядок. И то, что он там нашёл, перевернуло его.

— Тысячи писем, сынок, — говорил он, перебирая пожелтевшие конверты. — Тысячи слов, которые так и не дошли. Из-за ошибки, из-за лени, из-за войны, из-за того, что адресат переехал, а письмо затерялось. Целые судьбы застряли в этих завалах. Признания, прощения, прощания, слова любви — всё то, что люди не сказали вслух, доверили бумаге, а бумага так и не дошла. Я читал их и плакал. Сколько горя оттого, что нужные слова не дошли вовремя!

Он поднял на Тобиаса слезящиеся глаза.

— И я решил: пусть дойдут. Пусть с опозданием в годы, в десятилетия, — но дойдут. Я стал разыскивать адресатов или их близких. Не всех удавалось найти, многие уже умерли. Но тех, кого находил, — тем доставлял. Тайно, через тебя, чтобы не пугать людей странным стариком. Я знаю, многие письма от тех, кого уже нет. Но слова-то живые. И тот, кто их ждал, имеет право их получить. Даже спустя годы. Даже после смерти написавшего. Несказанное должно быть сказано, сынок. Рано или поздно. Иначе оно превращается в незаживающую рану.

Тобиас слушал, потрясённый. Он-то думал, что разносит обычную почту. А оказалось, рядом всё это время старик в одиночку делал тихое, огромное дело — возвращал людям несказанное, исцелял старые раны, доставлял слова, опоздавшие на целую жизнь.

Тобиас слушал старика, и в груди у него теснились чувства, которым он не находил названия. Перед ним сидел человек, который в полном одиночестве, без награды и признания, делал работу, достойную целого ведомства. Он мог бы доживать свой век в покое, как все старики, — а вместо этого сутками разбирал пыльные завалы, разыскивал адресатов, доносил опоздавшие на десятилетия слова. И всё ради чего? Ради того, чтобы чужая, давно умолкшая любовь или прощение всё-таки дошли до тех, кто их ждал. Тобиас понял, что встретил редкого человека — из тех тихих праведников, на которых, должно быть, и держится незаметно весь мир.

— Но почему тайно? — спросил Тобиас. — Это же благое дело. Вы могли бы делать это открыто, вам бы помогли.

— Может, и так, — пожал плечами Себастьян. — Но я боялся, что не поймут. Скажут: блажь старика, ворошить старые письма. А может, и запретят — мол, не положено, тайна переписки, то да сё. А письма ждать не могут. Я просто делал, что мог, как умел. Тихо. Теперь вот силы кончаются. И я рад, что ты меня нашёл. Потому что архив огромен, сынок. Там ещё тысячи слов, которые ждут. И кто-то должен их донести.',
        'Несказанное', 'Старый Себастьян рассказал Тобиасу свою тайну. Уйдя на покой, он не смог расстаться с почтой и однажды получил разрешение разобрать старый архив недоставленных писем — просто чтобы навести порядок. И то, что он там нашёл, перевернуло его.

— Тысячи писем, сынок, — говорил он, перебирая пожелтевшие конверты. — Тысячи слов, которые так и не дошли. Из-за ошибки, из-за лени, из-за войны, из-за того, что адресат переехал, а письмо затерялось. Целые судьбы застряли в этих завалах. Признания, прощения, прощания, слова любви — всё то, что люди не сказали вслух, доверили бумаге, а бумага так и не дошла. Я читал их и плакал. Сколько горя оттого, что нужные слова не дошли вовремя!

Он поднял на Тобиаса слезящиеся глаза.

— И я решил: пусть дойдут. Пусть с опозданием в годы, в десятилетия, — но дойдут. Я стал разыскивать адресатов или их близких. Не всех удавалось найти, многие уже умерли. Но тех, кого находил, — тем доставлял. Тайно, через тебя, чтобы не пугать людей странным стариком. Я знаю, многие письма от тех, кого уже нет. Но слова-то живые. И тот, кто их ждал, имеет право их получить. Даже спустя годы. Даже после смерти написавшего. Несказанное должно быть сказано, сынок. Рано или поздно. Иначе оно превращается в незаживающую рану.

Тобиас слушал, потрясённый. Он-то думал, что разносит обычную почту. А оказалось, рядом всё это время старик в одиночку делал тихое, огромное дело — возвращал людям несказанное, исцелял старые раны, доставлял слова, опоздавшие на целую жизнь.

Тобиас слушал старика, и в груди у него теснились чувства, которым он не находил названия. Перед ним сидел человек, который в полном одиночестве, без награды и признания, делал работу, достойную целого ведомства. Он мог бы доживать свой век в покое, как все старики, — а вместо этого сутками разбирал пыльные завалы, разыскивал адресатов, доносил опоздавшие на десятилетия слова. И всё ради чего? Ради того, чтобы чужая, давно умолкшая любовь или прощение всё-таки дошли до тех, кто их ждал. Тобиас понял, что встретил редкого человека — из тех тихих праведников, на которых, должно быть, и держится незаметно весь мир.

— Но почему тайно? — спросил Тобиас. — Это же благое дело. Вы могли бы делать это открыто, вам бы помогли.

— Может, и так, — пожал плечами Себастьян. — Но я боялся, что не поймут. Скажут: блажь старика, ворошить старые письма. А может, и запретят — мол, не положено, тайна переписки, то да сё. А письма ждать не могут. Я просто делал, что мог, как умел. Тихо. Теперь вот силы кончаются. И я рад, что ты меня нашёл. Потому что архив огромен, сынок. Там ещё тысячи слов, которые ждут. И кто-то должен их донести.', 'published', '2026-01-17T12:00:00+00:00', '2026-01-17T13:00:00+00:00');
    INSERT INTO chapters (id, story_id, title, content, draft_title, draft_content, status, created_at, updated_at) VALUES (
        '1afd0344-1918-59af-9d98-c566ec577e77', 'ba992619-3850-56ea-a765-20c9e06edf70', 'Почтальон несказанного', 'Тобиас принял дело старого Себастьяна. Не сразу — поначалу он сомневался, по силам ли ему такая ноша. Но, разобрав вместе со стариком первые стопки писем, прочитав первые застрявшие на десятилетия слова, он понял, что не сможет теперь это бросить. Слишком много несказанного ждало своего часа.

Старый Себастьян учил его своему тихому ремеслу: как разыскивать адресатов спустя годы, как находить их потомков, если самих уже нет в живых, как бережно доставлять письма, чтобы не ранить, а исцелить. Это была кропотливая, незаметная работа — детективная и милосердная разом. И Тобиас отдался ей всем сердцем.

Себастьян умер той же зимой — тихо, во сне, с улыбкой на лице, как умирают люди, завершившие своё дело и передавшие его в надёжные руки. Тобиас похоронил его и продолжил начатое. Теперь «письма из ниоткуда» доставлял он.

Год за годом он разбирал бездонный архив несказанного. Возвращал матерям последние слова погибших сыновей. Мирил враждовавших родственников письмами их давно умерших предков. Доносил признания в любви, опоздавшие на полвека, до седых уже стариков и старух, что когда-то их ждали. Каждое доставленное письмо исцеляло чью-то старую рану, закрывало чей-то незавершённый счёт с прошлым.

Со временем Тобиас понял, что Себастьян передал ему не просто странное хобби, а призвание. Разбирая архив, он раз за разом убеждался: за каждым пожелтевшим конвертом стоит живая человеческая драма — недосказанность, что мучила кого-то годами. Вот письмо, которое примирило бы поссорившихся, дойди оно вовремя. Вот признание, которое спасло бы чью-то любовь. Вот прощение, которого человек ждал до самой смерти и не дождался. Все эти слова застряли в пути по нелепой случайности — и всё же не пропали, дождавшись своего почтальона. И Тобиас нёс их дальше, чувствуя, что нет на свете работы важнее, чем возвращать людям несказанное, пусть и с опозданием на целую жизнь.

Люди в городке так и не узнали до конца, откуда берутся эти чудесные письма. Ходили слухи, легенды, кто-то верил в чудо, кто-то в призраков. Тобиас не разубеждал. Он просто делал своё дело — тихо, как делал его Себастьян, как, он надеялся, будет делать тот, кому он сам однажды передаст архив.

Потому что Тобиас понял главную правду этого ремесла: несказанное не умирает вместе с тем, кто не сказал. Оно ждёт. Иногда годы, иногда десятилетия. И пока есть тот, кто готов донести застрявшее слово до того, кто его ждёт, — ни одна любовь, ни одно прощение, ни одно прощание не пропадает зря. Просто иногда им нужен почтальон несказанного. Терпеливый, добрый, верный. Такой, каким был старый Себастьян. Такой, каким теперь стал Тобиас.

И каждое утро, беря в руки очередное застрявшее на десятилетия письмо, он думал об одном: где-то ждёт человек, для которого эти опоздавшие слова станут целым миром. Нужно только их донести. И Тобиас доносил.',
        'Почтальон несказанного', 'Тобиас принял дело старого Себастьяна. Не сразу — поначалу он сомневался, по силам ли ему такая ноша. Но, разобрав вместе со стариком первые стопки писем, прочитав первые застрявшие на десятилетия слова, он понял, что не сможет теперь это бросить. Слишком много несказанного ждало своего часа.

Старый Себастьян учил его своему тихому ремеслу: как разыскивать адресатов спустя годы, как находить их потомков, если самих уже нет в живых, как бережно доставлять письма, чтобы не ранить, а исцелить. Это была кропотливая, незаметная работа — детективная и милосердная разом. И Тобиас отдался ей всем сердцем.

Себастьян умер той же зимой — тихо, во сне, с улыбкой на лице, как умирают люди, завершившие своё дело и передавшие его в надёжные руки. Тобиас похоронил его и продолжил начатое. Теперь «письма из ниоткуда» доставлял он.

Год за годом он разбирал бездонный архив несказанного. Возвращал матерям последние слова погибших сыновей. Мирил враждовавших родственников письмами их давно умерших предков. Доносил признания в любви, опоздавшие на полвека, до седых уже стариков и старух, что когда-то их ждали. Каждое доставленное письмо исцеляло чью-то старую рану, закрывало чей-то незавершённый счёт с прошлым.

Со временем Тобиас понял, что Себастьян передал ему не просто странное хобби, а призвание. Разбирая архив, он раз за разом убеждался: за каждым пожелтевшим конвертом стоит живая человеческая драма — недосказанность, что мучила кого-то годами. Вот письмо, которое примирило бы поссорившихся, дойди оно вовремя. Вот признание, которое спасло бы чью-то любовь. Вот прощение, которого человек ждал до самой смерти и не дождался. Все эти слова застряли в пути по нелепой случайности — и всё же не пропали, дождавшись своего почтальона. И Тобиас нёс их дальше, чувствуя, что нет на свете работы важнее, чем возвращать людям несказанное, пусть и с опозданием на целую жизнь.

Люди в городке так и не узнали до конца, откуда берутся эти чудесные письма. Ходили слухи, легенды, кто-то верил в чудо, кто-то в призраков. Тобиас не разубеждал. Он просто делал своё дело — тихо, как делал его Себастьян, как, он надеялся, будет делать тот, кому он сам однажды передаст архив.

Потому что Тобиас понял главную правду этого ремесла: несказанное не умирает вместе с тем, кто не сказал. Оно ждёт. Иногда годы, иногда десятилетия. И пока есть тот, кто готов донести застрявшее слово до того, кто его ждёт, — ни одна любовь, ни одно прощение, ни одно прощание не пропадает зря. Просто иногда им нужен почтальон несказанного. Терпеливый, добрый, верный. Такой, каким был старый Себастьян. Такой, каким теперь стал Тобиас.

И каждое утро, беря в руки очередное застрявшее на десятилетия письмо, он думал об одном: где-то ждёт человек, для которого эти опоздавшие слова станут целым миром. Нужно только их донести. И Тобиас доносил.', 'published', '2026-01-18T12:00:00+00:00', '2026-01-18T13:00:00+00:00');

    -- [49] Хранительница последнего сада (originals)
    INSERT INTO stories (id, slug, title, status, author_id, ai_summary, created_at, updated_at) VALUES (
        '4242d5bd-df8d-559d-87bf-5df8fb9097a8', 'orig-hranitelnica-poslednego-sada', 'Хранительница последнего сада', 'published', v_author_id, 'После того как мир оскудел и зелень почти исчезла, девушка хранит последний живой сад под стеклянным куполом. Она бережёт не растения — она бережёт надежду на то, что земля оживёт.',
        '2026-01-13T12:00:00+00:00', '2026-04-01T09:00:00+00:00');
    INSERT INTO story_tags (story_id, tag_id) VALUES ('4242d5bd-df8d-559d-87bf-5df8fb9097a8', '10000001-0001-4001-8001-00000000000b');
    INSERT INTO story_tags (story_id, tag_id) VALUES ('4242d5bd-df8d-559d-87bf-5df8fb9097a8', '10000004-0004-4004-8004-000000000001');
    INSERT INTO story_tags (story_id, tag_id) VALUES ('4242d5bd-df8d-559d-87bf-5df8fb9097a8', '10000005-0005-4005-8005-000000000002');
    INSERT INTO story_tags (story_id, tag_id) VALUES ('4242d5bd-df8d-559d-87bf-5df8fb9097a8', '10000006-0006-4006-8006-000000000001');
    INSERT INTO story_tags (story_id, tag_id) VALUES ('4242d5bd-df8d-559d-87bf-5df8fb9097a8', '10000002-0002-4002-8002-000000000005');
    INSERT INTO story_tags (story_id, tag_id) VALUES ('4242d5bd-df8d-559d-87bf-5df8fb9097a8', '10000002-0002-4002-8002-000000000001');
    INSERT INTO chapters (id, story_id, title, content, draft_title, draft_content, status, created_at, updated_at) VALUES (
        'b61c8f72-2f20-5abf-8eaa-b4fe9455313b', '4242d5bd-df8d-559d-87bf-5df8fb9097a8', 'Под стеклянным куполом', 'Мир, в котором жила Сольвейг, был серым и пыльным. Когда-то давно, по рассказам стариков, землю покрывали леса и луга, повсюду росли цветы и деревья, а воздух был напоён ароматом трав. Но что-то случилось — большая беда, о которой теперь помнили смутно, — и зелень почти исчезла с лица земли. Остались пыль, камень и серое небо.

Почти исчезла — но не совсем. Потому что был сад. Последний живой сад под огромным стеклянным куполом, который выстроили ещё те, кто помнил прежний мир. И была Сольвейг — его хранительница, последняя в долгой череде тех, кто берёг этот сад из поколения в поколение.

Сад был невелик — несколько десятков деревьев, грядки с травами и овощами, цветы, ручеёк, бережно пущенный по кругу. Но это было всё, что осталось от живой земли. Под куполом дышала зелень, пели немногие уцелевшие птицы, гудели драгоценные пчёлы. Снаружи простиралась серая пустошь. Внутри теплилась жизнь.

Сольвейг отдавала саду всю себя. Она поливала каждое растение водой, которую приходилось добывать с огромным трудом. Опыляла цветы вручную, когда не хватало пчёл. Берегла каждое семечко как величайшую драгоценность — ведь это были последние семена живых растений на земле. Чинила купол, latала трещины, через которые пробиралась снаружи мёртвая пыль.

Люди из окрестных поселений приходили иногда посмотреть на сад — как на чудо, как на святыню. Они стояли у стеклянных стен и смотрели на зелень с тоской и благоговением, будто на что-то невозможное. Для них сад был памятником утраченного мира, напоминанием о том, что когда-то земля была живой.

В этом и состояла разница между Сольвейг и теми, кто приходил полюбоваться садом. Для гостей он был обращён в прошлое — памятником утраченному, музеем того, что было и больше не будет. А для хранительницы сад был обращён в будущее. Она берегла не воспоминание, а семя; не оплакивала погибший мир, а готовила его возрождение. Эта разница казалась тонкой, но меняла всё. Можно хранить последнее как реликвию, печально и безнадёжно, — а можно как обещание, с верой и трудом. Сольвейг выбрала второе, как выбирали все хранительницы до неё, и эта вера придавала смысл каждому её дню под стеклянным куполом, среди последней зелени оскудевшего мира. И эта вера, передаваемая от хранительницы к хранительнице вместе с заботой о саде, была, пожалуй, даже важнее самих растений, ибо без неё сад давно превратился бы в красивую могилу, а с нею оставался живым обещанием.

Но Сольвейг видела в саду не памятник. Она видела в нём обещание. Ибо хранительницы берегли этот сад не просто как последний уголок зелени — они берегли его как семя будущего. Как надежду на то, что однажды земля оживёт вновь, и тогда из этого сада, из его бережно сохранённых семян, зелень снова разойдётся по всему миру. Сольвейг хранила не растения. Она хранила саму возможность возрождения.',
        'Под стеклянным куполом', 'Мир, в котором жила Сольвейг, был серым и пыльным. Когда-то давно, по рассказам стариков, землю покрывали леса и луга, повсюду росли цветы и деревья, а воздух был напоён ароматом трав. Но что-то случилось — большая беда, о которой теперь помнили смутно, — и зелень почти исчезла с лица земли. Остались пыль, камень и серое небо.

Почти исчезла — но не совсем. Потому что был сад. Последний живой сад под огромным стеклянным куполом, который выстроили ещё те, кто помнил прежний мир. И была Сольвейг — его хранительница, последняя в долгой череде тех, кто берёг этот сад из поколения в поколение.

Сад был невелик — несколько десятков деревьев, грядки с травами и овощами, цветы, ручеёк, бережно пущенный по кругу. Но это было всё, что осталось от живой земли. Под куполом дышала зелень, пели немногие уцелевшие птицы, гудели драгоценные пчёлы. Снаружи простиралась серая пустошь. Внутри теплилась жизнь.

Сольвейг отдавала саду всю себя. Она поливала каждое растение водой, которую приходилось добывать с огромным трудом. Опыляла цветы вручную, когда не хватало пчёл. Берегла каждое семечко как величайшую драгоценность — ведь это были последние семена живых растений на земле. Чинила купол, latала трещины, через которые пробиралась снаружи мёртвая пыль.

Люди из окрестных поселений приходили иногда посмотреть на сад — как на чудо, как на святыню. Они стояли у стеклянных стен и смотрели на зелень с тоской и благоговением, будто на что-то невозможное. Для них сад был памятником утраченного мира, напоминанием о том, что когда-то земля была живой.

В этом и состояла разница между Сольвейг и теми, кто приходил полюбоваться садом. Для гостей он был обращён в прошлое — памятником утраченному, музеем того, что было и больше не будет. А для хранительницы сад был обращён в будущее. Она берегла не воспоминание, а семя; не оплакивала погибший мир, а готовила его возрождение. Эта разница казалась тонкой, но меняла всё. Можно хранить последнее как реликвию, печально и безнадёжно, — а можно как обещание, с верой и трудом. Сольвейг выбрала второе, как выбирали все хранительницы до неё, и эта вера придавала смысл каждому её дню под стеклянным куполом, среди последней зелени оскудевшего мира. И эта вера, передаваемая от хранительницы к хранительнице вместе с заботой о саде, была, пожалуй, даже важнее самих растений, ибо без неё сад давно превратился бы в красивую могилу, а с нею оставался живым обещанием.

Но Сольвейг видела в саду не памятник. Она видела в нём обещание. Ибо хранительницы берегли этот сад не просто как последний уголок зелени — они берегли его как семя будущего. Как надежду на то, что однажды земля оживёт вновь, и тогда из этого сада, из его бережно сохранённых семян, зелень снова разойдётся по всему миру. Сольвейг хранила не растения. Она хранила саму возможность возрождения.', 'published', '2026-01-13T12:00:00+00:00', '2026-01-13T13:00:00+00:00');
    INSERT INTO chapters (id, story_id, title, content, draft_title, draft_content, status, created_at, updated_at) VALUES (
        'fbe4cd19-c761-582c-aeec-58b885a4bdb0', '4242d5bd-df8d-559d-87bf-5df8fb9097a8', 'Первый росток снаружи', 'Однажды Сольвейг заметила нечто, отчего сердце её замерло. Выйдя за пределы купола по делам, на безжизненной серой пустоши, в трещине между камнями, она увидела крошечный зелёный росток. Слабенький, чахлый — но живой. Растущий снаружи. Сам по себе. Без купола, без её заботы.

Это было невозможно. Снаружи ничего не росло уже поколения — земля была мертва, воздух отравлен пылью. И всё же росток пробивался, цепляясь за жизнь в трещине мёртвого камня.

Сольвейг опустилась на колени и долго смотрела на это маленькое чудо, боясь дышать. А потом её осенило. Она вспомнила: уже несколько лет, как небо стало чуть светлее, пыльные бури — реже, а дожди, прежде ядовитые, иногда выпадали почти чистыми. Земля, оказывается, медленно, незаметно исцелялась сама. Беда, погубившая зелень, понемногу отступала — за годы, за десятилетия, так медленно, что никто и не замечал.

И этот росток был первым вестником. Первым знаком, что мир готов оживать. Что время, которого ждали хранители сада из поколения в поколение, наконец приближается.

Сольвейг едва осмеливалась поверить в то, что видела. Поколения хранительниц жили и умирали, так и не дождавшись этого дня, передавая сад из рук в руки в чистой, ничем не подкреплённой вере, что земля однажды исцелится. Многие, должно быть, сомневались; многим, наверное, казалось, что они берегут зелень напрасно, что мир не оживёт никогда. И вот — крошечный росток в трещине мёртвого камня, первый за поколения знак, что вера их была не пустой. У Сольвейг закружилась голова от величия этого мгновения. Она стояла на пороге того самого будущего, ради которого хранили сад, — и понимала, что теперь всё зависит от того, хватит ли ей смелости действовать. Ведь одно дело — терпеливо беречь сокровище под защитой стекла, и совсем другое — решиться вынести его наружу, в суровый мир, рискуя потерять, ради призрачной ещё надежды на возрождение.

Сольвейг бережно отметила место и поспешила обратно под купол — не за инструментами, а за семенами. Если земля снаружи начала оживать, если на ней снова может расти зелень, — значит, настал час, ради которого хранили сад. Час, когда нужно начать возвращать жизнь из-под купола наружу, в большой мир.

Это было страшно. Семена были бесценны, их было мало, и каждое, посаженное снаружи и погибшее, — невосполнимая потеря. Безопаснее было хранить их под куполом, в сохранности, как хранили всегда. Но Сольвейг понимала: вечно хранить — значит превратить сад в красивую могилу, в музей того, что было. А хранители берегли его не для этого. Они берегли его для дня, когда семена можно будет вернуть земле. И этот день, кажется, настал.

Сольвейг набрала горсть драгоценных семян, вышла из-под купола и впервые в жизни опустилась на колени посреди серой пустоши, чтобы посадить живое — не в безопасности стекла, а в открытую, исцеляющуюся, ждущую землю.',
        'Первый росток снаружи', 'Однажды Сольвейг заметила нечто, отчего сердце её замерло. Выйдя за пределы купола по делам, на безжизненной серой пустоши, в трещине между камнями, она увидела крошечный зелёный росток. Слабенький, чахлый — но живой. Растущий снаружи. Сам по себе. Без купола, без её заботы.

Это было невозможно. Снаружи ничего не росло уже поколения — земля была мертва, воздух отравлен пылью. И всё же росток пробивался, цепляясь за жизнь в трещине мёртвого камня.

Сольвейг опустилась на колени и долго смотрела на это маленькое чудо, боясь дышать. А потом её осенило. Она вспомнила: уже несколько лет, как небо стало чуть светлее, пыльные бури — реже, а дожди, прежде ядовитые, иногда выпадали почти чистыми. Земля, оказывается, медленно, незаметно исцелялась сама. Беда, погубившая зелень, понемногу отступала — за годы, за десятилетия, так медленно, что никто и не замечал.

И этот росток был первым вестником. Первым знаком, что мир готов оживать. Что время, которого ждали хранители сада из поколения в поколение, наконец приближается.

Сольвейг едва осмеливалась поверить в то, что видела. Поколения хранительниц жили и умирали, так и не дождавшись этого дня, передавая сад из рук в руки в чистой, ничем не подкреплённой вере, что земля однажды исцелится. Многие, должно быть, сомневались; многим, наверное, казалось, что они берегут зелень напрасно, что мир не оживёт никогда. И вот — крошечный росток в трещине мёртвого камня, первый за поколения знак, что вера их была не пустой. У Сольвейг закружилась голова от величия этого мгновения. Она стояла на пороге того самого будущего, ради которого хранили сад, — и понимала, что теперь всё зависит от того, хватит ли ей смелости действовать. Ведь одно дело — терпеливо беречь сокровище под защитой стекла, и совсем другое — решиться вынести его наружу, в суровый мир, рискуя потерять, ради призрачной ещё надежды на возрождение.

Сольвейг бережно отметила место и поспешила обратно под купол — не за инструментами, а за семенами. Если земля снаружи начала оживать, если на ней снова может расти зелень, — значит, настал час, ради которого хранили сад. Час, когда нужно начать возвращать жизнь из-под купола наружу, в большой мир.

Это было страшно. Семена были бесценны, их было мало, и каждое, посаженное снаружи и погибшее, — невосполнимая потеря. Безопаснее было хранить их под куполом, в сохранности, как хранили всегда. Но Сольвейг понимала: вечно хранить — значит превратить сад в красивую могилу, в музей того, что было. А хранители берегли его не для этого. Они берегли его для дня, когда семена можно будет вернуть земле. И этот день, кажется, настал.

Сольвейг набрала горсть драгоценных семян, вышла из-под купола и впервые в жизни опустилась на колени посреди серой пустоши, чтобы посадить живое — не в безопасности стекла, а в открытую, исцеляющуюся, ждущую землю.', 'published', '2026-01-14T12:00:00+00:00', '2026-01-14T13:00:00+00:00');
    INSERT INTO chapters (id, story_id, title, content, draft_title, draft_content, status, created_at, updated_at) VALUES (
        '22f78e0b-c7a5-571a-8e1a-72844c4f17c6', '4242d5bd-df8d-559d-87bf-5df8fb9097a8', 'Зелень возвращается', 'Первые посадки дались тяжело. Многие семена не взошли, многие ростки погибли, не выдержав ещё сурового мира снаружи. Сольвейг переживала каждую потерю, как утрату близкого. Но она не сдавалась — пробовала снова, искала места поплодороднее, приноравливалась, училась. И постепенно дело пошло.

Каждая удача давалась ценой многих неудач, и Сольвейг научилась не отчаиваться от потерь. Она поняла, что возрождение — не чудо, что свершается в одночасье, а труд, медленный и упрямый, требующий терпения целых поколений. Земля исцелялась не сразу, ростки гибли чаще, чем приживались, и легко было опустить руки. Но Сольвейг помнила, ради чего всё это, и каждый прижившийся росток снаружи был для неё дороже любого богатства — живым доказательством, что зелень способна вернуться в большой мир. Шаг за шагом, росток за ростком, она отвоёвывала у серой пустоши то, что когда-то у неё отняла беда. И пустошь, медленно, неохотно, отступала.

То тут, то там на серой пустоши вокруг купола стала пробиваться зелень. Сперва редкие, чахлые ростки. Потом — крепче, гуще. Земля, исцелявшаяся годами, принимала семена всё охотнее. Там, где Сольвейг сажала, начинала теплиться жизнь — медленно, трудно, но неотвратимо.

Люди из поселений сперва не верили своим глазам. Зелень — снаружи, без купола? Они приходили, смотрели на робкие ростки, пробивающиеся сквозь камень, и в их глазах загоралось то, чего они не знали поколениями, — надежда. А потом они стали помогать. Сольвейг учила их, как сажать, как ухаживать, как беречь молодые ростки. И вот уже не одна хранительница, а десятки, потом сотни рук возвращали зелень мёртвой земле.

Сад под куполом из последнего уголка жизни превратился в то, чем и должен был стать, — в источник, из которого жизнь растекалась обратно по миру. Сольвейг раздавала семена, делилась рассадой, учила людей. То, что поколения хранителей берегли под стеклом, наконец вернулось туда, откуда было взято, — в большой, оживающий мир.

Это не было быстрым чудом. Земля исцелялась медленно, зелень возвращалась трудно, и Сольвейг знала, что не доживёт до того дня, когда мир снова покроется лесами и лугами, как в рассказах стариков. На это уйдут поколения. Но начало было положено. Цепь, тянувшаяся через всех хранителей сада, привела наконец к этому дню — дню, ради которого они все берегли своё хрупкое сокровище.

Однажды вечером Сольвейг стояла на холме и смотрела на пустошь, что когда-то была сплошь серой, а теперь местами зеленела молодой порослью. И думала о всех хранителях, что были до неё, — о тех, кто берёг сад в самые тёмные времена, не видя никакой надежды, не зная, дождётся ли земля исцеления. Они хранили семена в чистой вере, что однажды придёт час их посеять. И этот час пришёл — в её руках.

— Мы дождались, — сказала она тихо, обращаясь ко всем, кто был до неё. — Слышите? Мы дождались. Земля ожила. И зелень возвращается домой. Спасибо, что сохранили её для этого дня. Дальше я понесу. А за мной — другие.

Ветер, тёплый и почти чистый, пробежал по молодой зелёной поросли, и Сольвейг показалось, что сама исцеляющаяся земля отвечает ей тихим, благодарным шелестом.',
        'Зелень возвращается', 'Первые посадки дались тяжело. Многие семена не взошли, многие ростки погибли, не выдержав ещё сурового мира снаружи. Сольвейг переживала каждую потерю, как утрату близкого. Но она не сдавалась — пробовала снова, искала места поплодороднее, приноравливалась, училась. И постепенно дело пошло.

Каждая удача давалась ценой многих неудач, и Сольвейг научилась не отчаиваться от потерь. Она поняла, что возрождение — не чудо, что свершается в одночасье, а труд, медленный и упрямый, требующий терпения целых поколений. Земля исцелялась не сразу, ростки гибли чаще, чем приживались, и легко было опустить руки. Но Сольвейг помнила, ради чего всё это, и каждый прижившийся росток снаружи был для неё дороже любого богатства — живым доказательством, что зелень способна вернуться в большой мир. Шаг за шагом, росток за ростком, она отвоёвывала у серой пустоши то, что когда-то у неё отняла беда. И пустошь, медленно, неохотно, отступала.

То тут, то там на серой пустоши вокруг купола стала пробиваться зелень. Сперва редкие, чахлые ростки. Потом — крепче, гуще. Земля, исцелявшаяся годами, принимала семена всё охотнее. Там, где Сольвейг сажала, начинала теплиться жизнь — медленно, трудно, но неотвратимо.

Люди из поселений сперва не верили своим глазам. Зелень — снаружи, без купола? Они приходили, смотрели на робкие ростки, пробивающиеся сквозь камень, и в их глазах загоралось то, чего они не знали поколениями, — надежда. А потом они стали помогать. Сольвейг учила их, как сажать, как ухаживать, как беречь молодые ростки. И вот уже не одна хранительница, а десятки, потом сотни рук возвращали зелень мёртвой земле.

Сад под куполом из последнего уголка жизни превратился в то, чем и должен был стать, — в источник, из которого жизнь растекалась обратно по миру. Сольвейг раздавала семена, делилась рассадой, учила людей. То, что поколения хранителей берегли под стеклом, наконец вернулось туда, откуда было взято, — в большой, оживающий мир.

Это не было быстрым чудом. Земля исцелялась медленно, зелень возвращалась трудно, и Сольвейг знала, что не доживёт до того дня, когда мир снова покроется лесами и лугами, как в рассказах стариков. На это уйдут поколения. Но начало было положено. Цепь, тянувшаяся через всех хранителей сада, привела наконец к этому дню — дню, ради которого они все берегли своё хрупкое сокровище.

Однажды вечером Сольвейг стояла на холме и смотрела на пустошь, что когда-то была сплошь серой, а теперь местами зеленела молодой порослью. И думала о всех хранителях, что были до неё, — о тех, кто берёг сад в самые тёмные времена, не видя никакой надежды, не зная, дождётся ли земля исцеления. Они хранили семена в чистой вере, что однажды придёт час их посеять. И этот час пришёл — в её руках.

— Мы дождались, — сказала она тихо, обращаясь ко всем, кто был до неё. — Слышите? Мы дождались. Земля ожила. И зелень возвращается домой. Спасибо, что сохранили её для этого дня. Дальше я понесу. А за мной — другие.

Ветер, тёплый и почти чистый, пробежал по молодой зелёной поросли, и Сольвейг показалось, что сама исцеляющаяся земля отвечает ей тихим, благодарным шелестом.', 'published', '2026-01-15T12:00:00+00:00', '2026-01-15T13:00:00+00:00');

    -- [50] Девочка и кит (originals)
    INSERT INTO stories (id, slug, title, status, author_id, ai_summary, created_at, updated_at) VALUES (
        'd959a7be-fe3e-5c6e-bab0-5ff8cdc17151', 'orig-devochka-i-kit', 'Девочка и кит', 'published', v_author_id, 'В городе на сваях, посреди бесконечного океана, девочка дружит с огромным старым китом. Когда взрослые решают, что кит мешает, ей предстоит доказать, что не всё в мире измеряется пользой.',
        '2026-01-11T12:00:00+00:00', '2026-03-31T08:00:00+00:00');
    INSERT INTO story_tags (story_id, tag_id) VALUES ('d959a7be-fe3e-5c6e-bab0-5ff8cdc17151', '10000001-0001-4001-8001-00000000000b');
    INSERT INTO story_tags (story_id, tag_id) VALUES ('d959a7be-fe3e-5c6e-bab0-5ff8cdc17151', '10000004-0004-4004-8004-000000000001');
    INSERT INTO story_tags (story_id, tag_id) VALUES ('d959a7be-fe3e-5c6e-bab0-5ff8cdc17151', '10000005-0005-4005-8005-000000000003');
    INSERT INTO story_tags (story_id, tag_id) VALUES ('d959a7be-fe3e-5c6e-bab0-5ff8cdc17151', '10000006-0006-4006-8006-000000000001');
    INSERT INTO story_tags (story_id, tag_id) VALUES ('d959a7be-fe3e-5c6e-bab0-5ff8cdc17151', '10000002-0002-4002-8002-000000000005');
    INSERT INTO story_tags (story_id, tag_id) VALUES ('d959a7be-fe3e-5c6e-bab0-5ff8cdc17151', '10000002-0002-4002-8002-000000000006');
    INSERT INTO chapters (id, story_id, title, content, draft_title, draft_content, status, created_at, updated_at) VALUES (
        'f03789ba-9d31-501b-804a-7c2f9d33471b', 'd959a7be-fe3e-5c6e-bab0-5ff8cdc17151', 'Город на сваях', 'Город Маранга стоял посреди бесконечного океана — на высоких сваях, вбитых в дно там, где когда-то, по преданиям, была суша. Жители давно забыли, что такое твёрдая земля. Их миром были деревянные мостки, качающиеся домики, лодки да вода во все стороны до самого горизонта.

Девочку звали Лани, и было ей десять. Как все дети Маранги, она выросла на воде, плавала раньше, чем научилась толком ходить, и не боялась океана. Но у Лани был секрет, какого не было ни у кого, — друг. Огромный, древний кит, что приплывал к городу каждое утро.

Кита звали — так его называла сама Лани — Старый Грот, за глубокий, гулкий голос, которым он пел в глубине. Он был невообразимо велик и невообразимо стар; старики говорили, что он плавал вокруг Маранги ещё во времена их прадедов. Лани познакомилась с ним случайно, упав однажды с мостков в воду, — кит мягко подтолкнул её к поверхности, спас. С тех пор они подружились.

Каждое утро Лани приплывала на своей маленькой лодке к краю города, и Старый Грот уже ждал её. Она рассказывала ему обо всём на свете — о своих радостях и обидах, о снах, о том, что видела и о чём мечтала. Кит слушал, поглядывая на неё огромным мудрым глазом, и иногда отвечал — низким, протяжным пением, от которого вода шла кругами, а у Лани теплело на сердце. Она не понимала слов в этом пении, но понимала что-то большее.

Для Лани Старый Грот был лучшим другом, мудрым старшим, хранителем её тайн. С ним она не чувствовала себя одинокой — а одиноко ей бывало часто, потому что другие дети не понимали тихую, мечтательную Лани, а взрослые вечно были заняты.

Старый Грот был для Лани не просто диковинным морским зверем — он был тем, кому она могла доверить всё, не боясь насмешки или непонимания. С людьми ей бывало трудно: сверстники считали её странной мечтательницей, а взрослые отмахивались от её фантазий. А кит слушал — по-настоящему, всем своим огромным существом, и в его древнем спокойствии Лани находила утешение, какого не находила больше нигде. Может быть, поэтому она и привязалась к нему так сильно. В мире, где её никто толком не понимал, гигантское существо из морской глубины стало ей ближе любого человека. И Лани платила ему той же безоглядной, чистой преданностью, на какую способны только дети.

Она и не подозревала, что её дружбе скоро будет грозить беда. Что взрослые Маранги, озабоченные своими взрослыми делами, однажды решат, что огромный старый кит, кружащий вокруг города, — это помеха. И что Лани придётся встать на защиту друга одной против всех — и доказать то, чего взрослые в своей деловитой слепоте никак не желали понять.',
        'Город на сваях', 'Город Маранга стоял посреди бесконечного океана — на высоких сваях, вбитых в дно там, где когда-то, по преданиям, была суша. Жители давно забыли, что такое твёрдая земля. Их миром были деревянные мостки, качающиеся домики, лодки да вода во все стороны до самого горизонта.

Девочку звали Лани, и было ей десять. Как все дети Маранги, она выросла на воде, плавала раньше, чем научилась толком ходить, и не боялась океана. Но у Лани был секрет, какого не было ни у кого, — друг. Огромный, древний кит, что приплывал к городу каждое утро.

Кита звали — так его называла сама Лани — Старый Грот, за глубокий, гулкий голос, которым он пел в глубине. Он был невообразимо велик и невообразимо стар; старики говорили, что он плавал вокруг Маранги ещё во времена их прадедов. Лани познакомилась с ним случайно, упав однажды с мостков в воду, — кит мягко подтолкнул её к поверхности, спас. С тех пор они подружились.

Каждое утро Лани приплывала на своей маленькой лодке к краю города, и Старый Грот уже ждал её. Она рассказывала ему обо всём на свете — о своих радостях и обидах, о снах, о том, что видела и о чём мечтала. Кит слушал, поглядывая на неё огромным мудрым глазом, и иногда отвечал — низким, протяжным пением, от которого вода шла кругами, а у Лани теплело на сердце. Она не понимала слов в этом пении, но понимала что-то большее.

Для Лани Старый Грот был лучшим другом, мудрым старшим, хранителем её тайн. С ним она не чувствовала себя одинокой — а одиноко ей бывало часто, потому что другие дети не понимали тихую, мечтательную Лани, а взрослые вечно были заняты.

Старый Грот был для Лани не просто диковинным морским зверем — он был тем, кому она могла доверить всё, не боясь насмешки или непонимания. С людьми ей бывало трудно: сверстники считали её странной мечтательницей, а взрослые отмахивались от её фантазий. А кит слушал — по-настоящему, всем своим огромным существом, и в его древнем спокойствии Лани находила утешение, какого не находила больше нигде. Может быть, поэтому она и привязалась к нему так сильно. В мире, где её никто толком не понимал, гигантское существо из морской глубины стало ей ближе любого человека. И Лани платила ему той же безоглядной, чистой преданностью, на какую способны только дети.

Она и не подозревала, что её дружбе скоро будет грозить беда. Что взрослые Маранги, озабоченные своими взрослыми делами, однажды решат, что огромный старый кит, кружащий вокруг города, — это помеха. И что Лани придётся встать на защиту друга одной против всех — и доказать то, чего взрослые в своей деловитой слепоте никак не желали понять.', 'published', '2026-01-11T12:00:00+00:00', '2026-01-11T13:00:00+00:00');
    INSERT INTO chapters (id, story_id, title, content, draft_title, draft_content, status, created_at, updated_at) VALUES (
        'e5f232f7-51ba-5b6c-9408-a6c535a6b247', 'd959a7be-fe3e-5c6e-bab0-5ff8cdc17151', 'Когда кит мешает', 'Беда пришла, когда в Марангу прибыли важные люди с проектом. Город рос, рыбы требовалось всё больше, и они задумали построить огромные рыболовные сети-ловушки на путях, где ходила рыба. Дело сулило богатство и сытость. Был лишь один изъян: пути эти пролегали как раз там, где плавал Старый Грот.

— Кит мешает, — заявили важные люди на городском совете. — Он распугивает рыбу, рвёт сети своей тушей, занимает место. От него одни убытки. Это всего лишь старое животное, а на кону — процветание города. Кита нужно отогнать. А если не уйдёт — что ж, придётся принять меры.

Взрослые слушали и кивали. Логика была проста и убедительна: польза города важнее одного кита. Что такое старое животное против сытости детей, против богатства Маранги? Никто и не подумал возразить. Кит был для них просто большой рыбой, помехой на пути к выгоде.

Никто, кроме Лани.

Девочка, услышав об этом, пришла в ужас. Они говорили о Старом Гроте — о её друге, мудром и добром, спасшем ей жизнь, — как о бревне, что мешает проплыть. Они не знали его. Не знали, как он поёт, как слушает, как смотрит своим древним глазом. Для них он был лишь убытком в их расчётах.

Лани попыталась говорить со взрослыми — но кто слушает десятилетнюю девочку на серьёзном совете? Её отмахнулись, как от глупого ребёнка. «Это всего лишь кит, Лани. Не выдумывай. У взрослых серьёзные дела».

И тогда Лани поняла, что защищать друга придётся ей одной. Что против холодной взрослой логики пользы и выгоды у неё есть лишь одно — правда о том, что Старый Грот не помеха и не убыток, а живое, чувствующее существо, древнее и мудрое, имеющее право на жизнь не меньше их всех. Вот только как доказать это тем, кто разучился видеть в мире что-либо, кроме пользы?

Лани приплыла к киту в тот вечер и, обняв его за огромный бок, расплакалась.

Лани прижималась к тёплому боку кита и чувствовала, как внутри поднимается не только страх, но и злость — на взрослых, что видели в её друге лишь помеху и убыток. Как они могли быть так слепы? Как могли смотреть на Старого Грота, древнего и мудрого, и видеть только большую рыбу, мешающую их сетям? Лани не понимала этой взрослой слепоты, что мерила всё живое одной лишь пользой. Но она понимала другое: если не она, то никто не вступится за кита. Все остальные согласно кивали на совете. Она была одна против всех — маленькая девочка против целого города деловитых, расчётливых взрослых. И всё же отступить она не могла.

— Они хотят тебя прогнать, — прошептала она. — Или хуже. Они не понимают, какой ты. Но я не дам тебя в обиду. Слышишь? Не дам. Я что-нибудь придумаю.

И Старый Грот тихо запел — будто утешая, будто веря в неё.',
        'Когда кит мешает', 'Беда пришла, когда в Марангу прибыли важные люди с проектом. Город рос, рыбы требовалось всё больше, и они задумали построить огромные рыболовные сети-ловушки на путях, где ходила рыба. Дело сулило богатство и сытость. Был лишь один изъян: пути эти пролегали как раз там, где плавал Старый Грот.

— Кит мешает, — заявили важные люди на городском совете. — Он распугивает рыбу, рвёт сети своей тушей, занимает место. От него одни убытки. Это всего лишь старое животное, а на кону — процветание города. Кита нужно отогнать. А если не уйдёт — что ж, придётся принять меры.

Взрослые слушали и кивали. Логика была проста и убедительна: польза города важнее одного кита. Что такое старое животное против сытости детей, против богатства Маранги? Никто и не подумал возразить. Кит был для них просто большой рыбой, помехой на пути к выгоде.

Никто, кроме Лани.

Девочка, услышав об этом, пришла в ужас. Они говорили о Старом Гроте — о её друге, мудром и добром, спасшем ей жизнь, — как о бревне, что мешает проплыть. Они не знали его. Не знали, как он поёт, как слушает, как смотрит своим древним глазом. Для них он был лишь убытком в их расчётах.

Лани попыталась говорить со взрослыми — но кто слушает десятилетнюю девочку на серьёзном совете? Её отмахнулись, как от глупого ребёнка. «Это всего лишь кит, Лани. Не выдумывай. У взрослых серьёзные дела».

И тогда Лани поняла, что защищать друга придётся ей одной. Что против холодной взрослой логики пользы и выгоды у неё есть лишь одно — правда о том, что Старый Грот не помеха и не убыток, а живое, чувствующее существо, древнее и мудрое, имеющее право на жизнь не меньше их всех. Вот только как доказать это тем, кто разучился видеть в мире что-либо, кроме пользы?

Лани приплыла к киту в тот вечер и, обняв его за огромный бок, расплакалась.

Лани прижималась к тёплому боку кита и чувствовала, как внутри поднимается не только страх, но и злость — на взрослых, что видели в её друге лишь помеху и убыток. Как они могли быть так слепы? Как могли смотреть на Старого Грота, древнего и мудрого, и видеть только большую рыбу, мешающую их сетям? Лани не понимала этой взрослой слепоты, что мерила всё живое одной лишь пользой. Но она понимала другое: если не она, то никто не вступится за кита. Все остальные согласно кивали на совете. Она была одна против всех — маленькая девочка против целого города деловитых, расчётливых взрослых. И всё же отступить она не могла.

— Они хотят тебя прогнать, — прошептала она. — Или хуже. Они не понимают, какой ты. Но я не дам тебя в обиду. Слышишь? Не дам. Я что-нибудь придумаю.

И Старый Грот тихо запел — будто утешая, будто веря в неё.', 'published', '2026-01-12T12:00:00+00:00', '2026-01-12T13:00:00+00:00');
    INSERT INTO chapters (id, story_id, title, content, draft_title, draft_content, status, created_at, updated_at) VALUES (
        '71af118f-db5b-5887-99ac-fbda36f53fb5', 'd959a7be-fe3e-5c6e-bab0-5ff8cdc17151', 'То, что важнее пользы', 'Лани придумала не сразу. Она была всего лишь ребёнком против целого совета взрослых, вооружённых расчётами и выгодой. Но у неё было то, чего не было у них, — она по-настоящему знала Старого Грота. И в этом знании она нашла свой ответ.

Лани не была сильной, не была взрослой, не умела убеждать словами так, как умели важные люди с их расчётами. Но у неё было то, чего не было у них, — она по-настоящему знала и любила Старого Грота, а любовь делает внимательным. Там, где взрослые видели лишь помеху, Лани, годами наблюдавшая за китом, видела живое существо со своими повадками, со своей ролью в жизни моря. И именно эта внимательность, рождённая любовью, подсказала ей разгадку, которую проглядели все деловитые умы города. Иногда, поняла Лани, чтобы увидеть правду, нужны не расчёты, а открытое, любящее сердце — оно замечает то, мимо чего скользит холодный взгляд выгоды.

Лани стала наблюдать за китом ещё внимательнее, чем прежде, — и заметила то, на что взрослые в своей деловитости не обращали внимания. Старый Грот не распугивал рыбу. Наоборот: там, где он плавал, рыба держалась гуще. Древний кит, кружа вокруг города поколениями, каким-то образом сгонял к Маранге рыбные косяки, перемешивал воду, удобрял её — Лани не знала учёных слов, но видела следствие. Рыба шла к городу из-за кита, а не вопреки ему.

Это было её доказательство. Но как заставить взрослых выслушать? Они не верили девочке на слово. И тогда Лани придумала хитрость. Она уговорила старого рыбака, единственного, кто относился к ней по-доброму, проверить уловы в разных местах — там, где плавал кит, и там, где его не было. Старик, посмеиваясь, согласился потешить ребёнка.

Результат поразил его самого. Там, где ходил Старый Грот, рыбы было втрое больше. Старый рыбак, человек опытный, сразу понял, что это значит. И на следующем городском совете, где должны были решить судьбу кита, он встал и рассказал о проверке — уже не как о детской выдумке, а как о факте, который не оспоришь.

Взрослые задумались. Выходило, что кит, которого они хотели прогнать как помеху, на деле и был причиной их рыбного богатства. Прогнать его означало не приобрести, а потерять. Холодная логика выгоды, на которой строился весь их план, вдруг обернулась против них самих.

— Вот видите, — сказала Лани, которой на этот раз дали слово. — Вы хотели прогнать его, потому что считали бесполезным. А он кормил весь город всё это время, просто вы не знали. Но я хочу сказать вам ещё одно. — Голос её окреп. — Даже если бы он не приносил никакой пользы — он всё равно имел бы право жить. Он живой. Он чувствует, думает, поёт. Он старше нашего города. Нельзя мерить всё на свете одной только пользой. Иначе однажды вы решите, что и тот, кто стар или слаб и не приносит выгоды, тоже мешает. А это страшно.',
        'То, что важнее пользы', 'Лани придумала не сразу. Она была всего лишь ребёнком против целого совета взрослых, вооружённых расчётами и выгодой. Но у неё было то, чего не было у них, — она по-настоящему знала Старого Грота. И в этом знании она нашла свой ответ.

Лани не была сильной, не была взрослой, не умела убеждать словами так, как умели важные люди с их расчётами. Но у неё было то, чего не было у них, — она по-настоящему знала и любила Старого Грота, а любовь делает внимательным. Там, где взрослые видели лишь помеху, Лани, годами наблюдавшая за китом, видела живое существо со своими повадками, со своей ролью в жизни моря. И именно эта внимательность, рождённая любовью, подсказала ей разгадку, которую проглядели все деловитые умы города. Иногда, поняла Лани, чтобы увидеть правду, нужны не расчёты, а открытое, любящее сердце — оно замечает то, мимо чего скользит холодный взгляд выгоды.

Лани стала наблюдать за китом ещё внимательнее, чем прежде, — и заметила то, на что взрослые в своей деловитости не обращали внимания. Старый Грот не распугивал рыбу. Наоборот: там, где он плавал, рыба держалась гуще. Древний кит, кружа вокруг города поколениями, каким-то образом сгонял к Маранге рыбные косяки, перемешивал воду, удобрял её — Лани не знала учёных слов, но видела следствие. Рыба шла к городу из-за кита, а не вопреки ему.

Это было её доказательство. Но как заставить взрослых выслушать? Они не верили девочке на слово. И тогда Лани придумала хитрость. Она уговорила старого рыбака, единственного, кто относился к ней по-доброму, проверить уловы в разных местах — там, где плавал кит, и там, где его не было. Старик, посмеиваясь, согласился потешить ребёнка.

Результат поразил его самого. Там, где ходил Старый Грот, рыбы было втрое больше. Старый рыбак, человек опытный, сразу понял, что это значит. И на следующем городском совете, где должны были решить судьбу кита, он встал и рассказал о проверке — уже не как о детской выдумке, а как о факте, который не оспоришь.

Взрослые задумались. Выходило, что кит, которого они хотели прогнать как помеху, на деле и был причиной их рыбного богатства. Прогнать его означало не приобрести, а потерять. Холодная логика выгоды, на которой строился весь их план, вдруг обернулась против них самих.

— Вот видите, — сказала Лани, которой на этот раз дали слово. — Вы хотели прогнать его, потому что считали бесполезным. А он кормил весь город всё это время, просто вы не знали. Но я хочу сказать вам ещё одно. — Голос её окреп. — Даже если бы он не приносил никакой пользы — он всё равно имел бы право жить. Он живой. Он чувствует, думает, поёт. Он старше нашего города. Нельзя мерить всё на свете одной только пользой. Иначе однажды вы решите, что и тот, кто стар или слаб и не приносит выгоды, тоже мешает. А это страшно.', 'published', '2026-01-13T12:00:00+00:00', '2026-01-13T13:00:00+00:00');
    INSERT INTO chapters (id, story_id, title, content, draft_title, draft_content, status, created_at, updated_at) VALUES (
        '8549dd5b-42a2-52a2-ad86-32ad0248d64f', 'd959a7be-fe3e-5c6e-bab0-5ff8cdc17151', 'Песня старого кита', 'Слова Лани — простые, детские, но безошибочно верные — заставили взрослых замолчать. В них была правда, которую они, поглощённые расчётами, давно перестали замечать. Что не всё в мире измеряется пользой. Что у живого есть право на жизнь само по себе, а не только пока оно выгодно.

Старого Грота оставили в покое. Более того — городской совет объявил кита покровителем Маранги и взял под защиту. Рыболовные ловушки поставили в стороне от его путей, чтобы не мешать ни ему, ни рыбе, которую он пригонял. А Лани, маленькую девочку, отстоявшую друга против целого совета взрослых, в городе стали уважать — и слушать, даже когда она говорила о вещах, которые взрослые в своей деловитости упускали.

Лани и сама не вполне сознавала, какое большое дело совершила в тот день. Она думала, что просто спасла друга, — а на самом деле напомнила целому городу взрослых о том, что они давно забыли. Что мир не сводится к пользе и выгоде. Что у живого есть ценность само по себе, безотносительно того, что с него можно получить. Эту простую истину взрослые, поглощённые своими расчётами, растеряли где-то по дороге во взрослую жизнь, — а маленькая девочка вернула её им одним своим упрямым заступничеством за старого кита. И, может быть, это было важнее даже, чем спасение самого Грота: ведь город, вспомнивший такое, становится добрее ко всему живому.

Но самым важным для Лани было не это. Самым важным было то, что её друг остался с ней. Каждое утро она по-прежнему приплывала на своей лодочке к краю города, и Старый Грот по-прежнему ждал её, и она рассказывала ему обо всём на свете, а он слушал, поглядывая мудрым древним глазом, и отвечал своим глубоким пением.

— Я отстояла тебя, — сказала ему Лани в то утро, когда всё кончилось благополучно. — Они хотели тебя прогнать, а теперь будут беречь. Знаешь, что было самое трудное? Заставить их понять, что ты — не бревно и не убыток. Что ты живой и важный сам по себе. Взрослые почему-то это забывают. Странные они.

Старый Грот качнулся в воде и запел — особенно глубоко, особенно тепло, и Лани почудилось в этом пении что-то похожее на благодарность. Вода шла широкими кругами, солнце играло на её поверхности, и весь бесконечный океан вокруг города на сваях, казалось, слушал песню старого кита.

Лани легла на дно лодочки, глядя в высокое небо, и слушала, как поёт её друг. Она была всего лишь маленькой девочкой в огромном мире воды. Но она сделала большое дело — отстояла право живого на жизнь там, где все видели лишь пользу да выгоду. И она знала: пока есть такие, как она, кто помнит, что не всё измеряется пользой, — в мире будет место и старым китам, и древним песням, и бескорыстной дружбе между девочкой и громадным добрым существом из глубины.

А Старый Грот всё пел и пел, и его древняя песня плыла над водой — песня о том, что самое ценное в мире как раз то, что нельзя измерить и взвесить. Лани слушала и улыбалась. Она поняла эту песню без слов. Как понимала её всегда.',
        'Песня старого кита', 'Слова Лани — простые, детские, но безошибочно верные — заставили взрослых замолчать. В них была правда, которую они, поглощённые расчётами, давно перестали замечать. Что не всё в мире измеряется пользой. Что у живого есть право на жизнь само по себе, а не только пока оно выгодно.

Старого Грота оставили в покое. Более того — городской совет объявил кита покровителем Маранги и взял под защиту. Рыболовные ловушки поставили в стороне от его путей, чтобы не мешать ни ему, ни рыбе, которую он пригонял. А Лани, маленькую девочку, отстоявшую друга против целого совета взрослых, в городе стали уважать — и слушать, даже когда она говорила о вещах, которые взрослые в своей деловитости упускали.

Лани и сама не вполне сознавала, какое большое дело совершила в тот день. Она думала, что просто спасла друга, — а на самом деле напомнила целому городу взрослых о том, что они давно забыли. Что мир не сводится к пользе и выгоде. Что у живого есть ценность само по себе, безотносительно того, что с него можно получить. Эту простую истину взрослые, поглощённые своими расчётами, растеряли где-то по дороге во взрослую жизнь, — а маленькая девочка вернула её им одним своим упрямым заступничеством за старого кита. И, может быть, это было важнее даже, чем спасение самого Грота: ведь город, вспомнивший такое, становится добрее ко всему живому.

Но самым важным для Лани было не это. Самым важным было то, что её друг остался с ней. Каждое утро она по-прежнему приплывала на своей лодочке к краю города, и Старый Грот по-прежнему ждал её, и она рассказывала ему обо всём на свете, а он слушал, поглядывая мудрым древним глазом, и отвечал своим глубоким пением.

— Я отстояла тебя, — сказала ему Лани в то утро, когда всё кончилось благополучно. — Они хотели тебя прогнать, а теперь будут беречь. Знаешь, что было самое трудное? Заставить их понять, что ты — не бревно и не убыток. Что ты живой и важный сам по себе. Взрослые почему-то это забывают. Странные они.

Старый Грот качнулся в воде и запел — особенно глубоко, особенно тепло, и Лани почудилось в этом пении что-то похожее на благодарность. Вода шла широкими кругами, солнце играло на её поверхности, и весь бесконечный океан вокруг города на сваях, казалось, слушал песню старого кита.

Лани легла на дно лодочки, глядя в высокое небо, и слушала, как поёт её друг. Она была всего лишь маленькой девочкой в огромном мире воды. Но она сделала большое дело — отстояла право живого на жизнь там, где все видели лишь пользу да выгоду. И она знала: пока есть такие, как она, кто помнит, что не всё измеряется пользой, — в мире будет место и старым китам, и древним песням, и бескорыстной дружбе между девочкой и громадным добрым существом из глубины.

А Старый Грот всё пел и пел, и его древняя песня плыла над водой — песня о том, что самое ценное в мире как раз то, что нельзя измерить и взвесить. Лани слушала и улыбалась. Она поняла эту песню без слов. Как понимала её всегда.', 'published', '2026-01-14T12:00:00+00:00', '2026-01-14T13:00:00+00:00');

END $$;
